floor1,prob_reach_floor1,prob_complete_after_floor1,floor1_2,prob_reach_floor1_2,prob_complete_after_floor1_2,floor1_2_3,prob_reach_floor1_2_3,prob_complete_after_floor1_2_3,total
523,0.01974,0.08629150947747892,981,0.00644,0.19647964118820407,1592,0.0238,0.21899,2284
551,0.16155,0.03331460167965405,1049,0.26321,0.01700275737287986,1603,0.03806,0.14832,2282
534,0.05189,0.06091394590388579,1013,0.05783,0.07540939284217735,1584,0.01658,0.26259,2262
536,0.06106,0.05697732347422706,1006,0.03861,0.09554993085534054,1621,0.07452,0.05634,2288
576,0.44744,0.011747786912034812,1048,0.25528,0.017838480289134952,1614,0.05764,0.07535,2271
557,0.2185,0.026395032339200188,1007,0.04063,0.09246325633583473,1560,0.00466,0.50116,2253
572,0.39549,0.014061912487180177,1021,0.08775,0.056391497217150824,1632,0.10714,0.03043,2289
538,0.07096,0.05323671603558189,1018,0.07534,0.0630458300748898,1596,0.02858,0.18432,2298
539,0.0761,0.05143823498767119,999,0.02487,0.11917618755716608,1558,0.0041,0.54556,2273
554,0.18839,0.029693104391855095,1011,0.05157,0.08081874884681862,1601,0.03517,0.15017,2273
531,0.04096,0.06719778406910007,985,0.00907,0.17725848744970762,1541,0.00157,0.68676,2278
566,0.32096,0.01824124976884551,1035,0.16101,0.03212146231626671,1615,0.05993,0.07469,2252
530,0.0376,0.06939593476131407,1037,0.17386,0.029466591423661984,1610,0.04996,0.09661,2287
538,0.07096,0.05323671603558189,1016,0.06817,0.06779621344538382,1612,0.05354,0.09518,2254
547,0.12872,0.03868136634169849,1039,0.18712,0.026990315091009055,1614,0.05764,0.07535,2291
580,0.49991,0.00976402823629927,1046,0.23955,0.019611729562087305,1633,0.11039,0.03012,2290
543,0.10059,0.044706911548009765,995,0.01934,0.13429188775212894,1566,0.00672,0.4501,2268
606,0.78087,0.002573432552474827,1069,0.44353,0.00597107587845638,1681,0.34828,0.00032,2296
569,0.35794,0.016038443474946016,1042,0.20902,0.02359281003833775,1568,0.00757,0.44727,2300
535,0.05631,0.05892080169059109,998,0.02347,0.12284409201506367,1576,0.01156,0.35135,2273
540,0.08175,0.049686717822517046,993,0.01686,0.14229463445134527,1623,0.07971,0.05545,2290
546,0.12178,0.040124136871326134,1013,0.05783,0.07540939284217735,1585,0.01732,0.26134,2250
523,0.01974,0.08629150947747892,1008,0.04292,0.08944736102149425,1567,0.00721,0.44869,2294
520,0.01473,0.09436879441500222,1013,0.05783,0.07540939284217735,1610,0.04996,0.09661,2297
568,0.34529,0.016746669887787072,1051,0.27966,0.015428342975656546,1610,0.04996,0.09661,2297
542,0.09414,0.04632176779604018,1018,0.07534,0.0630458300748898,1605,0.04109,0.12226,2297
535,0.05631,0.05892080169059109,975,0.00379,0.22738818989218357,1557,0.00387,0.54722,2282
561,0.26128,0.02246592359470571,1004,0.03443,0.10193759807570915,1565,0.00638,0.45153,2297
560,0.25009,0.023400241121207338,1024,0.10102,0.05028159602454126,1592,0.0238,0.21899,2299
557,0.2185,0.026395032339200188,1009,0.04574,0.08650170261383684,1593,0.0249,0.21777,2255
532,0.04445,0.06505180923841213,990,0.01341,0.1548546539760021,1555,0.00354,0.55038,2241
561,0.26128,0.02246592359470571,1040,0.19431,0.02581658229546258,1610,0.04996,0.09661,2277
563,0.28465,0.020688826938103186,1052,0.28807,0.014687773736555793,1613,0.05559,0.09458,2290
527,0.02903,0.07630927785866645,1009,0.04574,0.08650170261383684,1617,0.06427,0.07357,2289
546,0.12178,0.040124136871326134,1029,0.12621,0.04123986701645993,1597,0.02996,0.18339,2274
578,0.47397,0.010717032410449944,1032,0.14275,0.036456637893606626,1582,0.01517,0.30422,2289
584,0.54993,0.008072881715152068,1013,0.05783,0.07540939284217735,1596,0.02858,0.18432,2288
550,0.15284,0.03459713934790234,982,0.00715,0.19156813642141995,1566,0.00672,0.4501,2273
549,0.14405,0.035918613611004124,981,0.00644,0.19647964118820407,1570,0.00839,0.40158,2282
556,0.20823,0.027459700734093526,989,0.01249,0.1591890450684071,1537,0.00126,0.72583,2194
559,0.23891,0.024366041976868192,1023,0.09658,0.052259252547695964,1616,0.06214,0.07412,2278
578,0.47397,0.010717032410449944,1047,0.24744,0.01870781568664433,1567,0.00721,0.44869,2274
511,0.00498,0.1217505818874468,972,0.00288,0.2437300834521658,1613,0.05559,0.09458,2291
550,0.15284,0.03459713934790234,1045,0.23174,0.020551196931872136,1634,0.11384,0.02206,2291
514,0.00742,0.11208988336077408,994,0.01817,0.1382561561189221,1565,0.00638,0.45153,2297
534,0.05189,0.06091394590388579,1027,0.11571,0.044691132922913254,1569,0.00803,0.40304,2291
515,0.00819,0.10898906461665048,983,0.00772,0.186727058016664,1568,0.00757,0.44727,2280
550,0.15284,0.03459713934790234,1003,0.03234,0.1052394915244936,1540,0.00148,0.68798,2232
528,0.03161,0.07395111427328878,1008,0.04292,0.08944736102149425,1582,0.01517,0.30422,2269
578,0.47397,0.010717032410449944,1054,0.30487,0.013295312848719492,1588,0.01988,0.25758,2280
535,0.05631,0.05892080169059109,1000,0.02651,0.11558202443498841,1618,0.06664,0.07304,2285
555,0.19847,0.02855880920239285,1017,0.07172,0.06538904400863414,1572,0.00934,0.39839,2289
505,0.00208,0.14269829788659802,987,0.01072,0.16807804111208538,1530,0.00071,0.76669,2222
569,0.35794,0.016038443474946016,1058,0.34029,0.010840189450545663,1601,0.03517,0.15017,2283
530,0.0376,0.06939593476131407,977,0.00455,0.21681633205714562,1526,0.00051,0.80044,2243
530,0.0376,0.06939593476131407,983,0.00772,0.186727058016664,1544,0.00196,0.64544,2281
529,0.03456,0.07164685292425026,992,0.01566,0.14640728029505454,1673,0.29972,0.00105,2300
526,0.02635,0.07872188529824782,1033,0.14827,0.03496315836369797,1602,0.03672,0.14929,2284
609,0.80504,0.0021730418184042143,1027,0.11571,0.044691132922913254,1574,0.01028,0.35407,2291
503,0.00149,0.15016478838205044,951,0.00028,0.37168404174874053,1655,0.2015,0.00468,2292
554,0.18839,0.029693104391855095,1009,0.04574,0.08650170261383684,1605,0.04109,0.12226,2297
547,0.12872,0.03868136634169849,1015,0.06456,0.0702681444955853,1578,0.01261,0.34839,2291
541,0.0879,0.04798146475031506,967,0.00174,0.2721863629482276,1559,0.00431,0.50272,2281
573,0.40841,0.013450248207946344,1013,0.05783,0.07540939284217735,1540,0.00148,0.68798,2237
548,0.13618,0.03727977352224297,1030,0.13194,0.03959397670945989,1596,0.02858,0.18432,2288
553,0.17923,0.030863334842500444,1046,0.23955,0.019611729562087305,1613,0.05559,0.09458,2270
506,0.00245,0.13905581029067357,1005,0.03643,0.09870788939133658,1590,0.02181,0.22131,2297
550,0.15284,0.03459713934790234,1004,0.03443,0.10193759807570915,1568,0.00757,0.44727,2295
578,0.47397,0.010717032410449944,1017,0.07172,0.06538904400863414,1570,0.00839,0.40158,2292
583,0.53744,0.008470201416961448,1084,0.58607,0.002428400655974101,1545,0.00206,0.64414,2207
560,0.25009,0.023400241121207338,1060,0.35843,0.009763797601270337,1634,0.11384,0.02206,2286
574,0.4211,0.012861093778850353,1014,0.06089,0.0728056174696529,1605,0.04109,0.12226,2282
552,0.17029,0.032070250411118835,1004,0.03443,0.10193759807570915,1619,0.06906,0.05724,2286
557,0.2185,0.026395032339200188,1037,0.17386,0.029466591423661984,1594,0.02603,0.18643,2256
521,0.0161,0.09161922121937274,1002,0.03048,0.10861396516586448,1551,0.00281,0.5966,2238
589,0.60928,0.006317245791643184,1058,0.34029,0.010840189450545663,1585,0.01732,0.26134,2297
563,0.28465,0.020688826938103186,1040,0.19431,0.02581658229546258,1577,0.01217,0.34986,2294
516,0.00914,0.10594756054488934,1031,0.137,0.0379999045362687,1577,0.01217,0.34986,2299
542,0.09414,0.04632176779604018,998,0.02347,0.12284409201506367,1612,0.05354,0.09518,2279
552,0.17029,0.032070250411118835,1017,0.07172,0.06538904400863414,1582,0.01517,0.30422,2294
507,0.00278,0.13547385676804075,990,0.01341,0.1548546539760021,1548,0.00234,0.63986,2275
540,0.08175,0.049686717822517046,999,0.02487,0.11917618755716608,1521,0.00033,0.83168,2253
546,0.12178,0.040124136871326134,1038,0.18062,0.028206643168856644,1589,0.02083,0.22261,2286
561,0.26128,0.02246592359470571,1023,0.09658,0.052259252547695964,1580,0.0138,0.30675,2297
550,0.15284,0.03459713934790234,1008,0.04292,0.08944736102149425,1546,0.00215,0.64278,2298
541,0.0879,0.04798146475031506,1036,0.16724,0.030771188312560944,1582,0.01517,0.30422,2289
573,0.40841,0.013450248207946344,1039,0.18712,0.026990315091009055,1583,0.01589,0.30283,2280
559,0.23891,0.024366041976868192,1024,0.10102,0.05028159602454126,1597,0.02996,0.18339,2288
533,0.04794,0.06295740354060067,1052,0.28807,0.014687773736555793,1564,0.00602,0.45301,2259
555,0.19847,0.02855880920239285,1006,0.03861,0.09554993085534054,1535,0.00109,0.72837,2267
526,0.02635,0.07872188529824782,998,0.02347,0.12284409201506367,1601,0.03517,0.15017,2248
527,0.02903,0.07630927785866645,1029,0.12621,0.04123986701645993,1618,0.06664,0.07304,2298
540,0.08175,0.049686717822517046,1031,0.137,0.0379999045362687,1593,0.0249,0.21777,2290
569,0.35794,0.016038443474946016,1024,0.10102,0.05028159602454126,1623,0.07971,0.05545,2250
526,0.02635,0.07872188529824782,997,0.02202,0.12658592461451013,1590,0.02181,0.22131,2299
545,0.11433,0.04160882677707705,1015,0.06456,0.0702681444955853,1609,0.04831,0.09745,2251
533,0.04794,0.06295740354060067,1005,0.03643,0.09870788939133658,1575,0.01087,0.35256,2277
505,0.00208,0.14269829788659802,971,0.00265,0.2493023934405924,1527,0.00054,0.79927,2234
519,0.01327,0.0971760516042577,1014,0.06089,0.0728056174696529,1573,0.00987,0.39689,2285
511,0.00498,0.1217505818874468,1007,0.04063,0.09246325633583473,1591,0.02273,0.22018,2298
575,0.43402,0.01229381495080834,1037,0.17386,0.029466591423661984,1564,0.00602,0.45301,2286
575,0.43402,0.01229381495080834,1065,0.40597,0.007461855981476494,1650,0.1784,0.00699,2267
540,0.08175,0.049686717822517046,976,0.00413,0.22206934473661805,1589,0.02083,0.22261,2291
596,0.68657,0.004418103020890216,1067,0.42517,0.0066808097772857004,1615,0.05993,0.07469,2272
534,0.05189,0.06091394590388579,980,0.00587,0.20146093105263113,1567,0.00721,0.44869,2254
547,0.12872,0.03868136634169849,1030,0.13194,0.03959397670945989,1582,0.01517,0.30422,2294
534,0.05189,0.06091394590388579,974,0.00342,0.2327719264074534,1578,0.01261,0.34839,2270
569,0.35794,0.016038443474946016,1043,0.21624,0.02254074004536688,1609,0.04831,0.09745,2281
510,0.00442,0.12509087566847357,980,0.00587,0.20146093105263113,1536,0.00117,0.72714,2298
559,0.23891,0.024366041976868192,1046,0.23955,0.019611729562087305,1620,0.07165,0.05674,2282
569,0.35794,0.016038443474946016,1052,0.28807,0.014687773736555793,1611,0.05175,0.09602,2243
539,0.0761,0.05143823498767119,1024,0.10102,0.05028159602454126,1631,0.10398,0.03072,2268
504,0.00168,0.1464013056895814,967,0.00174,0.2721863629482276,1529,0.00064,0.76786,2216
525,0.02404,0.08118946001547649,993,0.01686,0.14229463445134527,1585,0.01732,0.26134,2287
558,0.22831,0.02536405982119202,1002,0.03048,0.10861396516586448,1560,0.00466,0.50116,2277
549,0.14405,0.035918613611004124,1022,0.09225,0.054295577168286355,1592,0.0238,0.21899,2279
523,0.01974,0.08629150947747892,977,0.00455,0.21681633205714562,1559,0.00431,0.50272,2256
559,0.23891,0.024366041976868192,1017,0.07172,0.06538904400863414,1603,0.03806,0.14832,2280
521,0.0161,0.09161922121937274,1005,0.03643,0.09870788939133658,1581,0.01451,0.30552,2293
579,0.48723,0.010231105352655197,1070,0.45363,0.0056412800981722406,1596,0.02858,0.18432,2293
568,0.34529,0.016746669887787072,1045,0.23174,0.020551196931872136,1619,0.06906,0.05724,2296
532,0.04445,0.06505180923841213,1005,0.03643,0.09870788939133658,1637,0.12475,0.02148,2294
597,0.69702,0.00419229688331081,1081,0.55807,0.002931299901753717,1622,0.07692,0.05587,2299
548,0.13618,0.03727977352224297,1026,0.11065,0.04649849945744893,1593,0.0249,0.21777,2270
537,0.06582,0.055082851815403844,977,0.00455,0.21681633205714562,1544,0.00196,0.64544,2291
564,0.29681,0.019844604932410845,1029,0.12621,0.04123986701645993,1526,0.00051,0.80044,2238
545,0.11433,0.04160882677707705,1015,0.06456,0.0702681444955853,1596,0.02858,0.18432,2273
545,0.11433,0.04160882677707705,1076,0.51073,0.003974272087997418,1630,0.10061,0.03094,2287
532,0.04445,0.06505180923841213,999,0.02487,0.11917618755716608,1596,0.02858,0.18432,2289
552,0.17029,0.032070250411118835,1017,0.07172,0.06538904400863414,1595,0.02733,0.18542,2277
517,0.01044,0.10296509556568054,1020,0.08342,0.058547921661033904,1590,0.02181,0.22131,2282
556,0.20823,0.027459700734093526,1027,0.11571,0.044691132922913254,1566,0.00672,0.4501,2293
562,0.27292,0.021562360252935793,1052,0.28807,0.014687773736555793,1588,0.01988,0.25758,2300
542,0.09414,0.04632176779604018,996,0.02071,0.1304018254689262,1602,0.03672,0.14929,2292
540,0.08175,0.049686717822517046,1015,0.06456,0.0702681444955853,1584,0.01658,0.26259,2298
592,0.64405,0.005430844522244422,1047,0.24744,0.01870781568664433,1652,0.18764,0.0068,2294
560,0.25009,0.023400241121207338,1025,0.1057,0.04836166477694992,1619,0.06906,0.05724,2291
556,0.20823,0.027459700734093526,1098,0.70348,0.0009528514990237798,1624,0.08242,0.04252,2256
555,0.19847,0.02855880920239285,1040,0.19431,0.02581658229546258,1624,0.08242,0.04252,2221
589,0.60928,0.006317245791643184,1020,0.08342,0.058547921661033904,1612,0.05354,0.09518,2284
549,0.14405,0.035918613611004124,1063,0.38694,0.00831980548062178,1624,0.08242,0.04252,2296
547,0.12872,0.03868136634169849,1052,0.28807,0.014687773736555793,1591,0.02273,0.22018,2287
568,0.34529,0.016746669887787072,1061,0.36767,0.009260510350224568,1637,0.12475,0.02148,2294
556,0.20823,0.027459700734093526,1010,0.04873,0.08362570274381714,1578,0.01261,0.34839,2285
564,0.29681,0.019844604932410845,996,0.02071,0.1304018254689262,1589,0.02083,0.22261,2266
571,0.38266,0.014696730070784928,1001,0.02824,0.11206137253379161,1586,0.01815,0.25989,2283
536,0.06106,0.05697732347422706,1056,0.32259,0.0120151125736146,1584,0.01658,0.26259,2291
546,0.12178,0.040124136871326134,1015,0.06456,0.0702681444955853,1611,0.05175,0.09602,2298
584,0.54993,0.008072881715152068,1065,0.40597,0.007461855981476494,1617,0.06427,0.07357,2294
540,0.08175,0.049686717822517046,1026,0.11065,0.04649849945744893,1571,0.00887,0.40015,2278
554,0.18839,0.029693104391855095,1002,0.03048,0.10861396516586448,1563,0.00557,0.49641,2280
549,0.14405,0.035918613611004124,990,0.01341,0.1548546539760021,1543,0.00177,0.68419,2270
550,0.15284,0.03459713934790234,981,0.00644,0.19647964118820407,1555,0.00354,0.55038,2247
548,0.13618,0.03727977352224297,991,0.01452,0.15059400098504225,1557,0.00387,0.54722,2284
528,0.03161,0.07395111427328878,997,0.02202,0.12658592461451013,1632,0.10714,0.03043,2275
599,0.71717,0.0037707641814722173,1085,0.59484,0.0022785811267563936,1647,0.16513,0.01063,2284
568,0.34529,0.016746669887787072,1034,0.15448,0.033518441913802946,1592,0.0238,0.21899,2289
554,0.18839,0.029693104391855095,1022,0.09225,0.054295577168286355,1553,0.00318,0.59378,2300
532,0.04445,0.06505180923841213,1006,0.03861,0.09554993085534054,1584,0.01658,0.26259,2298
586,0.57389,0.007325966490698255,1069,0.44353,0.00597107587845638,1589,0.02083,0.22261,2296
533,0.04794,0.06295740354060067,1015,0.06456,0.0702681444955853,1596,0.02858,0.18432,2248
568,0.34529,0.016746669887787072,1055,0.31345,0.012641622023954555,1569,0.00803,0.40304,2291
538,0.07096,0.05323671603558189,1034,0.15448,0.033518441913802946,1606,0.04289,0.12152,2288
547,0.12872,0.03868136634169849,1012,0.05445,0.07808020250936908,1588,0.01988,0.25758,2295
537,0.06582,0.055082851815403844,978,0.00487,0.21163004105402708,1584,0.01658,0.26259,2275
579,0.48723,0.010231105352655197,1014,0.06089,0.0728056174696529,1603,0.03806,0.14832,2285
553,0.17923,0.030863334842500444,1049,0.26321,0.01700275737287986,1585,0.01732,0.26134,2297
546,0.12178,0.040124136871326134,1008,0.04292,0.08944736102149425,1557,0.00387,0.54722,2269
520,0.01473,0.09436879441500222,986,0.00988,0.17263202146860682,1541,0.00157,0.68676,2293
584,0.54993,0.008072881715152068,1069,0.44353,0.00597107587845638,1627,0.09105,0.04152,2299
529,0.03456,0.07164685292425026,1016,0.06817,0.06779621344538382,1611,0.05175,0.09602,2296
559,0.23891,0.024366041976868192,1021,0.08775,0.056391497217150824,1591,0.02273,0.22018,2268
526,0.02635,0.07872188529824782,1014,0.06089,0.0728056174696529,1626,0.08809,0.04187,2298
616,0.85289,0.0014458687385174673,1077,0.51974,0.0037429791916296713,1629,0.09751,0.03124,2286
582,0.52505,0.008884135269011042,1065,0.40597,0.007461855981476494,1607,0.04463,0.12065,2293
529,0.03456,0.07164685292425026,997,0.02202,0.12658592461451013,1637,0.12475,0.02148,2299
563,0.28465,0.020688826938103186,1073,0.48204,0.004744553673608799,1580,0.0138,0.30675,2274
576,0.44744,0.011747786912034812,1015,0.06456,0.0702681444955853,1575,0.01087,0.35256,2287
584,0.54993,0.008072881715152068,1038,0.18062,0.028206643168856644,1620,0.07165,0.05674,2297
542,0.09414,0.04632176779604018,1065,0.40597,0.007461855981476494,1632,0.10714,0.03043,2299
541,0.0879,0.04798146475031506,1013,0.05783,0.07540939284217735,1578,0.01261,0.34839,2270
522,0.01782,0.08892693333344362,1011,0.05157,0.08081874884681862,1597,0.02996,0.18339,2269
537,0.06582,0.055082851815403844,1009,0.04574,0.08650170261383684,1547,0.00227,0.64148,2244
534,0.05189,0.06091394590388579,1009,0.04574,0.08650170261383684,1583,0.01589,0.30283,2260
532,0.04445,0.06505180923841213,989,0.01249,0.1591890450684071,1539,0.0014,0.68915,2276
526,0.02635,0.07872188529824782,1020,0.08342,0.058547921661033904,1549,0.00249,0.59962,2251
579,0.48723,0.010231105352655197,1044,0.22411,0.021527202107702995,1647,0.16513,0.01063,2264
571,0.38266,0.014696730070784928,1012,0.05445,0.07808020250936908,1571,0.00887,0.40015,2273
542,0.09414,0.04632176779604018,986,0.00988,0.17263202146860682,1572,0.00934,0.39839,2295
539,0.0761,0.05143823498767119,1014,0.06089,0.0728056174696529,1550,0.00265,0.59829,2272
550,0.15284,0.03459713934790234,1031,0.137,0.0379999045362687,1594,0.02603,0.18643,2286
537,0.06582,0.055082851815403844,1023,0.09658,0.052259252547695964,1533,0.00088,0.76307,2225
545,0.11433,0.04160882677707705,1017,0.07172,0.06538904400863414,1609,0.04831,0.09745,2281
563,0.28465,0.020688826938103186,1008,0.04292,0.08944736102149425,1611,0.05175,0.09602,2288
543,0.10059,0.044706911548009765,1016,0.06817,0.06779621344538382,1597,0.02996,0.18339,2279
562,0.27292,0.021562360252935793,1017,0.07172,0.06538904400863414,1631,0.10398,0.03072,2298
568,0.34529,0.016746669887787072,1040,0.19431,0.02581658229546258,1571,0.00887,0.40015,2183
575,0.43402,0.01229381495080834,1032,0.14275,0.036456637893606626,1607,0.04463,0.12065,2294
547,0.12872,0.03868136634169849,985,0.00907,0.17725848744970762,1586,0.01815,0.25989,2278
549,0.14405,0.035918613611004124,1017,0.07172,0.06538904400863414,1589,0.02083,0.22261,2296
560,0.25009,0.023400241121207338,1050,0.2711,0.016199693455265687,1612,0.05354,0.09518,2289
530,0.0376,0.06939593476131407,989,0.01249,0.1591890450684071,1615,0.05993,0.07469,2286
538,0.07096,0.05323671603558189,999,0.02487,0.11917618755716608,1594,0.02603,0.18643,2256
535,0.05631,0.05892080169059109,1028,0.12071,0.04293858582888829,1621,0.07452,0.05634,2294
510,0.00442,0.12509087566847357,987,0.01072,0.16807804111208538,1523,0.00038,0.82997,2250
528,0.03161,0.07395111427328878,1044,0.22411,0.021527202107702995,1567,0.00721,0.44869,2284
548,0.13618,0.03727977352224297,1002,0.03048,0.10861396516586448,1582,0.01517,0.30422,2284
551,0.16155,0.03331460167965405,1019,0.07951,0.060765740519281575,1607,0.04463,0.12065,2289
579,0.48723,0.010231105352655197,1050,0.2711,0.016199693455265687,1623,0.07971,0.05545,2285
552,0.17029,0.032070250411118835,1037,0.17386,0.029466591423661984,1619,0.06906,0.05724,2296
562,0.27292,0.021562360252935793,1038,0.18062,0.028206643168856644,1630,0.10061,0.03094,2282
583,0.53744,0.008470201416961448,1027,0.11571,0.044691132922913254,1619,0.06906,0.05724,2286
551,0.16155,0.03331460167965405,1022,0.09225,0.054295577168286355,1623,0.07971,0.05545,2295
570,0.37013,0.015355353368027631,1027,0.11571,0.044691132922913254,1562,0.00526,0.49791,2269
545,0.11433,0.04160882677707705,1004,0.03443,0.10193759807570915,1548,0.00234,0.63986,2290
538,0.07096,0.05323671603558189,963,0.00119,0.29596095314786397,1514,0.00015,0.86075,2256
555,0.19847,0.02855880920239285,1009,0.04574,0.08650170261383684,1617,0.06427,0.07357,2294
521,0.0161,0.09161922121937274,987,0.01072,0.16807804111208538,1576,0.01156,0.35135,2283
503,0.00149,0.15016478838205044,980,0.00587,0.20146093105263113,1526,0.00051,0.80044,2268
536,0.06106,0.05697732347422706,1004,0.03443,0.10193759807570915,1596,0.02858,0.18432,2263
541,0.0879,0.04798146475031506,992,0.01566,0.14640728029505454,1559,0.00431,0.50272,2296
570,0.37013,0.015355353368027631,1012,0.05445,0.07808020250936908,1606,0.04289,0.12152,2300
549,0.14405,0.035918613611004124,1029,0.12621,0.04123986701645993,1553,0.00318,0.59378,2290
504,0.00168,0.1464013056895814,998,0.02347,0.12284409201506367,1565,0.00638,0.45153,2277
562,0.27292,0.021562360252935793,1020,0.08342,0.058547921661033904,1608,0.04651,0.1199,2300
577,0.46064,0.01122239450243257,1022,0.09225,0.054295577168286355,1563,0.00557,0.49641,2285
546,0.12178,0.040124136871326134,1034,0.15448,0.033518441913802946,1608,0.04651,0.1199,2281
553,0.17923,0.030863334842500444,1006,0.03861,0.09554993085534054,1567,0.00721,0.44869,2259
540,0.08175,0.049686717822517046,994,0.01817,0.1382561561189221,1583,0.01589,0.30283,2250
534,0.05189,0.06091394590388579,1014,0.06089,0.0728056174696529,1603,0.03806,0.14832,2275
574,0.4211,0.012861093778850353,1063,0.38694,0.00831980548062178,1639,0.13244,0.01561,2296
533,0.04794,0.06295740354060067,1026,0.11065,0.04649849945744893,1563,0.00557,0.49641,2276
484,4e-05,0.23286213723941201,962,0.00105,0.30203345299501594,1549,0.00249,0.59962,2291
543,0.10059,0.044706911548009765,986,0.00988,0.17263202146860682,1558,0.0041,0.54556,2270
551,0.16155,0.03331460167965405,1018,0.07534,0.0630458300748898,1566,0.00672,0.4501,2293
563,0.28465,0.020688826938103186,1063,0.38694,0.00831980548062178,1655,0.2015,0.00468,2292
549,0.14405,0.035918613611004124,997,0.02202,0.12658592461451013,1616,0.06214,0.07412,2278
565,0.30876,0.019028981393071277,1021,0.08775,0.056391497217150824,1571,0.00887,0.40015,2273
532,0.04445,0.06505180923841213,1012,0.05445,0.07808020250936908,1660,0.22658,0.00305,2296
555,0.19847,0.02855880920239285,1023,0.09658,0.052259252547695964,1571,0.00887,0.40015,2248
547,0.12872,0.03868136634169849,987,0.01072,0.16807804111208538,1555,0.00354,0.55038,2252
576,0.44744,0.011747786912034812,1068,0.43436,0.006317367655770315,1611,0.05175,0.09602,2293
550,0.15284,0.03459713934790234,1012,0.05445,0.07808020250936908,1575,0.01087,0.35256,2297
539,0.0761,0.05143823498767119,988,0.01143,0.16359693617424872,1535,0.00109,0.72837,2287
534,0.05189,0.06091394590388579,1004,0.03443,0.10193759807570915,1582,0.01517,0.30422,2274
568,0.34529,0.016746669887787072,1059,0.34925,0.01029008864739369,1594,0.02603,0.18643,2291
568,0.34529,0.016746669887787072,1057,0.33146,0.01141491865803943,1573,0.00987,0.39689,2220
559,0.23891,0.024366041976868192,1036,0.16724,0.030771188312560944,1612,0.05354,0.09518,2249
581,0.51248,0.009315226305163953,1029,0.12621,0.04123986701645993,1541,0.00157,0.68676,2286
565,0.30876,0.019028981393071277,1010,0.04873,0.08362570274381714,1577,0.01217,0.34986,2299
554,0.18839,0.029693104391855095,1019,0.07951,0.060765740519281575,1572,0.00934,0.39839,2259
563,0.28465,0.020688826938103186,1064,0.39663,0.007880857771484921,1595,0.02733,0.18542,2239
558,0.22831,0.02536405982119202,1036,0.16724,0.030771188312560944,1594,0.02603,0.18643,2281
562,0.27292,0.021562360252935793,1042,0.20902,0.02359281003833775,1587,0.01894,0.25879,2299
537,0.06582,0.055082851815403844,994,0.01817,0.1382561561189221,1624,0.08242,0.04252,2291
546,0.12178,0.040124136871326134,1051,0.27966,0.015428342975656546,1575,0.01087,0.35256,2262
583,0.53744,0.008470201416961448,1031,0.137,0.0379999045362687,1582,0.01517,0.30422,2289
510,0.00442,0.12509087566847357,1012,0.05445,0.07808020250936908,1621,0.07452,0.05634,2294
564,0.29681,0.019844604932410845,996,0.02071,0.1304018254689262,1558,0.0041,0.54556,2300
565,0.30876,0.019028981393071277,1005,0.03643,0.09870788939133658,1594,0.02603,0.18643,2271
569,0.35794,0.016038443474946016,1036,0.16724,0.030771188312560944,1606,0.04289,0.12152,2298
594,0.66526,0.0049017507541073415,1065,0.40597,0.007461855981476494,1577,0.01217,0.34986,2289
534,0.05189,0.06091394590388579,989,0.01249,0.1591890450684071,1556,0.00369,0.54886,2233
552,0.17029,0.032070250411118835,1003,0.03234,0.1052394915244936,1557,0.00387,0.54722,2234
535,0.05631,0.05892080169059109,1007,0.04063,0.09246325633583473,1608,0.04651,0.1199,2245
557,0.2185,0.026395032339200188,1020,0.08342,0.058547921661033904,1578,0.01261,0.34839,2298
577,0.46064,0.01122239450243257,1027,0.11571,0.044691132922913254,1651,0.18274,0.00691,2288
538,0.07096,0.05323671603558189,1019,0.07951,0.060765740519281575,1587,0.01894,0.25879,2289
533,0.04794,0.06295740354060067,1005,0.03643,0.09870788939133658,1610,0.04996,0.09661,2282
531,0.04096,0.06719778406910007,1037,0.17386,0.029466591423661984,1571,0.00887,0.40015,2273
496,0.00047,0.1781919045355587,947,0.0002,0.3980345242726012,1579,0.01312,0.30817,2296
582,0.52505,0.008884135269011042,1043,0.21624,0.02254074004536688,1602,0.03672,0.14929,2289
556,0.20823,0.027459700734093526,1007,0.04063,0.09246325633583473,1621,0.07452,0.05634,2283
541,0.0879,0.04798146475031506,1021,0.08775,0.056391497217150824,1576,0.01156,0.35135,2298
544,0.1073,0.04313617389871418,1015,0.06456,0.0702681444955853,1602,0.03672,0.14929,2294
549,0.14405,0.035918613611004124,1021,0.08775,0.056391497217150824,1608,0.04651,0.1199,2265
548,0.13618,0.03727977352224297,1034,0.15448,0.033518441913802946,1625,0.08543,0.0422,2297
532,0.04445,0.06505180923841213,1001,0.02824,0.11206137253379161,1586,0.01815,0.25989,2288
546,0.12178,0.040124136871326134,1029,0.12621,0.04123986701645993,1598,0.03111,0.18239,2285
572,0.39549,0.014061912487180177,1042,0.20902,0.02359281003833775,1552,0.00299,0.5952,2294
561,0.26128,0.02246592359470571,1032,0.14275,0.036456637893606626,1597,0.02996,0.18339,2274
617,0.85942,0.0013620936879587928,1094,0.6715,0.0012570965809501667,1624,0.08242,0.04252,2296
554,0.18839,0.029693104391855095,1026,0.11065,0.04649849945744893,1590,0.02181,0.22131,2297
587,0.58627,0.006975338951615,1049,0.26321,0.01700275737287986,1620,0.07165,0.05674,2297
525,0.02404,0.08118946001547649,1009,0.04574,0.08650170261383684,1568,0.00757,0.44727,2275
540,0.08175,0.049686717822517046,998,0.02347,0.12284409201506367,1557,0.00387,0.54722,2299
577,0.46064,0.01122239450243257,1028,0.12071,0.04293858582888829,1616,0.06214,0.07412,2288
593,0.6548,0.005160406606828956,1062,0.37736,0.008779437321125563,1621,0.07452,0.05634,2283
515,0.00819,0.10898906461665048,978,0.00487,0.21163004105402708,1596,0.02858,0.18432,2273
532,0.04445,0.06505180923841213,1002,0.03048,0.10861396516586448,1572,0.00934,0.39839,2279
569,0.35794,0.016038443474946016,1044,0.22411,0.021527202107702995,1551,0.00281,0.5966,2268
534,0.05189,0.06091394590388579,1016,0.06817,0.06779621344538382,1654,0.19686,0.00473,2295
547,0.12872,0.03868136634169849,1032,0.14275,0.036456637893606626,1619,0.06906,0.05724,2300
568,0.34529,0.016746669887787072,1020,0.08342,0.058547921661033904,1615,0.05993,0.07469,2291
520,0.01473,0.09436879441500222,980,0.00587,0.20146093105263113,1497,3e-05,0.93696,2224
547,0.12872,0.03868136634169849,994,0.01817,0.1382561561189221,1633,0.11039,0.03012,2296
564,0.29681,0.019844604932410845,1009,0.04574,0.08650170261383684,1577,0.01217,0.34986,2279
565,0.30876,0.019028981393071277,1023,0.09658,0.052259252547695964,1579,0.01312,0.30817,2291
556,0.20823,0.027459700734093526,1012,0.05445,0.07808020250936908,1585,0.01732,0.26134,2297
565,0.30876,0.019028981393071277,1043,0.21624,0.02254074004536688,1618,0.06664,0.07304,2295
585,0.56178,0.00769164388903445,1055,0.31345,0.012641622023954555,1625,0.08543,0.0422,2292
520,0.01473,0.09436879441500222,999,0.02487,0.11917618755716608,1569,0.00803,0.40304,2276
562,0.27292,0.021562360252935793,1047,0.24744,0.01870781568664433,1603,0.03806,0.14832,2300
555,0.19847,0.02855880920239285,1012,0.05445,0.07808020250936908,1541,0.00157,0.68676,2248
538,0.07096,0.05323671603558189,999,0.02487,0.11917618755716608,1631,0.10398,0.03072,2298
564,0.29681,0.019844604932410845,1025,0.1057,0.04836166477694992,1567,0.00721,0.44869,2294
512,0.00565,0.11847043392722138,971,0.00265,0.2493023934405924,1598,0.03111,0.18239,2235
509,0.00385,0.1284914524482879,1002,0.03048,0.10861396516586448,1598,0.03111,0.18239,2270
519,0.01327,0.0971760516042577,980,0.00587,0.20146093105263113,1548,0.00234,0.63986,2270
533,0.04794,0.06295740354060067,1025,0.1057,0.04836166477694992,1627,0.09105,0.04152,2294
552,0.17029,0.032070250411118835,1026,0.11065,0.04649849945744893,1596,0.02858,0.18432,2293
542,0.09414,0.04632176779604018,1050,0.2711,0.016199693455265687,1594,0.02603,0.18643,2256
561,0.26128,0.02246592359470571,1048,0.25528,0.017838480289134952,1596,0.02858,0.18432,2283
524,0.02183,0.08371250648363102,1015,0.06456,0.0702681444955853,1615,0.05993,0.07469,2297
561,0.26128,0.02246592359470571,1038,0.18062,0.028206643168856644,1613,0.05559,0.09458,2295
539,0.0761,0.05143823498767119,1004,0.03443,0.10193759807570915,1582,0.01517,0.30422,2279
517,0.01044,0.10296509556568054,1009,0.04574,0.08650170261383684,1601,0.03517,0.15017,2298
536,0.06106,0.05697732347422706,1003,0.03234,0.1052394915244936,1564,0.00602,0.45301,2291
571,0.38266,0.014696730070784928,1069,0.44353,0.00597107587845638,1642,0.14447,0.01518,2284
524,0.02183,0.08371250648363102,1022,0.09225,0.054295577168286355,1580,0.0138,0.30675,2297
543,0.10059,0.044706911548009765,1018,0.07534,0.0630458300748898,1625,0.08543,0.0422,2297
547,0.12872,0.03868136634169849,997,0.02202,0.12658592461451013,1545,0.00206,0.64414,2277
537,0.06582,0.055082851815403844,1004,0.03443,0.10193759807570915,1596,0.02858,0.18432,2273
547,0.12872,0.03868136634169849,1016,0.06817,0.06779621344538382,1565,0.00638,0.45153,2287
501,0.00111,0.157872837837039,963,0.00119,0.29596095314786397,1537,0.00126,0.72583,2269
537,0.06582,0.055082851815403844,977,0.00455,0.21681633205714562,1627,0.09105,0.04152,2289
548,0.13618,0.03727977352224297,1006,0.03861,0.09554993085534054,1600,0.03362,0.15109,2282
506,0.00245,0.13905581029067357,988,0.01143,0.16359693617424872,1565,0.00638,0.45153,2282
532,0.04445,0.06505180923841213,981,0.00644,0.19647964118820407,1535,0.00109,0.72837,2252
527,0.02903,0.07630927785866645,994,0.01817,0.1382561561189221,1549,0.00249,0.59962,2221
529,0.03456,0.07164685292425026,979,0.00536,0.20651131130799644,1567,0.00721,0.44869,2279
525,0.02404,0.08118946001547649,997,0.02202,0.12658592461451013,1613,0.05559,0.09458,2275
526,0.02635,0.07872188529824782,1009,0.04574,0.08650170261383684,1561,0.00496,0.49948,2288
540,0.08175,0.049686717822517046,1038,0.18062,0.028206643168856644,1594,0.02603,0.18643,2286
506,0.00245,0.13905581029067357,1002,0.03048,0.10861396516586448,1573,0.00987,0.39689,2255
580,0.49991,0.00976402823629927,1091,0.64635,0.0015394527362411793,1678,0.32993,0.00057,2300
492,0.00023,0.1955090947935819,952,0.00032,0.36516680772409843,1577,0.01217,0.34986,2274
568,0.34529,0.016746669887787072,1007,0.04063,0.09246325633583473,1580,0.0138,0.30675,2252
539,0.0761,0.05143823498767119,1071,0.46316,0.00532734042695719,1650,0.1784,0.00699,2292
596,0.68657,0.004418103020890216,1079,0.53875,0.0033154296968215145,1598,0.03111,0.18239,2280
530,0.0376,0.06939593476131407,1010,0.04873,0.08362570274381714,1613,0.05559,0.09458,2295
567,0.33307,0.0174807101980228,1055,0.31345,0.012641622023954555,1678,0.32993,0.00057,2299
567,0.33307,0.0174807101980228,1016,0.06817,0.06779621344538382,1624,0.08242,0.04252,2296
553,0.17923,0.030863334842500444,1025,0.1057,0.04836166477694992,1619,0.06906,0.05724,2291
543,0.10059,0.044706911548009765,1061,0.36767,0.009260510350224568,1620,0.07165,0.05674,2282
549,0.14405,0.035918613611004124,1003,0.03234,0.1052394915244936,1585,0.01732,0.26134,2298
582,0.52505,0.008884135269011042,1061,0.36767,0.009260510350224568,1631,0.10398,0.03072,2293
508,0.00337,0.1319524201119132,935,7e-05,0.47875459718242586,1541,0.00157,0.68676,2253
574,0.4211,0.012861093778850353,1030,0.13194,0.03959397670945989,1577,0.01217,0.34986,2299
536,0.06106,0.05697732347422706,985,0.00907,0.17725848744970762,1621,0.07452,0.05634,2283
579,0.48723,0.010231105352655197,1047,0.24744,0.01870781568664433,1607,0.04463,0.12065,2292
542,0.09414,0.04632176779604018,1055,0.31345,0.012641622023954555,1613,0.05559,0.09458,2272
549,0.14405,0.035918613611004124,1013,0.05783,0.07540939284217735,1609,0.04831,0.09745,2266
591,0.63227,0.005713498573484295,1073,0.48204,0.004744553673608799,1600,0.03362,0.15109,2257
537,0.06582,0.055082851815403844,1048,0.25528,0.017838480289134952,1596,0.02858,0.18432,2293
531,0.04096,0.06719778406910007,984,0.00842,0.1819569959217331,1534,0.00096,0.72949,2241
537,0.06582,0.055082851815403844,965,0.00141,0.28396770626223383,1572,0.00934,0.39839,2284
550,0.15284,0.03459713934790234,1031,0.137,0.0379999045362687,1605,0.04109,0.12226,2297
527,0.02903,0.07630927785866645,1012,0.05445,0.07808020250936908,1596,0.02858,0.18432,2263
577,0.46064,0.01122239450243257,1058,0.34029,0.010840189450545663,1623,0.07971,0.05545,2265
532,0.04445,0.06505180923841213,1034,0.15448,0.033518441913802946,1580,0.0138,0.30675,2276
581,0.51248,0.009315226305163953,1030,0.13194,0.03959397670945989,1557,0.00387,0.54722,2289
522,0.01782,0.08892693333344362,987,0.01072,0.16807804111208538,1521,0.00033,0.83168,2228
580,0.49991,0.00976402823629927,1042,0.20902,0.02359281003833775,1632,0.10714,0.03043,2297
556,0.20823,0.027459700734093526,997,0.02202,0.12658592461451013,1520,0.00027,0.83244,2298
556,0.20823,0.027459700734093526,1045,0.23174,0.020551196931872136,1601,0.03517,0.15017,2288
508,0.00337,0.1319524201119132,989,0.01249,0.1591890450684071,1575,0.01087,0.35256,2297
534,0.05189,0.06091394590388579,1050,0.2711,0.016199693455265687,1537,0.00126,0.72583,2214
532,0.04445,0.06505180923841213,1030,0.13194,0.03959397670945989,1642,0.14447,0.01518,2279
561,0.26128,0.02246592359470571,1025,0.1057,0.04836166477694992,1656,0.20629,0.00462,2298
555,0.19847,0.02855880920239285,983,0.00772,0.186727058016664,1525,0.00047,0.80163,2297
544,0.1073,0.04313617389871418,1005,0.03643,0.09870788939133658,1608,0.04651,0.1199,2290
535,0.05631,0.05892080169059109,981,0.00644,0.19647964118820407,1611,0.05175,0.09602,2268
595,0.6764,0.004654453718105176,1058,0.34029,0.010840189450545663,1629,0.09751,0.03124,2296
543,0.10059,0.044706911548009765,998,0.02347,0.12284409201506367,1613,0.05559,0.09458,2300
565,0.30876,0.019028981393071277,1030,0.13194,0.03959397670945989,1579,0.01312,0.30817,2281
545,0.11433,0.04160882677707705,1027,0.11571,0.044691132922913254,1555,0.00354,0.55038,2297
544,0.1073,0.04313617389871418,987,0.01072,0.16807804111208538,1593,0.0249,0.21777,2300
550,0.15284,0.03459713934790234,1027,0.11571,0.044691132922913254,1613,0.05559,0.09458,2255
534,0.05189,0.06091394590388579,975,0.00379,0.22738818989218357,1522,0.00036,0.8308,2174
544,0.1073,0.04313617389871418,1001,0.02824,0.11206137253379161,1618,0.06664,0.07304,2290
534,0.05189,0.06091394590388579,1043,0.21624,0.02254074004536688,1597,0.02996,0.18339,2284
556,0.20823,0.027459700734093526,1022,0.09225,0.054295577168286355,1642,0.14447,0.01518,2299
545,0.11433,0.04160882677707705,1017,0.07172,0.06538904400863414,1580,0.0138,0.30675,2222
540,0.08175,0.049686717822517046,1043,0.21624,0.02254074004536688,1617,0.06427,0.07357,2269
583,0.53744,0.008470201416961448,1052,0.28807,0.014687773736555793,1589,0.02083,0.22261,2226
551,0.16155,0.03331460167965405,1028,0.12071,0.04293858582888829,1568,0.00757,0.44727,2289
543,0.10059,0.044706911548009765,1009,0.04574,0.08650170261383684,1592,0.0238,0.21899,2294
551,0.16155,0.03331460167965405,1023,0.09658,0.052259252547695964,1561,0.00496,0.49948,2298
528,0.03161,0.07395111427328878,1016,0.06817,0.06779621344538382,1581,0.01451,0.30552,2284
521,0.0161,0.09161922121937274,1038,0.18062,0.028206643168856644,1562,0.00526,0.49791,2254
550,0.15284,0.03459713934790234,1014,0.06089,0.0728056174696529,1605,0.04109,0.12226,2297
577,0.46064,0.01122239450243257,1035,0.16101,0.03212146231626671,1620,0.07165,0.05674,2297
564,0.29681,0.019844604932410845,1048,0.25528,0.017838480289134952,1616,0.06214,0.07412,2293
509,0.00385,0.1284914524482879,954,0.00043,0.3522296143951197,1532,0.00082,0.76421,2289
535,0.05631,0.05892080169059109,1012,0.05445,0.07808020250936908,1620,0.07165,0.05674,2287
579,0.48723,0.010231105352655197,1050,0.2711,0.016199693455265687,1617,0.06427,0.07357,2294
557,0.2185,0.026395032339200188,1013,0.05783,0.07540939284217735,1528,0.0006,0.79821,2260
566,0.32096,0.01824124976884551,989,0.01249,0.1591890450684071,1592,0.0238,0.21899,2299
611,0.81943,0.0019378238371522002,1119,0.8409,0.00019420858554123276,1646,0.16088,0.01074,2278
521,0.0161,0.09161922121937274,959,0.00075,0.3205363547882977,1536,0.00117,0.72714,2298
528,0.03161,0.07395111427328878,998,0.02347,0.12284409201506367,1598,0.03111,0.18239,2270
545,0.11433,0.04160882677707705,1001,0.02824,0.11206137253379161,1574,0.01028,0.35407,2296
594,0.66526,0.0049017507541073415,1036,0.16724,0.030771188312560944,1591,0.02273,0.22018,2243
574,0.4211,0.012861093778850353,1028,0.12071,0.04293858582888829,1619,0.06906,0.05724,2291
531,0.04096,0.06719778406910007,963,0.00119,0.29596095314786397,1531,0.00075,0.76548,2218
569,0.35794,0.016038443474946016,1057,0.33146,0.01141491865803943,1620,0.07165,0.05674,2297
554,0.18839,0.029693104391855095,1011,0.05157,0.08081874884681862,1597,0.02996,0.18339,2269
525,0.02404,0.08118946001547649,989,0.01249,0.1591890450684071,1597,0.02996,0.18339,2289
572,0.39549,0.014061912487180177,1014,0.06089,0.0728056174696529,1557,0.00387,0.54722,2274
553,0.17923,0.030863334842500444,1011,0.05157,0.08081874884681862,1596,0.02858,0.18432,2298
529,0.03456,0.07164685292425026,986,0.00988,0.17263202146860682,1544,0.00196,0.64544,2226
567,0.33307,0.0174807101980228,1025,0.1057,0.04836166477694992,1601,0.03517,0.15017,2273
541,0.0879,0.04798146475031506,1022,0.09225,0.054295577168286355,1566,0.00672,0.4501,2263
541,0.0879,0.04798146475031506,1030,0.13194,0.03959397670945989,1591,0.02273,0.22018,2283
539,0.0761,0.05143823498767119,1008,0.04292,0.08944736102149425,1604,0.0396,0.12314,2266
574,0.4211,0.012861093778850353,1001,0.02824,0.11206137253379161,1625,0.08543,0.0422,2282
559,0.23891,0.024366041976868192,1024,0.10102,0.05028159602454126,1648,0.16975,0.01055,2295
584,0.54993,0.008072881715152068,1032,0.14275,0.036456637893606626,1593,0.0249,0.21777,2250
549,0.14405,0.035918613611004124,1028,0.12071,0.04293858582888829,1598,0.03111,0.18239,2300
513,0.00662,0.11525026582437174,986,0.00988,0.17263202146860682,1648,0.16975,0.01055,2275
542,0.09414,0.04632176779604018,1004,0.03443,0.10193759807570915,1601,0.03517,0.15017,2253
528,0.03161,0.07395111427328878,985,0.00907,0.17725848744970762,1542,0.00171,0.68557,2274
573,0.40841,0.013450248207946344,1043,0.21624,0.02254074004536688,1620,0.07165,0.05674,2227
542,0.09414,0.04632176779604018,1034,0.15448,0.033518441913802946,1624,0.08242,0.04252,2286
513,0.00662,0.11525026582437174,972,0.00288,0.2437300834521658,1596,0.02858,0.18432,2293
569,0.35794,0.016038443474946016,1007,0.04063,0.09246325633583473,1590,0.02181,0.22131,2292
570,0.37013,0.015355353368027631,979,0.00536,0.20651131130799644,1563,0.00557,0.49641,2290
558,0.22831,0.02536405982119202,1018,0.07534,0.0630458300748898,1579,0.01312,0.30817,2296
572,0.39549,0.014061912487180177,1052,0.28807,0.014687773736555793,1586,0.01815,0.25989,2278
552,0.17029,0.032070250411118835,1051,0.27966,0.015428342975656546,1603,0.03806,0.14832,2280
586,0.57389,0.007325966490698255,1021,0.08775,0.056391497217150824,1578,0.01261,0.34839,2290
552,0.17029,0.032070250411118835,1035,0.16101,0.03212146231626671,1575,0.01087,0.35256,2277
542,0.09414,0.04632176779604018,1013,0.05783,0.07540939284217735,1599,0.03245,0.15219,2266
525,0.02404,0.08118946001547649,975,0.00379,0.22738818989218357,1544,0.00196,0.64544,2266
530,0.0376,0.06939593476131407,994,0.01817,0.1382561561189221,1583,0.01589,0.30283,2255
542,0.09414,0.04632176779604018,977,0.00455,0.21681633205714562,1595,0.02733,0.18542,2297
577,0.46064,0.01122239450243257,1064,0.39663,0.007880857771484921,1633,0.11039,0.03012,2285
567,0.33307,0.0174807101980228,1003,0.03234,0.1052394915244936,1606,0.04289,0.12152,2283
521,0.0161,0.09161922121937274,979,0.00536,0.20651131130799644,1530,0.00071,0.76669,2247
526,0.02635,0.07872188529824782,1005,0.03643,0.09870788939133658,1584,0.01658,0.26259,2266
542,0.09414,0.04632176779604018,1023,0.09658,0.052259252547695964,1586,0.01815,0.25989,2268
542,0.09414,0.04632176779604018,984,0.00842,0.1819569959217331,1564,0.00602,0.45301,2279
560,0.25009,0.023400241121207338,1036,0.16724,0.030771188312560944,1608,0.04651,0.1199,2265
564,0.29681,0.019844604932410845,1083,0.57685,0.002586848962137028,1636,0.12084,0.02166,2296
557,0.2185,0.026395032339200188,1017,0.07172,0.06538904400863414,1586,0.01815,0.25989,2278
541,0.0879,0.04798146475031506,1000,0.02651,0.11558202443498841,1534,0.00096,0.72949,2276
548,0.13618,0.03727977352224297,1081,0.55807,0.002931299901753717,1620,0.07165,0.05674,2297
514,0.00742,0.11208988336077408,962,0.00105,0.30203345299501594,1514,0.00015,0.86075,2246
524,0.02183,0.08371250648363102,1028,0.12071,0.04293858582888829,1605,0.04109,0.12226,2282
547,0.12872,0.03868136634169849,1039,0.18712,0.026990315091009055,1524,0.00039,0.80267,2271
532,0.04445,0.06505180923841213,998,0.02347,0.12284409201506367,1534,0.00096,0.72949,2226
538,0.07096,0.05323671603558189,1024,0.10102,0.05028159602454126,1588,0.01988,0.25758,2247
568,0.34529,0.016746669887787072,1017,0.07172,0.06538904400863414,1540,0.00148,0.68798,2297
525,0.02404,0.08118946001547649,987,0.01072,0.16807804111208538,1567,0.00721,0.44869,2269
537,0.06582,0.055082851815403844,966,0.00154,0.27804984797236265,1563,0.00557,0.49641,2215
576,0.44744,0.011747786912034812,1051,0.27966,0.015428342975656546,1634,0.11384,0.02206,2281
594,0.66526,0.0049017507541073415,1018,0.07534,0.0630458300748898,1616,0.06214,0.07412,2298
524,0.02183,0.08371250648363102,981,0.00644,0.19647964118820407,1582,0.01517,0.30422,2294
535,0.05631,0.05892080169059109,1018,0.07534,0.0630458300748898,1582,0.01517,0.30422,2294
575,0.43402,0.01229381495080834,1061,0.36767,0.009260510350224568,1615,0.05993,0.07469,2257
520,0.01473,0.09436879441500222,993,0.01686,0.14229463445134527,1552,0.00299,0.5952,2234
561,0.26128,0.02246592359470571,1018,0.07534,0.0630458300748898,1616,0.06214,0.07412,2278
510,0.00442,0.12509087566847357,967,0.00174,0.2721863629482276,1563,0.00557,0.49641,2280
557,0.2185,0.026395032339200188,1005,0.03643,0.09870788939133658,1598,0.03111,0.18239,2295
559,0.23891,0.024366041976868192,1009,0.04574,0.08650170261383684,1610,0.04996,0.09661,2292
552,0.17029,0.032070250411118835,1026,0.11065,0.04649849945744893,1603,0.03806,0.14832,2225
542,0.09414,0.04632176779604018,1053,0.29628,0.013977066150965391,1558,0.0041,0.54556,2251
574,0.4211,0.012861093778850353,1022,0.09225,0.054295577168286355,1613,0.05559,0.09458,2285
518,0.01168,0.10004136818048,994,0.01817,0.1382561561189221,1560,0.00466,0.50116,2283
554,0.18839,0.029693104391855095,1017,0.07172,0.06538904400863414,1554,0.00333,0.55197,2296
546,0.12178,0.040124136871326134,1025,0.1057,0.04836166477694992,1607,0.04463,0.12065,2289
547,0.12872,0.03868136634169849,977,0.00455,0.21681633205714562,1535,0.00109,0.72837,2287
579,0.48723,0.010231105352655197,1085,0.59484,0.0022785811267563936,1644,0.15276,0.011,2291
523,0.01974,0.08629150947747892,958,0.0006,0.32679388198607784,1526,0.00051,0.80044,2223
516,0.00914,0.10594756054488934,984,0.00842,0.1819569959217331,1553,0.00318,0.59378,2300
527,0.02903,0.07630927785866645,937,8e-05,0.46521773458796734,1583,0.01589,0.30283,2270
531,0.04096,0.06719778406910007,1047,0.24744,0.01870781568664433,1627,0.09105,0.04152,2294
566,0.32096,0.01824124976884551,1072,0.47243,0.0050286336073941534,1619,0.06906,0.05724,2291
522,0.01782,0.08892693333344362,1020,0.08342,0.058547921661033904,1565,0.00638,0.45153,2297
551,0.16155,0.03331460167965405,1002,0.03048,0.10861396516586448,1599,0.03245,0.15219,2276
542,0.09414,0.04632176779604018,1009,0.04574,0.08650170261383684,1615,0.05993,0.07469,2292
569,0.35794,0.016038443474946016,1040,0.19431,0.02581658229546258,1583,0.01589,0.30283,2295
536,0.06106,0.05697732347422706,973,0.00304,0.23821956795561378,1508,0.0001,0.90257,2170
578,0.47397,0.010717032410449944,1001,0.02824,0.11206137253379161,1552,0.00299,0.5952,2254
560,0.25009,0.023400241121207338,1056,0.32259,0.0120151125736146,1618,0.06664,0.07304,2276
597,0.69702,0.00419229688331081,1104,0.74808,0.0006193303331423171,1627,0.09105,0.04152,2299
566,0.32096,0.01824124976884551,1010,0.04873,0.08362570274381714,1558,0.0041,0.54556,2280
508,0.00337,0.1319524201119132,968,0.00194,0.266378594648863,1571,0.00887,0.40015,2283
535,0.05631,0.05892080169059109,988,0.01143,0.16359693617424872,1539,0.0014,0.68915,2281
593,0.6548,0.005160406606828956,1060,0.35843,0.009763797601270337,1588,0.01988,0.25758,2300
545,0.11433,0.04160882677707705,1013,0.05783,0.07540939284217735,1578,0.01261,0.34839,2292
525,0.02404,0.08118946001547649,979,0.00536,0.20651131130799644,1571,0.00887,0.40015,2293
555,0.19847,0.02855880920239285,1045,0.23174,0.020551196931872136,1657,0.21127,0.00456,2299
553,0.17923,0.030863334842500444,989,0.01249,0.1591890450684071,1598,0.03111,0.18239,2290
523,0.01974,0.08629150947747892,1007,0.04063,0.09246325633583473,1580,0.0138,0.30675,2226
562,0.27292,0.021562360252935793,1021,0.08775,0.056391497217150824,1615,0.05993,0.07469,2242
551,0.16155,0.03331460167965405,1007,0.04063,0.09246325633583473,1550,0.00265,0.59829,2237
548,0.13618,0.03727977352224297,1046,0.23955,0.019611729562087305,1595,0.02733,0.18542,2257
550,0.15284,0.03459713934790234,1047,0.24744,0.01870781568664433,1600,0.03362,0.15109,2297
532,0.04445,0.06505180923841213,991,0.01452,0.15059400098504225,1520,0.00027,0.83244,2227
578,0.47397,0.010717032410449944,1070,0.45363,0.0056412800981722406,1620,0.07165,0.05674,2287
572,0.39549,0.014061912487180177,1035,0.16101,0.03212146231626671,1590,0.02181,0.22131,2242
526,0.02635,0.07872188529824782,988,0.01143,0.16359693617424872,1592,0.0238,0.21899,2299
535,0.05631,0.05892080169059109,1008,0.04292,0.08944736102149425,1590,0.02181,0.22131,2277
556,0.20823,0.027459700734093526,1021,0.08775,0.056391497217150824,1604,0.0396,0.12314,2261
571,0.38266,0.014696730070784928,1072,0.47243,0.0050286336073941534,1633,0.11039,0.03012,2285
561,0.26128,0.02246592359470571,1036,0.16724,0.030771188312560944,1572,0.00934,0.39839,2299
548,0.13618,0.03727977352224297,1010,0.04873,0.08362570274381714,1595,0.02733,0.18542,2268
572,0.39549,0.014061912487180177,1062,0.37736,0.008779437321125563,1636,0.12084,0.02166,2298
526,0.02635,0.07872188529824782,978,0.00487,0.21163004105402708,1547,0.00227,0.64148,2299
570,0.37013,0.015355353368027631,1011,0.05157,0.08081874884681862,1594,0.02603,0.18643,2246
566,0.32096,0.01824124976884551,1047,0.24744,0.01870781568664433,1599,0.03245,0.15219,2295
560,0.25009,0.023400241121207338,1015,0.06456,0.0702681444955853,1575,0.01087,0.35256,2267
579,0.48723,0.010231105352655197,1026,0.11065,0.04649849945744893,1599,0.03245,0.15219,2296
593,0.6548,0.005160406606828956,1066,0.41513,0.007062075812130711,1632,0.10714,0.03043,2294
578,0.47397,0.010717032410449944,1030,0.13194,0.03959397670945989,1617,0.06427,0.07357,2299
532,0.04445,0.06505180923841213,983,0.00772,0.186727058016664,1604,0.0396,0.12314,2246
562,0.27292,0.021562360252935793,1025,0.1057,0.04836166477694992,1580,0.0138,0.30675,2292
571,0.38266,0.014696730070784928,1039,0.18712,0.026990315091009055,1623,0.07971,0.05545,2300
618,0.86548,0.0012826912553208956,1051,0.27966,0.015428342975656546,1613,0.05559,0.09458,2297
532,0.04445,0.06505180923841213,1054,0.30487,0.013295312848719492,1597,0.02996,0.18339,2294
520,0.01473,0.09436879441500222,977,0.00455,0.21681633205714562,1580,0.0138,0.30675,2267
589,0.60928,0.006317245791643184,1047,0.24744,0.01870781568664433,1606,0.04289,0.12152,2283
537,0.06582,0.055082851815403844,1020,0.08342,0.058547921661033904,1591,0.02273,0.22018,2253
551,0.16155,0.03331460167965405,1042,0.20902,0.02359281003833775,1624,0.08242,0.04252,2291
516,0.00914,0.10594756054488934,1008,0.04292,0.08944736102149425,1551,0.00281,0.5966,2243
559,0.23891,0.024366041976868192,1047,0.24744,0.01870781568664433,1578,0.01261,0.34839,2295
578,0.47397,0.010717032410449944,1052,0.28807,0.014687773736555793,1635,0.11729,0.02189,2272
558,0.22831,0.02536405982119202,996,0.02071,0.1304018254689262,1561,0.00496,0.49948,2283
532,0.04445,0.06505180923841213,961,0.00095,0.30815454978779394,1551,0.00281,0.5966,2228
536,0.06106,0.05697732347422706,997,0.02202,0.12658592461451013,1616,0.06214,0.07412,2288
563,0.28465,0.020688826938103186,1026,0.11065,0.04649849945744893,1609,0.04831,0.09745,2296
571,0.38266,0.014696730070784928,1034,0.15448,0.033518441913802946,1578,0.01261,0.34839,2295
602,0.74547,0.0032081105300560396,1069,0.44353,0.00597107587845638,1658,0.21626,0.00449,2300
563,0.28465,0.020688826938103186,1029,0.12621,0.04123986701645993,1606,0.04289,0.12152,2263
524,0.02183,0.08371250648363102,1004,0.03443,0.10193759807570915,1616,0.06214,0.07412,2293
530,0.0376,0.06939593476131407,997,0.02202,0.12658592461451013,1569,0.00803,0.40304,2261
568,0.34529,0.016746669887787072,1013,0.05783,0.07540939284217735,1595,0.02733,0.18542,2292
523,0.01974,0.08629150947747892,1057,0.33146,0.01141491865803943,1611,0.05175,0.09602,2288
560,0.25009,0.023400241121207338,1024,0.10102,0.05028159602454126,1589,0.02083,0.22261,2290
511,0.00498,0.1217505818874468,994,0.01817,0.1382561561189221,1567,0.00721,0.44869,2294
548,0.13618,0.03727977352224297,1012,0.05445,0.07808020250936908,1587,0.01894,0.25879,2264
521,0.0161,0.09161922121937274,990,0.01341,0.1548546539760021,1580,0.0138,0.30675,2247
561,0.26128,0.02246592359470571,1040,0.19431,0.02581658229546258,1581,0.01451,0.30552,2288
553,0.17923,0.030863334842500444,1033,0.14827,0.03496315836369797,1615,0.05993,0.07469,2287
515,0.00819,0.10898906461665048,978,0.00487,0.21163004105402708,1537,0.00126,0.72583,2284
517,0.01044,0.10296509556568054,986,0.00988,0.17263202146860682,1512,0.00011,0.88264,2279
524,0.02183,0.08371250648363102,990,0.01341,0.1548546539760021,1574,0.01028,0.35407,2271
567,0.33307,0.0174807101980228,1042,0.20902,0.02359281003833775,1656,0.20629,0.00462,2243
534,0.05189,0.06091394590388579,995,0.01934,0.13429188775212894,1596,0.02858,0.18432,2288
534,0.05189,0.06091394590388579,982,0.00715,0.19156813642141995,1566,0.00672,0.4501,2278
524,0.02183,0.08371250648363102,990,0.01341,0.1548546539760021,1621,0.07452,0.05634,2282
520,0.01473,0.09436879441500222,1025,0.1057,0.04836166477694992,1646,0.16088,0.01074,2293
534,0.05189,0.06091394590388579,1019,0.07951,0.060765740519281575,1565,0.00638,0.45153,2297
574,0.4211,0.012861093778850353,1058,0.34029,0.010840189450545663,1615,0.05993,0.07469,2257
548,0.13618,0.03727977352224297,1003,0.03234,0.1052394915244936,1572,0.00934,0.39839,2279
564,0.29681,0.019844604932410845,1020,0.08342,0.058547921661033904,1641,0.14046,0.01534,2288
552,0.17029,0.032070250411118835,1021,0.08775,0.056391497217150824,1606,0.04289,0.12152,2298
531,0.04096,0.06719778406910007,986,0.00988,0.17263202146860682,1583,0.01589,0.30283,2260
531,0.04096,0.06719778406910007,1018,0.07534,0.0630458300748898,1609,0.04831,0.09745,2296
545,0.11433,0.04160882677707705,988,0.01143,0.16359693617424872,1597,0.02996,0.18339,2294
531,0.04096,0.06719778406910007,1001,0.02824,0.11206137253379161,1550,0.00265,0.59829,2277
533,0.04794,0.06295740354060067,1009,0.04574,0.08650170261383684,1633,0.11039,0.03012,2290
519,0.01327,0.0971760516042577,1002,0.03048,0.10861396516586448,1564,0.00602,0.45301,2256
547,0.12872,0.03868136634169849,999,0.02487,0.11917618755716608,1584,0.01658,0.26259,2291
567,0.33307,0.0174807101980228,1023,0.09658,0.052259252547695964,1581,0.01451,0.30552,2288
541,0.0879,0.04798146475031506,1051,0.27966,0.015428342975656546,1591,0.02273,0.22018,2254
535,0.05631,0.05892080169059109,1032,0.14275,0.036456637893606626,1609,0.04831,0.09745,2277
547,0.12872,0.03868136634169849,1020,0.08342,0.058547921661033904,1542,0.00171,0.68557,2289
573,0.40841,0.013450248207946344,1051,0.27966,0.015428342975656546,1596,0.02858,0.18432,2273
549,0.14405,0.035918613611004124,1010,0.04873,0.08362570274381714,1617,0.06427,0.07357,2289
535,0.05631,0.05892080169059109,1005,0.03643,0.09870788939133658,1537,0.00126,0.72583,2224
550,0.15284,0.03459713934790234,1032,0.14275,0.036456637893606626,1618,0.06664,0.07304,2290
537,0.06582,0.055082851815403844,1006,0.03861,0.09554993085534054,1592,0.0238,0.21899,2284
570,0.37013,0.015355353368027631,1020,0.08342,0.058547921661033904,1565,0.00638,0.45153,2277
550,0.15284,0.03459713934790234,1038,0.18062,0.028206643168856644,1595,0.02733,0.18542,2292
528,0.03161,0.07395111427328878,1010,0.04873,0.08362570274381714,1601,0.03517,0.15017,2268
491,0.00021,0.19998290530061782,1007,0.04063,0.09246325633583473,1570,0.00839,0.40158,2242
537,0.06582,0.055082851815403844,1005,0.03643,0.09870788939133658,1567,0.00721,0.44869,2269
532,0.04445,0.06505180923841213,979,0.00536,0.20651131130799644,1516,0.00019,0.85899,2228
521,0.0161,0.09161922121937274,1046,0.23955,0.019611729562087305,1598,0.03111,0.18239,2250
549,0.14405,0.035918613611004124,990,0.01341,0.1548546539760021,1588,0.01988,0.25758,2295
572,0.39549,0.014061912487180177,1000,0.02651,0.11558202443498841,1609,0.04831,0.09745,2291
574,0.4211,0.012861093778850353,1037,0.17386,0.029466591423661984,1631,0.10398,0.03072,2273
577,0.46064,0.01122239450243257,1049,0.26321,0.01700275737287986,1553,0.00318,0.59378,2235
558,0.22831,0.02536405982119202,994,0.01817,0.1382561561189221,1536,0.00117,0.72714,2283
553,0.17923,0.030863334842500444,1074,0.49184,0.00447451131282928,1589,0.02083,0.22261,2261
534,0.05189,0.06091394590388579,1000,0.02651,0.11558202443498841,1570,0.00839,0.40158,2262
520,0.01473,0.09436879441500222,951,0.00028,0.37168404174874053,1528,0.0006,0.79821,2255
584,0.54993,0.008072881715152068,1052,0.28807,0.014687773736555793,1577,0.01217,0.34986,2269
595,0.6764,0.004654453718105176,1033,0.14827,0.03496315836369797,1593,0.0249,0.21777,2240
516,0.00914,0.10594756054488934,969,0.00217,0.2606278450050883,1539,0.0014,0.68915,2221
598,0.70717,0.0039766441460513165,1081,0.55807,0.002931299901753717,1632,0.10714,0.03043,2299
582,0.52505,0.008884135269011042,1024,0.10102,0.05028159602454126,1592,0.0238,0.21899,2289
553,0.17923,0.030863334842500444,1021,0.08775,0.056391497217150824,1590,0.02181,0.22131,2267
520,0.01473,0.09436879441500222,945,0.00018,0.41135248284901643,1508,0.0001,0.90257,2290
538,0.07096,0.05323671603558189,991,0.01452,0.15059400098504225,1614,0.05764,0.07535,2266
541,0.0879,0.04798146475031506,1024,0.10102,0.05028159602454126,1593,0.0249,0.21777,2275
522,0.01782,0.08892693333344362,1026,0.11065,0.04649849945744893,1562,0.00526,0.49791,2259
572,0.39549,0.014061912487180177,1018,0.07534,0.0630458300748898,1573,0.00987,0.39689,2275
549,0.14405,0.035918613611004124,1021,0.08775,0.056391497217150824,1521,0.00033,0.83168,2178
561,0.26128,0.02246592359470571,997,0.02202,0.12658592461451013,1555,0.00354,0.55038,2257
520,0.01473,0.09436879441500222,961,0.00095,0.30815454978779394,1568,0.00757,0.44727,2224
578,0.47397,0.010717032410449944,1093,0.66364,0.0013455970132501295,1604,0.0396,0.12314,2278
551,0.16155,0.03331460167965405,1007,0.04063,0.09246325633583473,1582,0.01517,0.30422,2299
542,0.09414,0.04632176779604018,1030,0.13194,0.03959397670945989,1624,0.08242,0.04252,2286
519,0.01327,0.0971760516042577,973,0.00304,0.23821956795561378,1628,0.09423,0.04108,2280
513,0.00662,0.11525026582437174,999,0.02487,0.11917618755716608,1611,0.05175,0.09602,2268
576,0.44744,0.011747786912034812,1055,0.31345,0.012641622023954555,1633,0.11039,0.03012,2295
535,0.05631,0.05892080169059109,993,0.01686,0.14229463445134527,1564,0.00602,0.45301,2241
521,0.0161,0.09161922121937274,984,0.00842,0.1819569959217331,1544,0.00196,0.64544,2266
555,0.19847,0.02855880920239285,1017,0.07172,0.06538904400863414,1610,0.04996,0.09661,2296
555,0.19847,0.02855880920239285,1050,0.2711,0.016199693455265687,1625,0.08543,0.0422,2272
538,0.07096,0.05323671603558189,1038,0.18062,0.028206643168856644,1600,0.03362,0.15109,2287
565,0.30876,0.019028981393071277,1010,0.04873,0.08362570274381714,1617,0.06427,0.07357,2294
511,0.00498,0.1217505818874468,986,0.00988,0.17263202146860682,1561,0.00496,0.49948,2296
550,0.15284,0.03459713934790234,997,0.02202,0.12658592461451013,1599,0.03245,0.15219,2286
544,0.1073,0.04313617389871418,1058,0.34029,0.010840189450545663,1620,0.07165,0.05674,2297
538,0.07096,0.05323671603558189,1023,0.09658,0.052259252547695964,1618,0.06664,0.07304,2268
587,0.58627,0.006975338951615,1053,0.29628,0.013977066150965391,1562,0.00526,0.49791,2299
536,0.06106,0.05697732347422706,1033,0.14827,0.03496315836369797,1626,0.08809,0.04187,2288
602,0.74547,0.0032081105300560396,1049,0.26321,0.01700275737287986,1600,0.03362,0.15109,2282
572,0.39549,0.014061912487180177,1003,0.03234,0.1052394915244936,1519,0.00024,0.83347,2261
548,0.13618,0.03727977352224297,1004,0.03443,0.10193759807570915,1629,0.09751,0.03124,2296
557,0.2185,0.026395032339200188,1044,0.22411,0.021527202107702995,1621,0.07452,0.05634,2293
550,0.15284,0.03459713934790234,1004,0.03443,0.10193759807570915,1605,0.04109,0.12226,2298
555,0.19847,0.02855880920239285,959,0.00075,0.3205363547882977,1502,5e-05,0.9212,2224
558,0.22831,0.02536405982119202,1043,0.21624,0.02254074004536688,1606,0.04289,0.12152,2298
540,0.08175,0.049686717822517046,977,0.00455,0.21681633205714562,1545,0.00206,0.64414,2287
597,0.69702,0.00419229688331081,1057,0.33146,0.01141491865803943,1637,0.12475,0.02148,2299
566,0.32096,0.01824124976884551,1045,0.23174,0.020551196931872136,1643,0.14841,0.01502,2295
574,0.4211,0.012861093778850353,1052,0.28807,0.014687773736555793,1607,0.04463,0.12065,2269
607,0.7891,0.0024332603853785295,1069,0.44353,0.00597107587845638,1590,0.02181,0.22131,2277
529,0.03456,0.07164685292425026,1011,0.05157,0.08081874884681862,1579,0.01312,0.30817,2276
540,0.08175,0.049686717822517046,972,0.00288,0.2437300834521658,1540,0.00148,0.68798,2227
558,0.22831,0.02536405982119202,1037,0.17386,0.029466591423661984,1555,0.00354,0.55038,2242
494,0.00031,0.18673405706935078,929,2e-05,0.519285992838305,1528,0.0006,0.79821,2290
569,0.35794,0.016038443474946016,1014,0.06089,0.0728056174696529,1564,0.00602,0.45301,2298
552,0.17029,0.032070250411118835,1017,0.07172,0.06538904400863414,1641,0.14046,0.01534,2288
535,0.05631,0.05892080169059109,1005,0.03643,0.09870788939133658,1590,0.02181,0.22131,2300
541,0.0879,0.04798146475031506,1000,0.02651,0.11558202443498841,1594,0.02603,0.18643,2291
587,0.58627,0.006975338951615,1070,0.45363,0.0056412800981722406,1602,0.03672,0.14929,2299
569,0.35794,0.016038443474946016,1004,0.03443,0.10193759807570915,1562,0.00526,0.49791,2289
578,0.47397,0.010717032410449944,1030,0.13194,0.03959397670945989,1571,0.00887,0.40015,2258
559,0.23891,0.024366041976868192,1011,0.05157,0.08081874884681862,1598,0.03111,0.18239,2270
596,0.68657,0.004418103020890216,1046,0.23955,0.019611729562087305,1608,0.04651,0.1199,2285
519,0.01327,0.0971760516042577,978,0.00487,0.21163004105402708,1559,0.00431,0.50272,2271
556,0.20823,0.027459700734093526,1023,0.09658,0.052259252547695964,1603,0.03806,0.14832,2296
568,0.34529,0.016746669887787072,1003,0.03234,0.1052394915244936,1580,0.0138,0.30675,2252
535,0.05631,0.05892080169059109,1023,0.09658,0.052259252547695964,1608,0.04651,0.1199,2270
573,0.40841,0.013450248207946344,1058,0.34029,0.010840189450545663,1618,0.06664,0.07304,2300
543,0.10059,0.044706911548009765,1005,0.03643,0.09870788939133658,1567,0.00721,0.44869,2294
574,0.4211,0.012861093778850353,1041,0.20127,0.024684419878608425,1595,0.02733,0.18542,2267
548,0.13618,0.03727977352224297,961,0.00095,0.30815454978779394,1541,0.00157,0.68676,2243
562,0.27292,0.021562360252935793,1064,0.39663,0.007880857771484921,1623,0.07971,0.05545,2300
530,0.0376,0.06939593476131407,1032,0.14275,0.036456637893606626,1531,0.00075,0.76548,2223
541,0.0879,0.04798146475031506,1027,0.11571,0.044691132922913254,1587,0.01894,0.25879,2299
603,0.7543,0.003037722451032526,1076,0.51073,0.003974272087997418,1587,0.01894,0.25879,2274
548,0.13618,0.03727977352224297,1030,0.13194,0.03959397670945989,1580,0.0138,0.30675,2272
565,0.30876,0.019028981393071277,1015,0.06456,0.0702681444955853,1601,0.03517,0.15017,2299
545,0.11433,0.04160882677707705,1005,0.03643,0.09870788939133658,1590,0.02181,0.22131,2292
556,0.20823,0.027459700734093526,1038,0.18062,0.028206643168856644,1567,0.00721,0.44869,2289
545,0.11433,0.04160882677707705,1007,0.04063,0.09246325633583473,1616,0.06214,0.07412,2253
566,0.32096,0.01824124976884551,1023,0.09658,0.052259252547695964,1601,0.03517,0.15017,2278
547,0.12872,0.03868136634169849,1035,0.16101,0.03212146231626671,1662,0.23761,0.00297,2299
544,0.1073,0.04313617389871418,992,0.01566,0.14640728029505454,1553,0.00318,0.59378,2295
521,0.0161,0.09161922121937274,999,0.02487,0.11917618755716608,1577,0.01217,0.34986,2299
528,0.03161,0.07395111427328878,986,0.00988,0.17263202146860682,1618,0.06664,0.07304,2280
536,0.06106,0.05697732347422706,971,0.00265,0.2493023934405924,1573,0.00987,0.39689,2300
551,0.16155,0.03331460167965405,1016,0.06817,0.06779621344538382,1587,0.01894,0.25879,2263
568,0.34529,0.016746669887787072,1035,0.16101,0.03212146231626671,1605,0.04109,0.12226,2288
557,0.2185,0.026395032339200188,1039,0.18712,0.026990315091009055,1621,0.07452,0.05634,2273
550,0.15284,0.03459713934790234,1019,0.07951,0.060765740519281575,1577,0.01217,0.34986,2254
531,0.04096,0.06719778406910007,965,0.00141,0.28396770626223383,1577,0.01217,0.34986,2300
567,0.33307,0.0174807101980228,1027,0.11571,0.044691132922913254,1581,0.01451,0.30552,2243
533,0.04794,0.06295740354060067,1007,0.04063,0.09246325633583473,1616,0.06214,0.07412,2297
532,0.04445,0.06505180923841213,986,0.00988,0.17263202146860682,1567,0.00721,0.44869,2256
536,0.06106,0.05697732347422706,1059,0.34925,0.01029008864739369,1673,0.29972,0.00105,2285
548,0.13618,0.03727977352224297,1001,0.02824,0.11206137253379161,1601,0.03517,0.15017,2283
539,0.0761,0.05143823498767119,1037,0.17386,0.029466591423661984,1580,0.0138,0.30675,2297
545,0.11433,0.04160882677707705,999,0.02487,0.11917618755716608,1567,0.00721,0.44869,2269
512,0.00565,0.11847043392722138,969,0.00217,0.2606278450050883,1595,0.02733,0.18542,2257
534,0.05189,0.06091394590388579,1016,0.06817,0.06779621344538382,1581,0.01451,0.30552,2208
555,0.19847,0.02855880920239285,1011,0.05157,0.08081874884681862,1633,0.11039,0.03012,2295
563,0.28465,0.020688826938103186,1034,0.15448,0.033518441913802946,1643,0.14841,0.01502,2295
512,0.00565,0.11847043392722138,963,0.00119,0.29596095314786397,1537,0.00126,0.72583,2249
543,0.10059,0.044706911548009765,1051,0.27966,0.015428342975656546,1613,0.05559,0.09458,2254
578,0.47397,0.010717032410449944,1053,0.29628,0.013977066150965391,1652,0.18764,0.0068,2299
555,0.19847,0.02855880920239285,988,0.01143,0.16359693617424872,1595,0.02733,0.18542,2287
527,0.02903,0.07630927785866645,973,0.00304,0.23821956795561378,1574,0.01028,0.35407,2281
585,0.56178,0.00769164388903445,1054,0.30487,0.013295312848719492,1603,0.03806,0.14832,2295
518,0.01168,0.10004136818048,970,0.00238,0.2549353721501601,1562,0.00526,0.49791,2284
528,0.03161,0.07395111427328878,1013,0.05783,0.07540939284217735,1570,0.00839,0.40158,2298
574,0.4211,0.012861093778850353,1053,0.29628,0.013977066150965391,1596,0.02858,0.18432,2298
562,0.27292,0.021562360252935793,988,0.01143,0.16359693617424872,1596,0.02858,0.18432,2265
549,0.14405,0.035918613611004124,1000,0.02651,0.11558202443498841,1543,0.00177,0.68419,2265
529,0.03456,0.07164685292425026,1019,0.07951,0.060765740519281575,1598,0.03111,0.18239,2265
520,0.01473,0.09436879441500222,959,0.00075,0.3205363547882977,1582,0.01517,0.30422,2274
546,0.12178,0.040124136871326134,993,0.01686,0.14229463445134527,1565,0.00638,0.45153,2277
552,0.17029,0.032070250411118835,1040,0.19431,0.02581658229546258,1595,0.02733,0.18542,2297
502,0.00129,0.15398866884503148,974,0.00342,0.2327719264074534,1588,0.01988,0.25758,2275
500,0.00092,0.16181715370253355,992,0.01566,0.14640728029505454,1557,0.00387,0.54722,2244
519,0.01327,0.0971760516042577,974,0.00342,0.2327719264074534,1544,0.00196,0.64544,2271
555,0.19847,0.02855880920239285,1030,0.13194,0.03959397670945989,1586,0.01815,0.25989,2283
614,0.83969,0.001627369218336244,1066,0.41513,0.007062075812130711,1596,0.02858,0.18432,2253
550,0.15284,0.03459713934790234,1038,0.18062,0.028206643168856644,1608,0.04651,0.1199,2300
542,0.09414,0.04632176779604018,1008,0.04292,0.08944736102149425,1538,0.00134,0.72452,2280
540,0.08175,0.049686717822517046,1002,0.03048,0.10861396516586448,1592,0.0238,0.21899,2299
555,0.19847,0.02855880920239285,996,0.02071,0.1304018254689262,1600,0.03362,0.15109,2217
565,0.30876,0.019028981393071277,1060,0.35843,0.009763797601270337,1608,0.04651,0.1199,2270
531,0.04096,0.06719778406910007,1014,0.06089,0.0728056174696529,1587,0.01894,0.25879,2264
557,0.2185,0.026395032339200188,996,0.02071,0.1304018254689262,1549,0.00249,0.59962,2241
533,0.04794,0.06295740354060067,1007,0.04063,0.09246325633583473,1626,0.08809,0.04187,2293
547,0.12872,0.03868136634169849,1001,0.02824,0.11206137253379161,1595,0.02733,0.18542,2292
541,0.0879,0.04798146475031506,994,0.01817,0.1382561561189221,1552,0.00299,0.5952,2219
521,0.0161,0.09161922121937274,1008,0.04292,0.08944736102149425,1517,0.0002,0.85809,2214
520,0.01473,0.09436879441500222,1002,0.03048,0.10861396516586448,1578,0.01261,0.34839,2280
566,0.32096,0.01824124976884551,1039,0.18712,0.026990315091009055,1590,0.02181,0.22131,2286
543,0.10059,0.044706911548009765,1044,0.22411,0.021527202107702995,1641,0.14046,0.01534,2293
516,0.00914,0.10594756054488934,1011,0.05157,0.08081874884681862,1593,0.0249,0.21777,2296
571,0.38266,0.014696730070784928,1001,0.02824,0.11206137253379161,1599,0.03245,0.15219,2241
556,0.20823,0.027459700734093526,1011,0.05157,0.08081874884681862,1617,0.06427,0.07357,2244
545,0.11433,0.04160882677707705,1013,0.05783,0.07540939284217735,1542,0.00171,0.68557,2209
565,0.30876,0.019028981393071277,1048,0.25528,0.017838480289134952,1626,0.08809,0.04187,2300
529,0.03456,0.07164685292425026,1013,0.05783,0.07540939284217735,1620,0.07165,0.05674,2277
551,0.16155,0.03331460167965405,1013,0.05783,0.07540939284217735,1627,0.09105,0.04152,2298
539,0.0761,0.05143823498767119,1024,0.10102,0.05028159602454126,1619,0.06906,0.05724,2281
554,0.18839,0.029693104391855095,1033,0.14827,0.03496315836369797,1567,0.00721,0.44869,2234
537,0.06582,0.055082851815403844,990,0.01341,0.1548546539760021,1571,0.00887,0.40015,2293
599,0.71717,0.0037707641814722173,1062,0.37736,0.008779437321125563,1621,0.07452,0.05634,2293
543,0.10059,0.044706911548009765,1010,0.04873,0.08362570274381714,1561,0.00496,0.49948,2273
513,0.00662,0.11525026582437174,969,0.00217,0.2606278450050883,1544,0.00196,0.64544,2241
515,0.00819,0.10898906461665048,986,0.00988,0.17263202146860682,1599,0.03245,0.15219,2281
580,0.49991,0.00976402823629927,1027,0.11571,0.044691132922913254,1591,0.02273,0.22018,2283
541,0.0879,0.04798146475031506,1052,0.28807,0.014687773736555793,1560,0.00466,0.50116,2257
577,0.46064,0.01122239450243257,1054,0.30487,0.013295312848719492,1632,0.10714,0.03043,2289
516,0.00914,0.10594756054488934,1015,0.06456,0.0702681444955853,1592,0.0238,0.21899,2288
559,0.23891,0.024366041976868192,1039,0.18712,0.026990315091009055,1624,0.08242,0.04252,2291
512,0.00565,0.11847043392722138,934,5e-05,0.48552290192907654,1531,0.00075,0.76548,2208
542,0.09414,0.04632176779604018,992,0.01566,0.14640728029505454,1597,0.02996,0.18339,2284
558,0.22831,0.02536405982119202,1034,0.15448,0.033518441913802946,1598,0.03111,0.18239,2245
568,0.34529,0.016746669887787072,1081,0.55807,0.002931299901753717,1619,0.06906,0.05724,2271
553,0.17923,0.030863334842500444,1042,0.20902,0.02359281003833775,1584,0.01658,0.26259,2276
570,0.37013,0.015355353368027631,1061,0.36767,0.009260510350224568,1589,0.02083,0.22261,2276
592,0.64405,0.005430844522244422,1043,0.21624,0.02254074004536688,1585,0.01732,0.26134,2273
535,0.05631,0.05892080169059109,987,0.01072,0.16807804111208538,1538,0.00134,0.72452,2263
549,0.14405,0.035918613611004124,1021,0.08775,0.056391497217150824,1609,0.04831,0.09745,2259
545,0.11433,0.04160882677707705,1018,0.07534,0.0630458300748898,1576,0.01156,0.35135,2283
551,0.16155,0.03331460167965405,998,0.02347,0.12284409201506367,1624,0.08242,0.04252,2288
547,0.12872,0.03868136634169849,1010,0.04873,0.08362570274381714,1558,0.0041,0.54556,2270
547,0.12872,0.03868136634169849,1030,0.13194,0.03959397670945989,1576,0.01156,0.35135,2243
565,0.30876,0.019028981393071277,1009,0.04574,0.08650170261383684,1589,0.02083,0.22261,2256
532,0.04445,0.06505180923841213,1033,0.14827,0.03496315836369797,1632,0.10714,0.03043,2279
528,0.03161,0.07395111427328878,997,0.02202,0.12658592461451013,1615,0.05993,0.07469,2292
577,0.46064,0.01122239450243257,1052,0.28807,0.014687773736555793,1611,0.05175,0.09602,2298
550,0.15284,0.03459713934790234,1044,0.22411,0.021527202107702995,1594,0.02603,0.18643,2296
588,0.59811,0.006639261621204894,1038,0.18062,0.028206643168856644,1659,0.22142,0.00308,2286
536,0.06106,0.05697732347422706,1012,0.05445,0.07808020250936908,1569,0.00803,0.40304,2261
530,0.0376,0.06939593476131407,1001,0.02824,0.11206137253379161,1615,0.05993,0.07469,2297
588,0.59811,0.006639261621204894,1033,0.14827,0.03496315836369797,1584,0.01658,0.26259,2281
610,0.81236,0.0020524407935407184,1063,0.38694,0.00831980548062178,1617,0.06427,0.07357,2294
542,0.09414,0.04632176779604018,1001,0.02824,0.11206137253379161,1615,0.05993,0.07469,2288
566,0.32096,0.01824124976884551,1031,0.137,0.0379999045362687,1545,0.00206,0.64414,2252
558,0.22831,0.02536405982119202,994,0.01817,0.1382561561189221,1554,0.00333,0.55197,2246
582,0.52505,0.008884135269011042,1065,0.40597,0.007461855981476494,1641,0.14046,0.01534,2288
565,0.30876,0.019028981393071277,1052,0.28807,0.014687773736555793,1611,0.05175,0.09602,2288
544,0.1073,0.04313617389871418,1017,0.07172,0.06538904400863414,1606,0.04289,0.12152,2283
548,0.13618,0.03727977352224297,1038,0.18062,0.028206643168856644,1629,0.09751,0.03124,2296
529,0.03456,0.07164685292425026,1011,0.05157,0.08081874884681862,1590,0.02181,0.22131,2287
571,0.38266,0.014696730070784928,1022,0.09225,0.054295577168286355,1613,0.05559,0.09458,2288
537,0.06582,0.055082851815403844,1036,0.16724,0.030771188312560944,1616,0.06214,0.07412,2298
548,0.13618,0.03727977352224297,994,0.01817,0.1382561561189221,1565,0.00638,0.45153,2262
525,0.02404,0.08118946001547649,975,0.00379,0.22738818989218357,1543,0.00177,0.68419,2240
602,0.74547,0.0032081105300560396,1058,0.34029,0.010840189450545663,1580,0.0138,0.30675,2292
536,0.06106,0.05697732347422706,1007,0.04063,0.09246325633583473,1538,0.00134,0.72452,2267
569,0.35794,0.016038443474946016,1044,0.22411,0.021527202107702995,1606,0.04289,0.12152,2298
604,0.76371,0.002875358309932941,1062,0.37736,0.008779437321125563,1638,0.12837,0.02129,2300
573,0.40841,0.013450248207946344,1015,0.06456,0.0702681444955853,1579,0.01312,0.30817,2280
590,0.62147,0.006008813709333029,1047,0.24744,0.01870781568664433,1616,0.06214,0.07412,2288
546,0.12178,0.040124136871326134,977,0.00455,0.21681633205714562,1577,0.01217,0.34986,2284
615,0.84615,0.0015342226123373607,1058,0.34029,0.010840189450545663,1599,0.03245,0.15219,2296
511,0.00498,0.1217505818874468,969,0.00217,0.2606278450050883,1568,0.00757,0.44727,2270
541,0.0879,0.04798146475031506,1021,0.08775,0.056391497217150824,1521,0.00033,0.83168,2258
548,0.13618,0.03727977352224297,1050,0.2711,0.016199693455265687,1617,0.06427,0.07357,2299
533,0.04794,0.06295740354060067,993,0.01686,0.14229463445134527,1556,0.00369,0.54886,2198
537,0.06582,0.055082851815403844,1011,0.05157,0.08081874884681862,1605,0.04109,0.12226,2287
525,0.02404,0.08118946001547649,969,0.00217,0.2606278450050883,1585,0.01732,0.26134,2252
612,0.82649,0.00182893585750904,1052,0.28807,0.014687773736555793,1625,0.08543,0.0422,2272
524,0.02183,0.08371250648363102,1011,0.05157,0.08081874884681862,1630,0.10061,0.03094,2297
584,0.54993,0.008072881715152068,1055,0.31345,0.012641622023954555,1602,0.03672,0.14929,2294
514,0.00742,0.11208988336077408,974,0.00342,0.2327719264074534,1568,0.00757,0.44727,2300
581,0.51248,0.009315226305163953,1042,0.20902,0.02359281003833775,1613,0.05559,0.09458,2300
529,0.03456,0.07164685292425026,981,0.00644,0.19647964118820407,1547,0.00227,0.64148,2289
559,0.23891,0.024366041976868192,1001,0.02824,0.11206137253379161,1643,0.14841,0.01502,2295
561,0.26128,0.02246592359470571,1033,0.14827,0.03496315836369797,1580,0.0138,0.30675,2287
534,0.05189,0.06091394590388579,1001,0.02824,0.11206137253379161,1583,0.01589,0.30283,2280
546,0.12178,0.040124136871326134,1049,0.26321,0.01700275737287986,1582,0.01517,0.30422,2249
528,0.03161,0.07395111427328878,1007,0.04063,0.09246325633583473,1589,0.02083,0.22261,2296
563,0.28465,0.020688826938103186,1033,0.14827,0.03496315836369797,1632,0.10714,0.03043,2274
513,0.00662,0.11525026582437174,980,0.00587,0.20146093105263113,1525,0.00047,0.80163,2182
552,0.17029,0.032070250411118835,1014,0.06089,0.0728056174696529,1563,0.00557,0.49641,2295
540,0.08175,0.049686717822517046,1021,0.08775,0.056391497217150824,1627,0.09105,0.04152,2299
519,0.01327,0.0971760516042577,984,0.00842,0.1819569959217331,1532,0.00082,0.76421,2239
569,0.35794,0.016038443474946016,1067,0.42517,0.0066808097772857004,1661,0.23175,0.00301,2282
558,0.22831,0.02536405982119202,1016,0.06817,0.06779621344538382,1577,0.01217,0.34986,2299
525,0.02404,0.08118946001547649,985,0.00907,0.17725848744970762,1565,0.00638,0.45153,2282
537,0.06582,0.055082851815403844,1012,0.05445,0.07808020250936908,1584,0.01658,0.26259,2291
536,0.06106,0.05697732347422706,1004,0.03443,0.10193759807570915,1620,0.07165,0.05674,2292
540,0.08175,0.049686717822517046,1016,0.06817,0.06779621344538382,1586,0.01815,0.25989,2273
584,0.54993,0.008072881715152068,1073,0.48204,0.004744553673608799,1656,0.20629,0.00462,2293
534,0.05189,0.06091394590388579,1031,0.137,0.0379999045362687,1612,0.05354,0.09518,2269
524,0.02183,0.08371250648363102,1048,0.25528,0.017838480289134952,1621,0.07452,0.05634,2298
540,0.08175,0.049686717822517046,991,0.01452,0.15059400098504225,1620,0.07165,0.05674,2292
563,0.28465,0.020688826938103186,1039,0.18712,0.026990315091009055,1557,0.00387,0.54722,2274
555,0.19847,0.02855880920239285,1009,0.04574,0.08650170261383684,1607,0.04463,0.12065,2299
523,0.01974,0.08629150947747892,1044,0.22411,0.021527202107702995,1601,0.03517,0.15017,2298
556,0.20823,0.027459700734093526,1017,0.07172,0.06538904400863414,1598,0.03111,0.18239,2270
523,0.01974,0.08629150947747892,982,0.00715,0.19156813642141995,1549,0.00249,0.59962,2261
576,0.44744,0.011747786912034812,1048,0.25528,0.017838480289134952,1604,0.0396,0.12314,2261
570,0.37013,0.015355353368027631,1015,0.06456,0.0702681444955853,1558,0.0041,0.54556,2180
555,0.19847,0.02855880920239285,1032,0.14275,0.036456637893606626,1609,0.04831,0.09745,2286
573,0.40841,0.013450248207946344,1041,0.20127,0.024684419878608425,1608,0.04651,0.1199,2280
504,0.00168,0.1464013056895814,990,0.01341,0.1548546539760021,1573,0.00987,0.39689,2285
534,0.05189,0.06091394590388579,1002,0.03048,0.10861396516586448,1573,0.00987,0.39689,2295
562,0.27292,0.021562360252935793,1029,0.12621,0.04123986701645993,1569,0.00803,0.40304,2300
518,0.01168,0.10004136818048,972,0.00288,0.2437300834521658,1536,0.00117,0.72714,2212
558,0.22831,0.02536405982119202,1030,0.13194,0.03959397670945989,1584,0.01658,0.26259,2286
524,0.02183,0.08371250648363102,1010,0.04873,0.08362570274381714,1590,0.02181,0.22131,2282
513,0.00662,0.11525026582437174,979,0.00536,0.20651131130799644,1494,1e-05,0.93819,2276
556,0.20823,0.027459700734093526,1024,0.10102,0.05028159602454126,1565,0.00638,0.45153,2204
544,0.1073,0.04313617389871418,1039,0.18712,0.026990315091009055,1632,0.10714,0.03043,2299
537,0.06582,0.055082851815403844,1042,0.20902,0.02359281003833775,1566,0.00672,0.4501,2283
540,0.08175,0.049686717822517046,1045,0.23174,0.020551196931872136,1591,0.02273,0.22018,2298
489,0.00015,0.20910073511053187,942,0.00012,0.4314649222194688,1551,0.00281,0.5966,2258
572,0.39549,0.014061912487180177,1056,0.32259,0.0120151125736146,1668,0.27024,0.00175,2300
566,0.32096,0.01824124976884551,1041,0.20127,0.024684419878608425,1623,0.07971,0.05545,2280
557,0.2185,0.026395032339200188,1020,0.08342,0.058547921661033904,1650,0.1784,0.00699,2297
565,0.30876,0.019028981393071277,990,0.01341,0.1548546539760021,1590,0.02181,0.22131,2287
515,0.00819,0.10898906461665048,997,0.02202,0.12658592461451013,1576,0.01156,0.35135,2258
517,0.01044,0.10296509556568054,1005,0.03643,0.09870788939133658,1584,0.01658,0.26259,2296
538,0.07096,0.05323671603558189,988,0.01143,0.16359693617424872,1569,0.00803,0.40304,2271
554,0.18839,0.029693104391855095,1020,0.08342,0.058547921661033904,1635,0.11729,0.02189,2272
560,0.25009,0.023400241121207338,1033,0.14827,0.03496315836369797,1597,0.02996,0.18339,2294
552,0.17029,0.032070250411118835,1034,0.15448,0.033518441913802946,1595,0.02733,0.18542,2297
540,0.08175,0.049686717822517046,1026,0.11065,0.04649849945744893,1573,0.00987,0.39689,2270
540,0.08175,0.049686717822517046,994,0.01817,0.1382561561189221,1555,0.00354,0.55038,2272
568,0.34529,0.016746669887787072,1045,0.23174,0.020551196931872136,1624,0.08242,0.04252,2291
548,0.13618,0.03727977352224297,1032,0.14275,0.036456637893606626,1613,0.05559,0.09458,2275
567,0.33307,0.0174807101980228,1068,0.43436,0.006317367655770315,1618,0.06664,0.07304,2293
554,0.18839,0.029693104391855095,1034,0.15448,0.033518441913802946,1613,0.05559,0.09458,2290
571,0.38266,0.014696730070784928,1051,0.27966,0.015428342975656546,1593,0.0249,0.21777,2275
528,0.03161,0.07395111427328878,1039,0.18712,0.026990315091009055,1614,0.05764,0.07535,2271
573,0.40841,0.013450248207946344,1030,0.13194,0.03959397670945989,1637,0.12475,0.02148,2294
526,0.02635,0.07872188529824782,975,0.00379,0.22738818989218357,1506,6e-05,0.90376,2243
588,0.59811,0.006639261621204894,1037,0.17386,0.029466591423661984,1628,0.09423,0.04108,2295
560,0.25009,0.023400241121207338,1000,0.02651,0.11558202443498841,1574,0.01028,0.35407,2291
565,0.30876,0.019028981393071277,1047,0.24744,0.01870781568664433,1624,0.08242,0.04252,2283
555,0.19847,0.02855880920239285,1030,0.13194,0.03959397670945989,1603,0.03806,0.14832,2270
528,0.03161,0.07395111427328878,1002,0.03048,0.10861396516586448,1572,0.00934,0.39839,2224
590,0.62147,0.006008813709333029,1038,0.18062,0.028206643168856644,1613,0.05559,0.09458,2290
542,0.09414,0.04632176779604018,971,0.00265,0.2493023934405924,1553,0.00318,0.59378,2230
549,0.14405,0.035918613611004124,1028,0.12071,0.04293858582888829,1599,0.03245,0.15219,2276
536,0.06106,0.05697732347422706,1028,0.12071,0.04293858582888829,1626,0.08809,0.04187,2275
545,0.11433,0.04160882677707705,1019,0.07951,0.060765740519281575,1651,0.18274,0.00691,2298
502,0.00129,0.15398866884503148,1018,0.07534,0.0630458300748898,1643,0.14841,0.01502,2295
558,0.22831,0.02536405982119202,1030,0.13194,0.03959397670945989,1590,0.02181,0.22131,2277
577,0.46064,0.01122239450243257,1052,0.28807,0.014687773736555793,1589,0.02083,0.22261,2281
545,0.11433,0.04160882677707705,1027,0.11571,0.044691132922913254,1571,0.00887,0.40015,2293
576,0.44744,0.011747786912034812,1035,0.16101,0.03212146231626671,1594,0.02603,0.18643,2281
532,0.04445,0.06505180923841213,1000,0.02651,0.11558202443498841,1549,0.00249,0.59962,2211
566,0.32096,0.01824124976884551,1073,0.48204,0.004744553673608799,1638,0.12837,0.02129,2285
542,0.09414,0.04632176779604018,992,0.01566,0.14640728029505454,1542,0.00171,0.68557,2299
510,0.00442,0.12509087566847357,978,0.00487,0.21163004105402708,1584,0.01658,0.26259,2291
541,0.0879,0.04798146475031506,1020,0.08342,0.058547921661033904,1542,0.00171,0.68557,2264
576,0.44744,0.011747786912034812,1024,0.10102,0.05028159602454126,1616,0.06214,0.07412,2243
563,0.28465,0.020688826938103186,1013,0.05783,0.07540939284217735,1566,0.00672,0.4501,2278
546,0.12178,0.040124136871326134,1025,0.1057,0.04836166477694992,1608,0.04651,0.1199,2275
598,0.70717,0.0039766441460513165,1036,0.16724,0.030771188312560944,1575,0.01087,0.35256,2277
527,0.02903,0.07630927785866645,1018,0.07534,0.0630458300748898,1552,0.00299,0.5952,2275
545,0.11433,0.04160882677707705,1037,0.17386,0.029466591423661984,1568,0.00757,0.44727,2295
531,0.04096,0.06719778406910007,982,0.00715,0.19156813642141995,1581,0.01451,0.30552,2298
522,0.01782,0.08892693333344362,953,0.0004,0.3586813990073307,1576,0.01156,0.35135,2298
581,0.51248,0.009315226305163953,1043,0.21624,0.02254074004536688,1583,0.01589,0.30283,2290
602,0.74547,0.0032081105300560396,1037,0.17386,0.029466591423661984,1564,0.00602,0.45301,2291
601,0.7367,0.003386852128462593,1070,0.45363,0.0056412800981722406,1626,0.08809,0.04187,2258
561,0.26128,0.02246592359470571,1013,0.05783,0.07540939284217735,1621,0.07452,0.05634,2248
548,0.13618,0.03727977352224297,1014,0.06089,0.0728056174696529,1604,0.0396,0.12314,2297
556,0.20823,0.027459700734093526,1009,0.04574,0.08650170261383684,1562,0.00526,0.49791,2254
568,0.34529,0.016746669887787072,1074,0.49184,0.00447451131282928,1597,0.02996,0.18339,2254
526,0.02635,0.07872188529824782,997,0.02202,0.12658592461451013,1567,0.00721,0.44869,2249
575,0.43402,0.01229381495080834,1034,0.15448,0.033518441913802946,1648,0.16975,0.01055,2295
537,0.06582,0.055082851815403844,1021,0.08775,0.056391497217150824,1573,0.00987,0.39689,2295
525,0.02404,0.08118946001547649,1023,0.09658,0.052259252547695964,1592,0.0238,0.21899,2289
575,0.43402,0.01229381495080834,1047,0.24744,0.01870781568664433,1624,0.08242,0.04252,2256
531,0.04096,0.06719778406910007,986,0.00988,0.17263202146860682,1559,0.00431,0.50272,2271
534,0.05189,0.06091394590388579,1005,0.03643,0.09870788939133658,1544,0.00196,0.64544,2296
555,0.19847,0.02855880920239285,1004,0.03443,0.10193759807570915,1584,0.01658,0.26259,2286
553,0.17923,0.030863334842500444,1033,0.14827,0.03496315836369797,1603,0.03806,0.14832,2280
558,0.22831,0.02536405982119202,1020,0.08342,0.058547921661033904,1619,0.06906,0.05724,2291
535,0.05631,0.05892080169059109,1022,0.09225,0.054295577168286355,1633,0.11039,0.03012,2240
544,0.1073,0.04313617389871418,1024,0.10102,0.05028159602454126,1602,0.03672,0.14929,2284
549,0.14405,0.035918613611004124,1009,0.04574,0.08650170261383684,1582,0.01517,0.30422,2282
539,0.0761,0.05143823498767119,988,0.01143,0.16359693617424872,1554,0.00333,0.55197,2291
559,0.23891,0.024366041976868192,1026,0.11065,0.04649849945744893,1547,0.00227,0.64148,2294
586,0.57389,0.007325966490698255,1061,0.36767,0.009260510350224568,1612,0.05354,0.09518,2294
551,0.16155,0.03331460167965405,1021,0.08775,0.056391497217150824,1560,0.00466,0.50116,2287
567,0.33307,0.0174807101980228,1060,0.35843,0.009763797601270337,1596,0.02858,0.18432,2298
576,0.44744,0.011747786912034812,1043,0.21624,0.02254074004536688,1574,0.01028,0.35407,2266
544,0.1073,0.04313617389871418,1030,0.13194,0.03959397670945989,1626,0.08809,0.04187,2283
568,0.34529,0.016746669887787072,1029,0.12621,0.04123986701645993,1600,0.03362,0.15109,2267
565,0.30876,0.019028981393071277,1019,0.07951,0.060765740519281575,1576,0.01156,0.35135,2293
523,0.01974,0.08629150947747892,983,0.00772,0.186727058016664,1565,0.00638,0.45153,2287
523,0.01974,0.08629150947747892,1018,0.07534,0.0630458300748898,1581,0.01451,0.30552,2268
556,0.20823,0.027459700734093526,1012,0.05445,0.07808020250936908,1565,0.00638,0.45153,2257
559,0.23891,0.024366041976868192,1027,0.11571,0.044691132922913254,1567,0.00721,0.44869,2299
520,0.01473,0.09436879441500222,973,0.00304,0.23821956795561378,1606,0.04289,0.12152,2268
554,0.18839,0.029693104391855095,1037,0.17386,0.029466591423661984,1576,0.01156,0.35135,2253
559,0.23891,0.024366041976868192,1047,0.24744,0.01870781568664433,1629,0.09751,0.03124,2286
556,0.20823,0.027459700734093526,1037,0.17386,0.029466591423661984,1605,0.04109,0.12226,2282
545,0.11433,0.04160882677707705,1075,0.50119,0.004217936115562148,1584,0.01658,0.26259,2271
540,0.08175,0.049686717822517046,1011,0.05157,0.08081874884681862,1603,0.03806,0.14832,2285
590,0.62147,0.006008813709333029,1055,0.31345,0.012641622023954555,1594,0.02603,0.18643,2266
560,0.25009,0.023400241121207338,1033,0.14827,0.03496315836369797,1614,0.05764,0.07535,2276
561,0.26128,0.02246592359470571,1015,0.06456,0.0702681444955853,1622,0.07692,0.05587,2299
547,0.12872,0.03868136634169849,1054,0.30487,0.013295312848719492,1614,0.05764,0.07535,2296
555,0.19847,0.02855880920239285,1010,0.04873,0.08362570274381714,1613,0.05559,0.09458,2275
614,0.83969,0.001627369218336244,1099,0.71141,0.0008879618078753238,1638,0.12837,0.02129,2285
543,0.10059,0.044706911548009765,1024,0.10102,0.05028159602454126,1566,0.00672,0.4501,2278
537,0.06582,0.055082851815403844,997,0.02202,0.12658592461451013,1586,0.01815,0.25989,2278
556,0.20823,0.027459700734093526,996,0.02071,0.1304018254689262,1607,0.04463,0.12065,2259
567,0.33307,0.0174807101980228,1060,0.35843,0.009763797601270337,1613,0.05559,0.09458,2287
582,0.52505,0.008884135269011042,1048,0.25528,0.017838480289134952,1601,0.03517,0.15017,2293
568,0.34529,0.016746669887787072,1040,0.19431,0.02581658229546258,1588,0.01988,0.25758,2275
553,0.17923,0.030863334842500444,1026,0.11065,0.04649849945744893,1593,0.0249,0.21777,2280
576,0.44744,0.011747786912034812,1036,0.16724,0.030771188312560944,1604,0.0396,0.12314,2276
560,0.25009,0.023400241121207338,1031,0.137,0.0379999045362687,1604,0.0396,0.12314,2291
548,0.13618,0.03727977352224297,1014,0.06089,0.0728056174696529,1608,0.04651,0.1199,2295
571,0.38266,0.014696730070784928,1043,0.21624,0.02254074004536688,1613,0.05559,0.09458,2275
541,0.0879,0.04798146475031506,1007,0.04063,0.09246325633583473,1579,0.01312,0.30817,2236
548,0.13618,0.03727977352224297,967,0.00174,0.2721863629482276,1595,0.02733,0.18542,2297
570,0.37013,0.015355353368027631,1022,0.09225,0.054295577168286355,1610,0.04996,0.09661,2292
524,0.02183,0.08371250648363102,975,0.00379,0.22738818989218357,1592,0.0238,0.21899,2294
550,0.15284,0.03459713934790234,1038,0.18062,0.028206643168856644,1619,0.06906,0.05724,2271
582,0.52505,0.008884135269011042,1052,0.28807,0.014687773736555793,1613,0.05559,0.09458,2290
584,0.54993,0.008072881715152068,1042,0.20902,0.02359281003833775,1578,0.01261,0.34839,2265
587,0.58627,0.006975338951615,1024,0.10102,0.05028159602454126,1591,0.02273,0.22018,2284
531,0.04096,0.06719778406910007,1028,0.12071,0.04293858582888829,1590,0.02181,0.22131,2285
518,0.01168,0.10004136818048,1013,0.05783,0.07540939284217735,1592,0.0238,0.21899,2294
548,0.13618,0.03727977352224297,999,0.02487,0.11917618755716608,1563,0.00557,0.49641,2264
574,0.4211,0.012861093778850353,1026,0.11065,0.04649849945744893,1615,0.05993,0.07469,2292
575,0.43402,0.01229381495080834,1021,0.08775,0.056391497217150824,1589,0.02083,0.22261,2266
517,0.01044,0.10296509556568054,967,0.00174,0.2721863629482276,1568,0.00757,0.44727,2235
542,0.09414,0.04632176779604018,998,0.02347,0.12284409201506367,1592,0.0238,0.21899,2294
578,0.47397,0.010717032410449944,1014,0.06089,0.0728056174696529,1622,0.07692,0.05587,2299
585,0.56178,0.00769164388903445,1081,0.55807,0.002931299901753717,1663,0.2426,0.00295,2245
529,0.03456,0.07164685292425026,1030,0.13194,0.03959397670945989,1564,0.00602,0.45301,2266
561,0.26128,0.02246592359470571,1026,0.11065,0.04649849945744893,1573,0.00987,0.39689,2289
582,0.52505,0.008884135269011042,1029,0.12621,0.04123986701645993,1580,0.0138,0.30675,2225
511,0.00498,0.1217505818874468,984,0.00842,0.1819569959217331,1616,0.06214,0.07412,2292
604,0.76371,0.002875358309932941,1076,0.51073,0.003974272087997418,1573,0.00987,0.39689,2286
565,0.30876,0.019028981393071277,1034,0.15448,0.033518441913802946,1615,0.05993,0.07469,2272
590,0.62147,0.006008813709333029,1059,0.34925,0.01029008864739369,1619,0.06906,0.05724,2296
534,0.05189,0.06091394590388579,1004,0.03443,0.10193759807570915,1597,0.02996,0.18339,2295
561,0.26128,0.02246592359470571,1005,0.03643,0.09870788939133658,1627,0.09105,0.04152,2273
532,0.04445,0.06505180923841213,1033,0.14827,0.03496315836369797,1615,0.05993,0.07469,2292
587,0.58627,0.006975338951615,1031,0.137,0.0379999045362687,1607,0.04463,0.12065,2283
547,0.12872,0.03868136634169849,1012,0.05445,0.07808020250936908,1597,0.02996,0.18339,2279
564,0.29681,0.019844604932410845,1020,0.08342,0.058547921661033904,1598,0.03111,0.18239,2265
524,0.02183,0.08371250648363102,984,0.00842,0.1819569959217331,1573,0.00987,0.39689,2250
528,0.03161,0.07395111427328878,974,0.00342,0.2327719264074534,1584,0.01658,0.26259,2298
485,6e-05,0.22800182754911544,970,0.00238,0.2549353721501601,1519,0.00024,0.83347,2186
582,0.52505,0.008884135269011042,1040,0.19431,0.02581658229546258,1648,0.16975,0.01055,2300
537,0.06582,0.055082851815403844,1045,0.23174,0.020551196931872136,1608,0.04651,0.1199,2275
549,0.14405,0.035918613611004124,1020,0.08342,0.058547921661033904,1605,0.04109,0.12226,2292
541,0.0879,0.04798146475031506,1040,0.19431,0.02581658229546258,1562,0.00526,0.49791,2234
554,0.18839,0.029693104391855095,1032,0.14275,0.036456637893606626,1588,0.01988,0.25758,2235
544,0.1073,0.04313617389871418,998,0.02347,0.12284409201506367,1572,0.00934,0.39839,2269
562,0.27292,0.021562360252935793,1033,0.14827,0.03496315836369797,1571,0.00887,0.40015,2283
518,0.01168,0.10004136818048,1002,0.03048,0.10861396516586448,1574,0.01028,0.35407,2201
533,0.04794,0.06295740354060067,1016,0.06817,0.06779621344538382,1596,0.02858,0.18432,2273
559,0.23891,0.024366041976868192,1024,0.10102,0.05028159602454126,1621,0.07452,0.05634,2298
533,0.04794,0.06295740354060067,1047,0.24744,0.01870781568664433,1618,0.06664,0.07304,2290
548,0.13618,0.03727977352224297,1015,0.06456,0.0702681444955853,1608,0.04651,0.1199,2295
528,0.03161,0.07395111427328878,1062,0.37736,0.008779437321125563,1577,0.01217,0.34986,2289
554,0.18839,0.029693104391855095,1021,0.08775,0.056391497217150824,1543,0.00177,0.68419,2235
568,0.34529,0.016746669887787072,1038,0.18062,0.028206643168856644,1596,0.02858,0.18432,2293
582,0.52505,0.008884135269011042,1022,0.09225,0.054295577168286355,1570,0.00839,0.40158,2217
532,0.04445,0.06505180923841213,1022,0.09225,0.054295577168286355,1593,0.0249,0.21777,2300
546,0.12178,0.040124136871326134,983,0.00772,0.186727058016664,1525,0.00047,0.80163,2222
514,0.00742,0.11208988336077408,985,0.00907,0.17725848744970762,1594,0.02603,0.18643,2276
524,0.02183,0.08371250648363102,1001,0.02824,0.11206137253379161,1584,0.01658,0.26259,2277
565,0.30876,0.019028981393071277,1044,0.22411,0.021527202107702995,1622,0.07692,0.05587,2289
550,0.15284,0.03459713934790234,1044,0.22411,0.021527202107702995,1588,0.01988,0.25758,2230
577,0.46064,0.01122239450243257,1031,0.137,0.0379999045362687,1608,0.04651,0.1199,2295
529,0.03456,0.07164685292425026,989,0.01249,0.1591890450684071,1571,0.00887,0.40015,2248
577,0.46064,0.01122239450243257,1060,0.35843,0.009763797601270337,1602,0.03672,0.14929,2274
559,0.23891,0.024366041976868192,998,0.02347,0.12284409201506367,1590,0.02181,0.22131,2297
563,0.28465,0.020688826938103186,1023,0.09658,0.052259252547695964,1570,0.00839,0.40158,2267
548,0.13618,0.03727977352224297,1034,0.15448,0.033518441913802946,1540,0.00148,0.68798,2256
564,0.29681,0.019844604932410845,998,0.02347,0.12284409201506367,1550,0.00265,0.59829,2272
550,0.15284,0.03459713934790234,1009,0.04574,0.08650170261383684,1597,0.02996,0.18339,2284
533,0.04794,0.06295740354060067,981,0.00644,0.19647964118820407,1592,0.0238,0.21899,2299
571,0.38266,0.014696730070784928,1064,0.39663,0.007880857771484921,1594,0.02603,0.18643,2271
553,0.17923,0.030863334842500444,1039,0.18712,0.026990315091009055,1608,0.04651,0.1199,2263
560,0.25009,0.023400241121207338,1017,0.07172,0.06538904400863414,1626,0.08809,0.04187,2293
578,0.47397,0.010717032410449944,1035,0.16101,0.03212146231626671,1610,0.04996,0.09661,2300
570,0.37013,0.015355353368027631,1056,0.32259,0.0120151125736146,1620,0.07165,0.05674,2277
557,0.2185,0.026395032339200188,1021,0.08775,0.056391497217150824,1599,0.03245,0.15219,2291
555,0.19847,0.02855880920239285,993,0.01686,0.14229463445134527,1598,0.03111,0.18239,2295
555,0.19847,0.02855880920239285,993,0.01686,0.14229463445134527,1565,0.00638,0.45153,2237
552,0.17029,0.032070250411118835,1015,0.06456,0.0702681444955853,1562,0.00526,0.49791,2299
545,0.11433,0.04160882677707705,1023,0.09658,0.052259252547695964,1597,0.02996,0.18339,2294
548,0.13618,0.03727977352224297,1016,0.06817,0.06779621344538382,1553,0.00318,0.59378,2280
519,0.01327,0.0971760516042577,1013,0.05783,0.07540939284217735,1613,0.05559,0.09458,2295
569,0.35794,0.016038443474946016,1061,0.36767,0.009260510350224568,1590,0.02181,0.22131,2262
550,0.15284,0.03459713934790234,1020,0.08342,0.058547921661033904,1586,0.01815,0.25989,2242
561,0.26128,0.02246592359470571,1051,0.27966,0.015428342975656546,1607,0.04463,0.12065,2299
513,0.00662,0.11525026582437174,969,0.00217,0.2606278450050883,1561,0.00496,0.49948,2253
537,0.06582,0.055082851815403844,1005,0.03643,0.09870788939133658,1608,0.04651,0.1199,2264
509,0.00385,0.1284914524482879,1014,0.06089,0.0728056174696529,1587,0.01894,0.25879,2298
547,0.12872,0.03868136634169849,1066,0.41513,0.007062075812130711,1607,0.04463,0.12065,2244
552,0.17029,0.032070250411118835,1014,0.06089,0.0728056174696529,1588,0.01988,0.25758,2295
590,0.62147,0.006008813709333029,1066,0.41513,0.007062075812130711,1608,0.04651,0.1199,2294
551,0.16155,0.03331460167965405,1047,0.24744,0.01870781568664433,1596,0.02858,0.18432,2283
508,0.00337,0.1319524201119132,963,0.00119,0.29596095314786397,1566,0.00672,0.4501,2248
542,0.09414,0.04632176779604018,971,0.00265,0.2493023934405924,1532,0.00082,0.76421,2259
618,0.86548,0.0012826912553208956,1065,0.40597,0.007461855981476494,1602,0.03672,0.14929,2294
537,0.06582,0.055082851815403844,989,0.01249,0.1591890450684071,1546,0.00215,0.64278,2273
541,0.0879,0.04798146475031506,999,0.02487,0.11917618755716608,1594,0.02603,0.18643,2281
527,0.02903,0.07630927785866645,991,0.01452,0.15059400098504225,1583,0.01589,0.30283,2290
565,0.30876,0.019028981393071277,1048,0.25528,0.017838480289134952,1643,0.14841,0.01502,2300
526,0.02635,0.07872188529824782,988,0.01143,0.16359693617424872,1589,0.02083,0.22261,2286
575,0.43402,0.01229381495080834,1032,0.14275,0.036456637893606626,1602,0.03672,0.14929,2299
550,0.15284,0.03459713934790234,987,0.01072,0.16807804111208538,1567,0.00721,0.44869,2269
558,0.22831,0.02536405982119202,1034,0.15448,0.033518441913802946,1626,0.08809,0.04187,2284
539,0.0761,0.05143823498767119,1044,0.22411,0.021527202107702995,1613,0.05559,0.09458,2295
573,0.40841,0.013450248207946344,1073,0.48204,0.004744553673608799,1600,0.03362,0.15109,2277
538,0.07096,0.05323671603558189,990,0.01341,0.1548546539760021,1554,0.00333,0.55197,2286
587,0.58627,0.006975338951615,1041,0.20127,0.024684419878608425,1614,0.05764,0.07535,2281
529,0.03456,0.07164685292425026,1016,0.06817,0.06779621344538382,1580,0.0138,0.30675,2272
510,0.00442,0.12509087566847357,943,0.00015,0.4247452836207227,1525,0.00047,0.80163,2232
540,0.08175,0.049686717822517046,1028,0.12071,0.04293858582888829,1623,0.07971,0.05545,2250
532,0.04445,0.06505180923841213,976,0.00413,0.22206934473661805,1500,4e-05,0.92237,2262
568,0.34529,0.016746669887787072,1016,0.06817,0.06779621344538382,1608,0.04651,0.1199,2299
518,0.01168,0.10004136818048,1007,0.04063,0.09246325633583473,1581,0.01451,0.30552,2273
539,0.0761,0.05143823498767119,997,0.02202,0.12658592461451013,1542,0.00171,0.68557,2234
593,0.6548,0.005160406606828956,1059,0.34925,0.01029008864739369,1631,0.10398,0.03072,2298
565,0.30876,0.019028981393071277,1073,0.48204,0.004744553673608799,1603,0.03806,0.14832,2280
515,0.00819,0.10898906461665048,992,0.01566,0.14640728029505454,1625,0.08543,0.0422,2292
567,0.33307,0.0174807101980228,1026,0.11065,0.04649849945744893,1630,0.10061,0.03094,2297
564,0.29681,0.019844604932410845,1015,0.06456,0.0702681444955853,1597,0.02996,0.18339,2299
591,0.63227,0.005713498573484295,1062,0.37736,0.008779437321125563,1626,0.08809,0.04187,2298
569,0.35794,0.016038443474946016,1064,0.39663,0.007880857771484921,1642,0.14447,0.01518,2284
585,0.56178,0.00769164388903445,1031,0.137,0.0379999045362687,1586,0.01815,0.25989,2293
555,0.19847,0.02855880920239285,1017,0.07172,0.06538904400863414,1662,0.23761,0.00297,2289
538,0.07096,0.05323671603558189,987,0.01072,0.16807804111208538,1534,0.00096,0.72949,2231
565,0.30876,0.019028981393071277,1027,0.11571,0.044691132922913254,1544,0.00196,0.64544,2267
552,0.17029,0.032070250411118835,986,0.00988,0.17263202146860682,1565,0.00638,0.45153,2257
540,0.08175,0.049686717822517046,1003,0.03234,0.1052394915244936,1558,0.0041,0.54556,2265
578,0.47397,0.010717032410449944,1000,0.02651,0.11558202443498841,1592,0.0238,0.21899,2234
580,0.49991,0.00976402823629927,1008,0.04292,0.08944736102149425,1604,0.0396,0.12314,2281
533,0.04794,0.06295740354060067,1023,0.09658,0.052259252547695964,1583,0.01589,0.30283,2290
536,0.06106,0.05697732347422706,1008,0.04292,0.08944736102149425,1560,0.00466,0.50116,2272
536,0.06106,0.05697732347422706,1004,0.03443,0.10193759807570915,1545,0.00206,0.64414,2287
569,0.35794,0.016038443474946016,1020,0.08342,0.058547921661033904,1571,0.00887,0.40015,2233
525,0.02404,0.08118946001547649,987,0.01072,0.16807804111208538,1576,0.01156,0.35135,2258
556,0.20823,0.027459700734093526,1034,0.15448,0.033518441913802946,1616,0.06214,0.07412,2293
508,0.00337,0.1319524201119132,984,0.00842,0.1819569959217331,1590,0.02181,0.22131,2292
532,0.04445,0.06505180923841213,971,0.00265,0.2493023934405924,1540,0.00148,0.68798,2274
539,0.0761,0.05143823498767119,993,0.01686,0.14229463445134527,1602,0.03672,0.14929,2274
559,0.23891,0.024366041976868192,1028,0.12071,0.04293858582888829,1604,0.0396,0.12314,2286
575,0.43402,0.01229381495080834,1055,0.31345,0.012641622023954555,1627,0.09105,0.04152,2294
521,0.0161,0.09161922121937274,1001,0.02824,0.11206137253379161,1595,0.02733,0.18542,2267
567,0.33307,0.0174807101980228,1007,0.04063,0.09246325633583473,1613,0.05559,0.09458,2230
548,0.13618,0.03727977352224297,996,0.02071,0.1304018254689262,1535,0.00109,0.72837,2272
557,0.2185,0.026395032339200188,1024,0.10102,0.05028159602454126,1569,0.00803,0.40304,2286
525,0.02404,0.08118946001547649,993,0.01686,0.14229463445134527,1530,0.00071,0.76669,2283
598,0.70717,0.0039766441460513165,1047,0.24744,0.01870781568664433,1583,0.01589,0.30283,2295
547,0.12872,0.03868136634169849,1012,0.05445,0.07808020250936908,1582,0.01517,0.30422,2259
532,0.04445,0.06505180923841213,972,0.00288,0.2437300834521658,1554,0.00333,0.55197,2276
543,0.10059,0.044706911548009765,996,0.02071,0.1304018254689262,1553,0.00318,0.59378,2290
534,0.05189,0.06091394590388579,992,0.01566,0.14640728029505454,1559,0.00431,0.50272,2286
522,0.01782,0.08892693333344362,974,0.00342,0.2327719264074534,1543,0.00177,0.68419,2198
590,0.62147,0.006008813709333029,1044,0.22411,0.021527202107702995,1615,0.05993,0.07469,2297
570,0.37013,0.015355353368027631,1060,0.35843,0.009763797601270337,1615,0.05993,0.07469,2287
536,0.06106,0.05697732347422706,990,0.01341,0.1548546539760021,1594,0.02603,0.18643,2286
510,0.00442,0.12509087566847357,996,0.02071,0.1304018254689262,1576,0.01156,0.35135,2273
542,0.09414,0.04632176779604018,1011,0.05157,0.08081874884681862,1559,0.00431,0.50272,2289
570,0.37013,0.015355353368027631,1040,0.19431,0.02581658229546258,1651,0.18274,0.00691,2278
562,0.27292,0.021562360252935793,996,0.02071,0.1304018254689262,1595,0.02733,0.18542,2282
530,0.0376,0.06939593476131407,1036,0.16724,0.030771188312560944,1576,0.01156,0.35135,2283
530,0.0376,0.06939593476131407,1012,0.05445,0.07808020250936908,1568,0.00757,0.44727,2289
550,0.15284,0.03459713934790234,1018,0.07534,0.0630458300748898,1573,0.00987,0.39689,2295
498,0.00064,0.16988549582495266,982,0.00715,0.19156813642141995,1542,0.00171,0.68557,2279
572,0.39549,0.014061912487180177,1045,0.23174,0.020551196931872136,1613,0.05559,0.09458,2295
521,0.0161,0.09161922121937274,991,0.01452,0.15059400098504225,1590,0.02181,0.22131,2252
566,0.32096,0.01824124976884551,1033,0.14827,0.03496315836369797,1609,0.04831,0.09745,2296
568,0.34529,0.016746669887787072,1069,0.44353,0.00597107587845638,1604,0.0396,0.12314,2291
527,0.02903,0.07630927785866645,991,0.01452,0.15059400098504225,1569,0.00803,0.40304,2251
547,0.12872,0.03868136634169849,1004,0.03443,0.10193759807570915,1588,0.01988,0.25758,2277
522,0.01782,0.08892693333344362,1025,0.1057,0.04836166477694992,1591,0.02273,0.22018,2238
540,0.08175,0.049686717822517046,1005,0.03643,0.09870788939133658,1594,0.02603,0.18643,2286
537,0.06582,0.055082851815403844,1024,0.10102,0.05028159602454126,1625,0.08543,0.0422,2261
555,0.19847,0.02855880920239285,1021,0.08775,0.056391497217150824,1615,0.05993,0.07469,2292
562,0.27292,0.021562360252935793,1053,0.29628,0.013977066150965391,1579,0.01312,0.30817,2256
543,0.10059,0.044706911548009765,1019,0.07951,0.060765740519281575,1590,0.02181,0.22131,2267
545,0.11433,0.04160882677707705,1021,0.08775,0.056391497217150824,1595,0.02733,0.18542,2277
548,0.13618,0.03727977352224297,1001,0.02824,0.11206137253379161,1593,0.0249,0.21777,2300
556,0.20823,0.027459700734093526,1012,0.05445,0.07808020250936908,1566,0.00672,0.4501,2293
557,0.2185,0.026395032339200188,1030,0.13194,0.03959397670945989,1594,0.02603,0.18643,2300
588,0.59811,0.006639261621204894,1058,0.34029,0.010840189450545663,1621,0.07452,0.05634,2268
531,0.04096,0.06719778406910007,983,0.00772,0.186727058016664,1560,0.00466,0.50116,2267
555,0.19847,0.02855880920239285,1002,0.03048,0.10861396516586448,1595,0.02733,0.18542,2282
514,0.00742,0.11208988336077408,979,0.00536,0.20651131130799644,1585,0.01732,0.26134,2242
518,0.01168,0.10004136818048,997,0.02202,0.12658592461451013,1611,0.05175,0.09602,2293
515,0.00819,0.10898906461665048,949,0.00023,0.3848066872939196,1557,0.00387,0.54722,2289
517,0.01044,0.10296509556568054,1011,0.05157,0.08081874884681862,1587,0.01894,0.25879,2294
527,0.02903,0.07630927785866645,990,0.01341,0.1548546539760021,1609,0.04831,0.09745,2258
513,0.00662,0.11525026582437174,963,0.00119,0.29596095314786397,1529,0.00064,0.76786,2186
542,0.09414,0.04632176779604018,989,0.01249,0.1591890450684071,1561,0.00496,0.49948,2293
554,0.18839,0.029693104391855095,1045,0.23174,0.020551196931872136,1581,0.01451,0.30552,2293
567,0.33307,0.0174807101980228,1011,0.05157,0.08081874884681862,1576,0.01156,0.35135,2265
537,0.06582,0.055082851815403844,966,0.00154,0.27804984797236265,1538,0.00134,0.72452,2300
586,0.57389,0.007325966490698255,1060,0.35843,0.009763797601270337,1587,0.01894,0.25879,2284
531,0.04096,0.06719778406910007,982,0.00715,0.19156813642141995,1533,0.00088,0.76307,2230
574,0.4211,0.012861093778850353,1049,0.26321,0.01700275737287986,1595,0.02733,0.18542,2287
552,0.17029,0.032070250411118835,1005,0.03643,0.09870788939133658,1516,0.00019,0.85899,2248
577,0.46064,0.01122239450243257,1036,0.16724,0.030771188312560944,1630,0.10061,0.03094,2282
600,0.72695,0.003574286796703801,1077,0.51974,0.0037429791916296713,1591,0.02273,0.22018,2296
512,0.00565,0.11847043392722138,991,0.01452,0.15059400098504225,1613,0.05559,0.09458,2293
518,0.01168,0.10004136818048,996,0.02071,0.1304018254689262,1546,0.00215,0.64278,2293
507,0.00278,0.13547385676804075,978,0.00487,0.21163004105402708,1562,0.00526,0.49791,2274
534,0.05189,0.06091394590388579,991,0.01452,0.15059400098504225,1533,0.00088,0.76307,2265
527,0.02903,0.07630927785866645,971,0.00265,0.2493023934405924,1591,0.02273,0.22018,2278
518,0.01168,0.10004136818048,974,0.00342,0.2327719264074534,1599,0.03245,0.15219,2286
541,0.0879,0.04798146475031506,1004,0.03443,0.10193759807570915,1573,0.00987,0.39689,2290
534,0.05189,0.06091394590388579,1005,0.03643,0.09870788939133658,1598,0.03111,0.18239,2250
564,0.29681,0.019844604932410845,1016,0.06817,0.06779621344538382,1633,0.11039,0.03012,2299
563,0.28465,0.020688826938103186,1039,0.18712,0.026990315091009055,1628,0.09423,0.04108,2250
531,0.04096,0.06719778406910007,1014,0.06089,0.0728056174696529,1592,0.0238,0.21899,2294
590,0.62147,0.006008813709333029,1056,0.32259,0.0120151125736146,1601,0.03517,0.15017,2263
511,0.00498,0.1217505818874468,993,0.01686,0.14229463445134527,1623,0.07971,0.05545,2300
567,0.33307,0.0174807101980228,1048,0.25528,0.017838480289134952,1605,0.04109,0.12226,2282
562,0.27292,0.021562360252935793,1057,0.33146,0.01141491865803943,1623,0.07971,0.05545,2290
563,0.28465,0.020688826938103186,1033,0.14827,0.03496315836369797,1581,0.01451,0.30552,2299
555,0.19847,0.02855880920239285,1026,0.11065,0.04649849945744893,1597,0.02996,0.18339,2269
542,0.09414,0.04632176779604018,999,0.02487,0.11917618755716608,1591,0.02273,0.22018,2278
548,0.13618,0.03727977352224297,998,0.02347,0.12284409201506367,1527,0.00054,0.79927,2259
553,0.17923,0.030863334842500444,1006,0.03861,0.09554993085534054,1540,0.00148,0.68798,2227
550,0.15284,0.03459713934790234,1006,0.03861,0.09554993085534054,1573,0.00987,0.39689,2240
488,0.00013,0.21374370414555238,1016,0.06817,0.06779621344538382,1584,0.01658,0.26259,2271
556,0.20823,0.027459700734093526,1030,0.13194,0.03959397670945989,1580,0.0138,0.30675,2297
582,0.52505,0.008884135269011042,1061,0.36767,0.009260510350224568,1614,0.05764,0.07535,2272
547,0.12872,0.03868136634169849,997,0.02202,0.12658592461451013,1522,0.00036,0.8308,2254
556,0.20823,0.027459700734093526,1027,0.11571,0.044691132922913254,1625,0.08543,0.0422,2289
532,0.04445,0.06505180923841213,1007,0.04063,0.09246325633583473,1589,0.02083,0.22261,2271
538,0.07096,0.05323671603558189,1045,0.23174,0.020551196931872136,1585,0.01732,0.26134,2297
524,0.02183,0.08371250648363102,1016,0.06817,0.06779621344538382,1612,0.05354,0.09518,2299
533,0.04794,0.06295740354060067,986,0.00988,0.17263202146860682,1598,0.03111,0.18239,2255
548,0.13618,0.03727977352224297,1014,0.06089,0.0728056174696529,1592,0.0238,0.21899,2299
633,0.93182,0.0004976172662190537,1105,0.75476,0.0005753830531785558,1643,0.14841,0.01502,2285
519,0.01327,0.0971760516042577,1031,0.137,0.0379999045362687,1589,0.02083,0.22261,2300
546,0.12178,0.040124136871326134,1017,0.07172,0.06538904400863414,1589,0.02083,0.22261,2296
566,0.32096,0.01824124976884551,1063,0.38694,0.00831980548062178,1637,0.12475,0.02148,2289
573,0.40841,0.013450248207946344,1039,0.18712,0.026990315091009055,1615,0.05993,0.07469,2267
558,0.22831,0.02536405982119202,1042,0.20902,0.02359281003833775,1587,0.01894,0.25879,2279
537,0.06582,0.055082851815403844,985,0.00907,0.17725848744970762,1578,0.01261,0.34839,2245
570,0.37013,0.015355353368027631,1042,0.20902,0.02359281003833775,1611,0.05175,0.09602,2298
531,0.04096,0.06719778406910007,1015,0.06456,0.0702681444955853,1611,0.05175,0.09602,2298
576,0.44744,0.011747786912034812,1038,0.18062,0.028206643168856644,1607,0.04463,0.12065,2299
552,0.17029,0.032070250411118835,1028,0.12071,0.04293858582888829,1588,0.01988,0.25758,2280
566,0.32096,0.01824124976884551,999,0.02487,0.11917618755716608,1603,0.03806,0.14832,2300
590,0.62147,0.006008813709333029,1068,0.43436,0.006317367655770315,1622,0.07692,0.05587,2299
572,0.39549,0.014061912487180177,1026,0.11065,0.04649849945744893,1559,0.00431,0.50272,2236
553,0.17923,0.030863334842500444,1030,0.13194,0.03959397670945989,1561,0.00496,0.49948,2299
512,0.00565,0.11847043392722138,987,0.01072,0.16807804111208538,1600,0.03362,0.15109,2252
566,0.32096,0.01824124976884551,1054,0.30487,0.013295312848719492,1660,0.22658,0.00305,2287
552,0.17029,0.032070250411118835,1002,0.03048,0.10861396516586448,1567,0.00721,0.44869,2296
528,0.03161,0.07395111427328878,1006,0.03861,0.09554993085534054,1583,0.01589,0.30283,2275
521,0.0161,0.09161922121937274,1010,0.04873,0.08362570274381714,1597,0.02996,0.18339,2244
519,0.01327,0.0971760516042577,982,0.00715,0.19156813642141995,1554,0.00333,0.55197,2260
581,0.51248,0.009315226305163953,1061,0.36767,0.009260510350224568,1652,0.18764,0.0068,2298
541,0.0879,0.04798146475031506,983,0.00772,0.186727058016664,1575,0.01087,0.35256,2294
575,0.43402,0.01229381495080834,1044,0.22411,0.021527202107702995,1622,0.07692,0.05587,2294
530,0.0376,0.06939593476131407,1026,0.11065,0.04649849945744893,1621,0.07452,0.05634,2283
544,0.1073,0.04313617389871418,991,0.01452,0.15059400098504225,1578,0.01261,0.34839,2295
577,0.46064,0.01122239450243257,1026,0.11065,0.04649849945744893,1565,0.00638,0.45153,2297
555,0.19847,0.02855880920239285,983,0.00772,0.186727058016664,1620,0.07165,0.05674,2287
582,0.52505,0.008884135269011042,1062,0.37736,0.008779437321125563,1613,0.05559,0.09458,2263
549,0.14405,0.035918613611004124,989,0.01249,0.1591890450684071,1595,0.02733,0.18542,2287
545,0.11433,0.04160882677707705,982,0.00715,0.19156813642141995,1571,0.00887,0.40015,2268
567,0.33307,0.0174807101980228,1028,0.12071,0.04293858582888829,1604,0.0396,0.12314,2291
548,0.13618,0.03727977352224297,1016,0.06817,0.06779621344538382,1555,0.00354,0.55038,2274
545,0.11433,0.04160882677707705,1009,0.04574,0.08650170261383684,1561,0.00496,0.49948,2233
549,0.14405,0.035918613611004124,1008,0.04292,0.08944736102149425,1602,0.03672,0.14929,2284
578,0.47397,0.010717032410449944,1084,0.58607,0.002428400655974101,1617,0.06427,0.07357,2294
514,0.00742,0.11208988336077408,1017,0.07172,0.06538904400863414,1605,0.04109,0.12226,2282
532,0.04445,0.06505180923841213,1018,0.07534,0.0630458300748898,1594,0.02603,0.18643,2266
596,0.68657,0.004418103020890216,1033,0.14827,0.03496315836369797,1608,0.04651,0.1199,2300
585,0.56178,0.00769164388903445,1020,0.08342,0.058547921661033904,1563,0.00557,0.49641,2290
569,0.35794,0.016038443474946016,1038,0.18062,0.028206643168856644,1573,0.00987,0.39689,2260
536,0.06106,0.05697732347422706,1030,0.13194,0.03959397670945989,1616,0.06214,0.07412,2258
523,0.01974,0.08629150947747892,1016,0.06817,0.06779621344538382,1620,0.07165,0.05674,2297
577,0.46064,0.01122239450243257,1043,0.21624,0.02254074004536688,1608,0.04651,0.1199,2275
543,0.10059,0.044706911548009765,1032,0.14275,0.036456637893606626,1590,0.02181,0.22131,2294
536,0.06106,0.05697732347422706,1032,0.14275,0.036456637893606626,1603,0.03806,0.14832,2255
597,0.69702,0.00419229688331081,1070,0.45363,0.0056412800981722406,1609,0.04831,0.09745,2296
531,0.04096,0.06719778406910007,1004,0.03443,0.10193759807570915,1616,0.06214,0.07412,2283
545,0.11433,0.04160882677707705,1008,0.04292,0.08944736102149425,1561,0.00496,0.49948,2268
494,0.00031,0.18673405706935078,1007,0.04063,0.09246325633583473,1562,0.00526,0.49791,2259
580,0.49991,0.00976402823629927,1061,0.36767,0.009260510350224568,1613,0.05559,0.09458,2280
525,0.02404,0.08118946001547649,1032,0.14275,0.036456637893606626,1578,0.01261,0.34839,2280
553,0.17923,0.030863334842500444,1054,0.30487,0.013295312848719492,1609,0.04831,0.09745,2296
554,0.18839,0.029693104391855095,1020,0.08342,0.058547921661033904,1565,0.00638,0.45153,2292
538,0.07096,0.05323671603558189,985,0.00907,0.17725848744970762,1568,0.00757,0.44727,2255
545,0.11433,0.04160882677707705,981,0.00644,0.19647964118820407,1561,0.00496,0.49948,2271
553,0.17923,0.030863334842500444,1006,0.03861,0.09554993085534054,1532,0.00082,0.76421,2254
562,0.27292,0.021562360252935793,991,0.01452,0.15059400098504225,1537,0.00126,0.72583,2259
506,0.00245,0.13905581029067357,952,0.00032,0.36516680772409843,1534,0.00096,0.72949,2281
526,0.02635,0.07872188529824782,981,0.00644,0.19647964118820407,1536,0.00117,0.72714,2263
532,0.04445,0.06505180923841213,976,0.00413,0.22206934473661805,1637,0.12475,0.02148,2294
549,0.14405,0.035918613611004124,1037,0.17386,0.029466591423661984,1608,0.04651,0.1199,2290
527,0.02903,0.07630927785866645,1013,0.05783,0.07540939284217735,1618,0.06664,0.07304,2300
524,0.02183,0.08371250648363102,974,0.00342,0.2327719264074534,1552,0.00299,0.5952,2241
556,0.20823,0.027459700734093526,995,0.01934,0.13429188775212894,1550,0.00265,0.59829,2292
553,0.17923,0.030863334842500444,1054,0.30487,0.013295312848719492,1636,0.12084,0.02166,2293
536,0.06106,0.05697732347422706,1030,0.13194,0.03959397670945989,1625,0.08543,0.0422,2277
533,0.04794,0.06295740354060067,1004,0.03443,0.10193759807570915,1667,0.26494,0.00177,2294
551,0.16155,0.03331460167965405,1020,0.08342,0.058547921661033904,1599,0.03245,0.15219,2291
578,0.47397,0.010717032410449944,1039,0.18712,0.026990315091009055,1612,0.05354,0.09518,2284
511,0.00498,0.1217505818874468,988,0.01143,0.16359693617424872,1577,0.01217,0.34986,2264
532,0.04445,0.06505180923841213,1021,0.08775,0.056391497217150824,1617,0.06427,0.07357,2299
521,0.0161,0.09161922121937274,989,0.01249,0.1591890450684071,1574,0.01028,0.35407,2281
515,0.00819,0.10898906461665048,1002,0.03048,0.10861396516586448,1589,0.02083,0.22261,2256
551,0.16155,0.03331460167965405,1016,0.06817,0.06779621344538382,1592,0.0238,0.21899,2287
588,0.59811,0.006639261621204894,1056,0.32259,0.0120151125736146,1653,0.1921,0.00673,2275
531,0.04096,0.06719778406910007,999,0.02487,0.11917618755716608,1593,0.0249,0.21777,2290
565,0.30876,0.019028981393071277,1039,0.18712,0.026990315091009055,1643,0.14841,0.01502,2300
562,0.27292,0.021562360252935793,1001,0.02824,0.11206137253379161,1592,0.0238,0.21899,2294
556,0.20823,0.027459700734093526,1031,0.137,0.0379999045362687,1631,0.10398,0.03072,2293
530,0.0376,0.06939593476131407,1060,0.35843,0.009763797601270337,1614,0.05764,0.07535,2296
539,0.0761,0.05143823498767119,1021,0.08775,0.056391497217150824,1579,0.01312,0.30817,2286
567,0.33307,0.0174807101980228,1081,0.55807,0.002931299901753717,1614,0.05764,0.07535,2296
584,0.54993,0.008072881715152068,1036,0.16724,0.030771188312560944,1609,0.04831,0.09745,2276
544,0.1073,0.04313617389871418,1026,0.11065,0.04649849945744893,1557,0.00387,0.54722,2284
559,0.23891,0.024366041976868192,1033,0.14827,0.03496315836369797,1612,0.05354,0.09518,2294
530,0.0376,0.06939593476131407,983,0.00772,0.186727058016664,1573,0.00987,0.39689,2285
530,0.0376,0.06939593476131407,1026,0.11065,0.04649849945744893,1571,0.00887,0.40015,2288
553,0.17923,0.030863334842500444,1007,0.04063,0.09246325633583473,1570,0.00839,0.40158,2277
573,0.40841,0.013450248207946344,1053,0.29628,0.013977066150965391,1612,0.05354,0.09518,2283
530,0.0376,0.06939593476131407,1032,0.14275,0.036456637893606626,1560,0.00466,0.50116,2262
546,0.12178,0.040124136871326134,1002,0.03048,0.10861396516586448,1568,0.00757,0.44727,2285
548,0.13618,0.03727977352224297,1027,0.11571,0.044691132922913254,1560,0.00466,0.50116,2282
529,0.03456,0.07164685292425026,1026,0.11065,0.04649849945744893,1616,0.06214,0.07412,2273
552,0.17029,0.032070250411118835,991,0.01452,0.15059400098504225,1515,0.00016,0.85989,2242
526,0.02635,0.07872188529824782,962,0.00105,0.30203345299501594,1563,0.00557,0.49641,2277
558,0.22831,0.02536405982119202,990,0.01341,0.1548546539760021,1553,0.00318,0.59378,2290
587,0.58627,0.006975338951615,1043,0.21624,0.02254074004536688,1607,0.04463,0.12065,2299
588,0.59811,0.006639261621204894,1029,0.12621,0.04123986701645993,1582,0.01517,0.30422,2299
571,0.38266,0.014696730070784928,1030,0.13194,0.03959397670945989,1555,0.00354,0.55038,2272
517,0.01044,0.10296509556568054,965,0.00141,0.28396770626223383,1564,0.00602,0.45301,2246
541,0.0879,0.04798146475031506,1015,0.06456,0.0702681444955853,1610,0.04996,0.09661,2257
567,0.33307,0.0174807101980228,1040,0.19431,0.02581658229546258,1615,0.05993,0.07469,2287
533,0.04794,0.06295740354060067,1003,0.03234,0.1052394915244936,1609,0.04831,0.09745,2266
517,0.01044,0.10296509556568054,1002,0.03048,0.10861396516586448,1599,0.03245,0.15219,2291
549,0.14405,0.035918613611004124,1045,0.23174,0.020551196931872136,1636,0.12084,0.02166,2298
523,0.01974,0.08629150947747892,987,0.01072,0.16807804111208538,1558,0.0041,0.54556,2250
574,0.4211,0.012861093778850353,1013,0.05783,0.07540939284217735,1587,0.01894,0.25879,2256
574,0.4211,0.012861093778850353,1046,0.23955,0.019611729562087305,1598,0.03111,0.18239,2290
514,0.00742,0.11208988336077408,989,0.01249,0.1591890450684071,1545,0.00206,0.64414,2252
607,0.7891,0.0024332603853785295,1073,0.48204,0.004744553673608799,1622,0.07692,0.05587,2289
534,0.05189,0.06091394590388579,1000,0.02651,0.11558202443498841,1562,0.00526,0.49791,2252
556,0.20823,0.027459700734093526,1015,0.06456,0.0702681444955853,1595,0.02733,0.18542,2297
594,0.66526,0.0049017507541073415,1028,0.12071,0.04293858582888829,1565,0.00638,0.45153,2282
593,0.6548,0.005160406606828956,1081,0.55807,0.002931299901753717,1622,0.07692,0.05587,2279
542,0.09414,0.04632176779604018,969,0.00217,0.2606278450050883,1615,0.05993,0.07469,2282
541,0.0879,0.04798146475031506,1008,0.04292,0.08944736102149425,1619,0.06906,0.05724,2281
524,0.02183,0.08371250648363102,992,0.01566,0.14640728029505454,1608,0.04651,0.1199,2290
548,0.13618,0.03727977352224297,1041,0.20127,0.024684419878608425,1616,0.06214,0.07412,2293
531,0.04096,0.06719778406910007,1015,0.06456,0.0702681444955853,1569,0.00803,0.40304,2276
534,0.05189,0.06091394590388579,1031,0.137,0.0379999045362687,1608,0.04651,0.1199,2240
553,0.17923,0.030863334842500444,1010,0.04873,0.08362570274381714,1584,0.01658,0.26259,2276
561,0.26128,0.02246592359470571,1012,0.05445,0.07808020250936908,1562,0.00526,0.49791,2284
555,0.19847,0.02855880920239285,1028,0.12071,0.04293858582888829,1591,0.02273,0.22018,2278
555,0.19847,0.02855880920239285,1012,0.05445,0.07808020250936908,1610,0.04996,0.09661,2257
548,0.13618,0.03727977352224297,1056,0.32259,0.0120151125736146,1637,0.12475,0.02148,2299
594,0.66526,0.0049017507541073415,1060,0.35843,0.009763797601270337,1596,0.02858,0.18432,2293
571,0.38266,0.014696730070784928,1023,0.09658,0.052259252547695964,1597,0.02996,0.18339,2289
597,0.69702,0.00419229688331081,1087,0.61196,0.002003242704386489,1620,0.07165,0.05674,2297
541,0.0879,0.04798146475031506,1022,0.09225,0.054295577168286355,1621,0.07452,0.05634,2298
562,0.27292,0.021562360252935793,1048,0.25528,0.017838480289134952,1554,0.00333,0.55197,2201
545,0.11433,0.04160882677707705,1033,0.14827,0.03496315836369797,1620,0.07165,0.05674,2292
507,0.00278,0.13547385676804075,968,0.00194,0.266378594648863,1533,0.00088,0.76307,2283
566,0.32096,0.01824124976884551,1040,0.19431,0.02581658229546258,1619,0.06906,0.05724,2296
584,0.54993,0.008072881715152068,1033,0.14827,0.03496315836369797,1622,0.07692,0.05587,2269
569,0.35794,0.016038443474946016,1028,0.12071,0.04293858582888829,1550,0.00265,0.59829,2272
533,0.04794,0.06295740354060067,1017,0.07172,0.06538904400863414,1562,0.00526,0.49791,2244
592,0.64405,0.005430844522244422,1086,0.60353,0.002136990553450333,1631,0.10398,0.03072,2278
509,0.00385,0.1284914524482879,995,0.01934,0.13429188775212894,1610,0.04996,0.09661,2277
563,0.28465,0.020688826938103186,1030,0.13194,0.03959397670945989,1583,0.01589,0.30283,2290
500,0.00092,0.16181715370253355,989,0.01249,0.1591890450684071,1573,0.00987,0.39689,2270
571,0.38266,0.014696730070784928,1004,0.03443,0.10193759807570915,1611,0.05175,0.09602,2288
574,0.4211,0.012861093778850353,1014,0.06089,0.0728056174696529,1595,0.02733,0.18542,2254
580,0.49991,0.00976402823629927,1051,0.27966,0.015428342975656546,1618,0.06664,0.07304,2284
537,0.06582,0.055082851815403844,1004,0.03443,0.10193759807570915,1577,0.01217,0.34986,2259
568,0.34529,0.016746669887787072,1061,0.36767,0.009260510350224568,1625,0.08543,0.0422,2292
546,0.12178,0.040124136871326134,1006,0.03861,0.09554993085534054,1606,0.04289,0.12152,2298
572,0.39549,0.014061912487180177,1022,0.09225,0.054295577168286355,1575,0.01087,0.35256,2277
532,0.04445,0.06505180923841213,1009,0.04574,0.08650170261383684,1608,0.04651,0.1199,2285
559,0.23891,0.024366041976868192,1047,0.24744,0.01870781568664433,1666,0.25937,0.00179,2298
563,0.28465,0.020688826938103186,1035,0.16101,0.03212146231626671,1594,0.02603,0.18643,2281
544,0.1073,0.04313617389871418,1009,0.04574,0.08650170261383684,1603,0.03806,0.14832,2300
552,0.17029,0.032070250411118835,996,0.02071,0.1304018254689262,1521,0.00033,0.83168,2203
566,0.32096,0.01824124976884551,1065,0.40597,0.007461855981476494,1620,0.07165,0.05674,2287
534,0.05189,0.06091394590388579,996,0.02071,0.1304018254689262,1551,0.00281,0.5966,2193
569,0.35794,0.016038443474946016,1062,0.37736,0.008779437321125563,1579,0.01312,0.30817,2266
588,0.59811,0.006639261621204894,1042,0.20902,0.02359281003833775,1567,0.00721,0.44869,2294
556,0.20823,0.027459700734093526,980,0.00587,0.20146093105263113,1595,0.02733,0.18542,2292
526,0.02635,0.07872188529824782,1016,0.06817,0.06779621344538382,1575,0.01087,0.35256,2260
564,0.29681,0.019844604932410845,1006,0.03861,0.09554993085534054,1624,0.08242,0.04252,2271
528,0.03161,0.07395111427328878,1015,0.06456,0.0702681444955853,1588,0.01988,0.25758,2300
569,0.35794,0.016038443474946016,1028,0.12071,0.04293858582888829,1600,0.03362,0.15109,2287
556,0.20823,0.027459700734093526,1014,0.06089,0.0728056174696529,1599,0.03245,0.15219,2296
537,0.06582,0.055082851815403844,990,0.01341,0.1548546539760021,1550,0.00265,0.59829,2297
525,0.02404,0.08118946001547649,976,0.00413,0.22206934473661805,1582,0.01517,0.30422,2274
499,0.0008,0.16582144211067898,1045,0.23174,0.020551196931872136,1605,0.04109,0.12226,2282
566,0.32096,0.01824124976884551,1083,0.57685,0.002586848962137028,1655,0.2015,0.00468,2297
530,0.0376,0.06939593476131407,977,0.00455,0.21681633205714562,1514,0.00015,0.86075,2191
561,0.26128,0.02246592359470571,1007,0.04063,0.09246325633583473,1598,0.03111,0.18239,2255
535,0.05631,0.05892080169059109,1032,0.14275,0.036456637893606626,1631,0.10398,0.03072,2283
569,0.35794,0.016038443474946016,1036,0.16724,0.030771188312560944,1603,0.03806,0.14832,2290
540,0.08175,0.049686717822517046,998,0.02347,0.12284409201506367,1551,0.00281,0.5966,2278
547,0.12872,0.03868136634169849,1011,0.05157,0.08081874884681862,1597,0.02996,0.18339,2297
586,0.57389,0.007325966490698255,1085,0.59484,0.0022785811267563936,1646,0.16088,0.01074,2298
586,0.57389,0.007325966490698255,1069,0.44353,0.00597107587845638,1588,0.01988,0.25758,2298
540,0.08175,0.049686717822517046,1013,0.05783,0.07540939284217735,1602,0.03672,0.14929,2289
549,0.14405,0.035918613611004124,1021,0.08775,0.056391497217150824,1575,0.01087,0.35256,2287
588,0.59811,0.006639261621204894,1051,0.27966,0.015428342975656546,1602,0.03672,0.14929,2281
533,0.04794,0.06295740354060067,1020,0.08342,0.058547921661033904,1613,0.05559,0.09458,2300
577,0.46064,0.01122239450243257,1034,0.15448,0.033518441913802946,1569,0.00803,0.40304,2286
561,0.26128,0.02246592359470571,1016,0.06817,0.06779621344538382,1573,0.00987,0.39689,2300
538,0.07096,0.05323671603558189,1021,0.08775,0.056391497217150824,1630,0.10061,0.03094,2282
571,0.38266,0.014696730070784928,1014,0.06089,0.0728056174696529,1588,0.01988,0.25758,2300
546,0.12178,0.040124136871326134,991,0.01452,0.15059400098504225,1521,0.00033,0.83168,2193
533,0.04794,0.06295740354060067,967,0.00174,0.2721863629482276,1579,0.01312,0.30817,2259
543,0.10059,0.044706911548009765,1019,0.07951,0.060765740519281575,1605,0.04109,0.12226,2292
517,0.01044,0.10296509556568054,1003,0.03234,0.1052394915244936,1573,0.00987,0.39689,2290
518,0.01168,0.10004136818048,983,0.00772,0.186727058016664,1558,0.0041,0.54556,2280
509,0.00385,0.1284914524482879,1008,0.04292,0.08944736102149425,1660,0.22658,0.00305,2287
540,0.08175,0.049686717822517046,1019,0.07951,0.060765740519281575,1566,0.00672,0.4501,2283
579,0.48723,0.010231105352655197,999,0.02487,0.11917618755716608,1507,7e-05,0.90318,2239
507,0.00278,0.13547385676804075,953,0.0004,0.3586813990073307,1558,0.0041,0.54556,2290
549,0.14405,0.035918613611004124,1020,0.08342,0.058547921661033904,1599,0.03245,0.15219,2266
596,0.68657,0.004418103020890216,1074,0.49184,0.00447451131282928,1652,0.18764,0.0068,2289
557,0.2185,0.026395032339200188,1047,0.24744,0.01870781568664433,1630,0.10061,0.03094,2292
526,0.02635,0.07872188529824782,968,0.00194,0.266378594648863,1548,0.00234,0.63986,2250
531,0.04096,0.06719778406910007,982,0.00715,0.19156813642141995,1527,0.00054,0.79927,2254
557,0.2185,0.026395032339200188,1046,0.23955,0.019611729562087305,1605,0.04109,0.12226,2272
578,0.47397,0.010717032410449944,1079,0.53875,0.0033154296968215145,1660,0.22658,0.00305,2292
607,0.7891,0.0024332603853785295,1076,0.51073,0.003974272087997418,1602,0.03672,0.14929,2259
516,0.00914,0.10594756054488934,1036,0.16724,0.030771188312560944,1613,0.05559,0.09458,2270
544,0.1073,0.04313617389871418,1029,0.12621,0.04123986701645993,1556,0.00369,0.54886,2273
512,0.00565,0.11847043392722138,1023,0.09658,0.052259252547695964,1591,0.02273,0.22018,2298
558,0.22831,0.02536405982119202,1016,0.06817,0.06779621344538382,1591,0.02273,0.22018,2300
597,0.69702,0.00419229688331081,1025,0.1057,0.04836166477694992,1612,0.05354,0.09518,2279
549,0.14405,0.035918613611004124,995,0.01934,0.13429188775212894,1571,0.00887,0.40015,2253
514,0.00742,0.11208988336077408,933,4e-05,0.492288536606687,1551,0.00281,0.5966,2268
556,0.20823,0.027459700734093526,1011,0.05157,0.08081874884681862,1627,0.09105,0.04152,2294
574,0.4211,0.012861093778850353,1032,0.14275,0.036456637893606626,1606,0.04289,0.12152,2298
573,0.40841,0.013450248207946344,1049,0.26321,0.01700275737287986,1611,0.05175,0.09602,2293
566,0.32096,0.01824124976884551,1026,0.11065,0.04649849945744893,1591,0.02273,0.22018,2280
547,0.12872,0.03868136634169849,1069,0.44353,0.00597107587845638,1597,0.02996,0.18339,2294
534,0.05189,0.06091394590388579,1000,0.02651,0.11558202443498841,1625,0.08543,0.0422,2297
630,0.92157,0.0006055915716046266,1093,0.66364,0.0013455970132501295,1639,0.13244,0.01561,2291
499,0.0008,0.16582144211067898,960,0.00087,0.3143227082258305,1523,0.00038,0.82997,2185
533,0.04794,0.06295740354060067,1001,0.02824,0.11206137253379161,1535,0.00109,0.72837,2267
551,0.16155,0.03331460167965405,1009,0.04574,0.08650170261383684,1575,0.01087,0.35256,2277
590,0.62147,0.006008813709333029,1050,0.2711,0.016199693455265687,1557,0.00387,0.54722,2254
527,0.02903,0.07630927785866645,1016,0.06817,0.06779621344538382,1609,0.04831,0.09745,2291
520,0.01473,0.09436879441500222,1014,0.06089,0.0728056174696529,1564,0.00602,0.45301,2261
559,0.23891,0.024366041976868192,1042,0.20902,0.02359281003833775,1562,0.00526,0.49791,2274
572,0.39549,0.014061912487180177,1022,0.09225,0.054295577168286355,1571,0.00887,0.40015,2278
598,0.70717,0.0039766441460513165,1063,0.38694,0.00831980548062178,1627,0.09105,0.04152,2294
567,0.33307,0.0174807101980228,1019,0.07951,0.060765740519281575,1562,0.00526,0.49791,2254
545,0.11433,0.04160882677707705,1026,0.11065,0.04649849945744893,1628,0.09423,0.04108,2300
558,0.22831,0.02536405982119202,1029,0.12621,0.04123986701645993,1640,0.13656,0.01545,2287
565,0.30876,0.019028981393071277,1021,0.08775,0.056391497217150824,1592,0.0238,0.21899,2286
566,0.32096,0.01824124976884551,1051,0.27966,0.015428342975656546,1626,0.08809,0.04187,2288
568,0.34529,0.016746669887787072,1065,0.40597,0.007461855981476494,1637,0.12475,0.02148,2274
566,0.32096,0.01824124976884551,1037,0.17386,0.029466591423661984,1593,0.0249,0.21777,2300
547,0.12872,0.03868136634169849,1060,0.35843,0.009763797601270337,1616,0.06214,0.07412,2268
533,0.04794,0.06295740354060067,970,0.00238,0.2549353721501601,1554,0.00333,0.55197,2226
587,0.58627,0.006975338951615,1077,0.51974,0.0037429791916296713,1658,0.21626,0.00449,2300
554,0.18839,0.029693104391855095,1019,0.07951,0.060765740519281575,1584,0.01658,0.26259,2296
563,0.28465,0.020688826938103186,1057,0.33146,0.01141491865803943,1613,0.05559,0.09458,2285
573,0.40841,0.013450248207946344,1059,0.34925,0.01029008864739369,1597,0.02996,0.18339,2289
506,0.00245,0.13905581029067357,979,0.00536,0.20651131130799644,1617,0.06427,0.07357,2289
573,0.40841,0.013450248207946344,1056,0.32259,0.0120151125736146,1603,0.03806,0.14832,2295
522,0.01782,0.08892693333344362,958,0.0006,0.32679388198607784,1578,0.01261,0.34839,2234
540,0.08175,0.049686717822517046,1002,0.03048,0.10861396516586448,1585,0.01732,0.26134,2257
529,0.03456,0.07164685292425026,1008,0.04292,0.08944736102149425,1598,0.03111,0.18239,2275
527,0.02903,0.07630927785866645,1005,0.03643,0.09870788939133658,1567,0.00721,0.44869,2254
536,0.06106,0.05697732347422706,1016,0.06817,0.06779621344538382,1564,0.00602,0.45301,2276
554,0.18839,0.029693104391855095,1002,0.03048,0.10861396516586448,1560,0.00466,0.50116,2262
571,0.38266,0.014696730070784928,1022,0.09225,0.054295577168286355,1569,0.00803,0.40304,2256
550,0.15284,0.03459713934790234,978,0.00487,0.21163004105402708,1582,0.01517,0.30422,2254
556,0.20823,0.027459700734093526,1033,0.14827,0.03496315836369797,1599,0.03245,0.15219,2291
549,0.14405,0.035918613611004124,1041,0.20127,0.024684419878608425,1588,0.01988,0.25758,2285
570,0.37013,0.015355353368027631,1015,0.06456,0.0702681444955853,1598,0.03111,0.18239,2270
517,0.01044,0.10296509556568054,986,0.00988,0.17263202146860682,1591,0.02273,0.22018,2298
554,0.18839,0.029693104391855095,994,0.01817,0.1382561561189221,1554,0.00333,0.55197,2246
541,0.0879,0.04798146475031506,1013,0.05783,0.07540939284217735,1578,0.01261,0.34839,2285
568,0.34529,0.016746669887787072,1059,0.34925,0.01029008864739369,1618,0.06664,0.07304,2260
575,0.43402,0.01229381495080834,1020,0.08342,0.058547921661033904,1582,0.01517,0.30422,2294
530,0.0376,0.06939593476131407,1002,0.03048,0.10861396516586448,1551,0.00281,0.5966,2278
554,0.18839,0.029693104391855095,1013,0.05783,0.07540939284217735,1525,0.00047,0.80163,2214
536,0.06106,0.05697732347422706,1046,0.23955,0.019611729562087305,1645,0.15685,0.01089,2287
552,0.17029,0.032070250411118835,994,0.01817,0.1382561561189221,1586,0.01815,0.25989,2258
545,0.11433,0.04160882677707705,995,0.01934,0.13429188775212894,1588,0.01988,0.25758,2300
529,0.03456,0.07164685292425026,996,0.02071,0.1304018254689262,1566,0.00672,0.4501,2293
517,0.01044,0.10296509556568054,1019,0.07951,0.060765740519281575,1584,0.01658,0.26259,2286
552,0.17029,0.032070250411118835,1016,0.06817,0.06779621344538382,1596,0.02858,0.18432,2288
556,0.20823,0.027459700734093526,1011,0.05157,0.08081874884681862,1583,0.01589,0.30283,2294
510,0.00442,0.12509087566847357,1019,0.07951,0.060765740519281575,1588,0.01988,0.25758,2295
536,0.06106,0.05697732347422706,1005,0.03643,0.09870788939133658,1612,0.05354,0.09518,2299
546,0.12178,0.040124136871326134,992,0.01566,0.14640728029505454,1560,0.00466,0.50116,2252
533,0.04794,0.06295740354060067,1026,0.11065,0.04649849945744893,1564,0.00602,0.45301,2266
513,0.00662,0.11525026582437174,987,0.01072,0.16807804111208538,1576,0.01156,0.35135,2258
582,0.52505,0.008884135269011042,1047,0.24744,0.01870781568664433,1622,0.07692,0.05587,2289
513,0.00662,0.11525026582437174,999,0.02487,0.11917618755716608,1544,0.00196,0.64544,2196
533,0.04794,0.06295740354060067,986,0.00988,0.17263202146860682,1580,0.0138,0.30675,2287
601,0.7367,0.003386852128462593,1097,0.69568,0.0010219672335602717,1621,0.07452,0.05634,2291
560,0.25009,0.023400241121207338,1019,0.07951,0.060765740519281575,1640,0.13656,0.01545,2267
616,0.85289,0.0014458687385174673,1047,0.24744,0.01870781568664433,1586,0.01815,0.25989,2298
564,0.29681,0.019844604932410845,1026,0.11065,0.04649849945744893,1585,0.01732,0.26134,2257
540,0.08175,0.049686717822517046,1020,0.08342,0.058547921661033904,1604,0.0396,0.12314,2291
557,0.2185,0.026395032339200188,1061,0.36767,0.009260510350224568,1669,0.27557,0.00108,2296
532,0.04445,0.06505180923841213,1030,0.13194,0.03959397670945989,1606,0.04289,0.12152,2274
551,0.16155,0.03331460167965405,1023,0.09658,0.052259252547695964,1593,0.0249,0.21777,2280
544,0.1073,0.04313617389871418,1032,0.14275,0.036456637893606626,1552,0.00299,0.5952,2299
560,0.25009,0.023400241121207338,1012,0.05445,0.07808020250936908,1605,0.04109,0.12226,2297
552,0.17029,0.032070250411118835,1040,0.19431,0.02581658229546258,1584,0.01658,0.26259,2251
553,0.17923,0.030863334842500444,1020,0.08342,0.058547921661033904,1584,0.01658,0.26259,2281
572,0.39549,0.014061912487180177,1073,0.48204,0.004744553673608799,1629,0.09751,0.03124,2286
512,0.00565,0.11847043392722138,973,0.00304,0.23821956795561378,1577,0.01217,0.34986,2259
576,0.44744,0.011747786912034812,1026,0.11065,0.04649849945744893,1596,0.02858,0.18432,2298
543,0.10059,0.044706911548009765,1008,0.04292,0.08944736102149425,1599,0.03245,0.15219,2296
537,0.06582,0.055082851815403844,967,0.00174,0.2721863629482276,1544,0.00196,0.64544,2266
536,0.06106,0.05697732347422706,964,0.00127,0.2899385501920277,1566,0.00672,0.4501,2263
555,0.19847,0.02855880920239285,1008,0.04292,0.08944736102149425,1571,0.00887,0.40015,2293
591,0.63227,0.005713498573484295,1031,0.137,0.0379999045362687,1639,0.13244,0.01561,2291
542,0.09414,0.04632176779604018,1054,0.30487,0.013295312848719492,1646,0.16088,0.01074,2293
542,0.09414,0.04632176779604018,1014,0.06089,0.0728056174696529,1590,0.02181,0.22131,2287
544,0.1073,0.04313617389871418,977,0.00455,0.21681633205714562,1561,0.00496,0.49948,2253
527,0.02903,0.07630927785866645,1011,0.05157,0.08081874884681862,1551,0.00281,0.5966,2273
545,0.11433,0.04160882677707705,1005,0.03643,0.09870788939133658,1528,0.0006,0.79821,2235
555,0.19847,0.02855880920239285,1010,0.04873,0.08362570274381714,1562,0.00526,0.49791,2294
520,0.01473,0.09436879441500222,967,0.00174,0.2721863629482276,1597,0.02996,0.18339,2289
546,0.12178,0.040124136871326134,1020,0.08342,0.058547921661033904,1607,0.04463,0.12065,2287
552,0.17029,0.032070250411118835,1043,0.21624,0.02254074004536688,1611,0.05175,0.09602,2273
538,0.07096,0.05323671603558189,1007,0.04063,0.09246325633583473,1558,0.0041,0.54556,2235
572,0.39549,0.014061912487180177,1048,0.25528,0.017838480289134952,1615,0.05993,0.07469,2272
591,0.63227,0.005713498573484295,1080,0.54841,0.0031181767174296346,1652,0.18764,0.0068,2289
570,0.37013,0.015355353368027631,1049,0.26321,0.01700275737287986,1639,0.13244,0.01561,2291
573,0.40841,0.013450248207946344,1033,0.14827,0.03496315836369797,1568,0.00757,0.44727,2275
554,0.18839,0.029693104391855095,1019,0.07951,0.060765740519281575,1571,0.00887,0.40015,2298
538,0.07096,0.05323671603558189,1015,0.06456,0.0702681444955853,1582,0.01517,0.30422,2299
526,0.02635,0.07872188529824782,960,0.00087,0.3143227082258305,1600,0.03362,0.15109,2262
558,0.22831,0.02536405982119202,1030,0.13194,0.03959397670945989,1671,0.2877,0.00107,2298
556,0.20823,0.027459700734093526,1009,0.04574,0.08650170261383684,1573,0.00987,0.39689,2280
549,0.14405,0.035918613611004124,1041,0.20127,0.024684419878608425,1617,0.06427,0.07357,2294
568,0.34529,0.016746669887787072,1017,0.07172,0.06538904400863414,1560,0.00466,0.50116,2277
582,0.52505,0.008884135269011042,1048,0.25528,0.017838480289134952,1603,0.03806,0.14832,2224
545,0.11433,0.04160882677707705,1021,0.08775,0.056391497217150824,1533,0.00088,0.76307,2280
552,0.17029,0.032070250411118835,1021,0.08775,0.056391497217150824,1569,0.00803,0.40304,2292
537,0.06582,0.055082851815403844,994,0.01817,0.1382561561189221,1557,0.00387,0.54722,2284
548,0.13618,0.03727977352224297,1046,0.23955,0.019611729562087305,1614,0.05764,0.07535,2291
536,0.06106,0.05697732347422706,1017,0.07172,0.06538904400863414,1610,0.04996,0.09661,2272
554,0.18839,0.029693104391855095,1043,0.21624,0.02254074004536688,1597,0.02996,0.18339,2229
546,0.12178,0.040124136871326134,1003,0.03234,0.1052394915244936,1553,0.00318,0.59378,2248
583,0.53744,0.008470201416961448,1046,0.23955,0.019611729562087305,1588,0.01988,0.25758,2285
538,0.07096,0.05323671603558189,1005,0.03643,0.09870788939133658,1596,0.02858,0.18432,2248
585,0.56178,0.00769164388903445,1044,0.22411,0.021527202107702995,1619,0.06906,0.05724,2291
552,0.17029,0.032070250411118835,1043,0.21624,0.02254074004536688,1667,0.26494,0.00177,2289
614,0.83969,0.001627369218336244,1108,0.77506,0.00045994134078418283,1638,0.12837,0.02129,2300
526,0.02635,0.07872188529824782,971,0.00265,0.2493023934405924,1584,0.01658,0.26259,2286
544,0.1073,0.04313617389871418,998,0.02347,0.12284409201506367,1552,0.00299,0.5952,2294
530,0.0376,0.06939593476131407,996,0.02071,0.1304018254689262,1607,0.04463,0.12065,2294
546,0.12178,0.040124136871326134,984,0.00842,0.1819569959217331,1519,0.00024,0.83347,2201
539,0.0761,0.05143823498767119,1029,0.12621,0.04123986701645993,1536,0.00117,0.72714,2298
559,0.23891,0.024366041976868192,1032,0.14275,0.036456637893606626,1659,0.22142,0.00308,2296
558,0.22831,0.02536405982119202,1023,0.09658,0.052259252547695964,1587,0.01894,0.25879,2289
605,0.77236,0.002720698360597292,1067,0.42517,0.0066808097772857004,1657,0.21127,0.00456,2294
550,0.15284,0.03459713934790234,1014,0.06089,0.0728056174696529,1602,0.03672,0.14929,2279
519,0.01327,0.0971760516042577,982,0.00715,0.19156813642141995,1514,0.00015,0.86075,2251
586,0.57389,0.007325966490698255,1047,0.24744,0.01870781568664433,1616,0.06214,0.07412,2268
538,0.07096,0.05323671603558189,1024,0.10102,0.05028159602454126,1569,0.00803,0.40304,2281
562,0.27292,0.021562360252935793,1016,0.06817,0.06779621344538382,1587,0.01894,0.25879,2296
532,0.04445,0.06505180923841213,1017,0.07172,0.06538904400863414,1569,0.00803,0.40304,2296
551,0.16155,0.03331460167965405,990,0.01341,0.1548546539760021,1546,0.00215,0.64278,2228
574,0.4211,0.012861093778850353,1009,0.04574,0.08650170261383684,1563,0.00557,0.49641,2295
572,0.39549,0.014061912487180177,1011,0.05157,0.08081874884681862,1577,0.01217,0.34986,2294
531,0.04096,0.06719778406910007,1006,0.03861,0.09554993085534054,1597,0.02996,0.18339,2249
566,0.32096,0.01824124976884551,1055,0.31345,0.012641622023954555,1598,0.03111,0.18239,2285
572,0.39549,0.014061912487180177,1021,0.08775,0.056391497217150824,1610,0.04996,0.09661,2287
539,0.0761,0.05143823498767119,998,0.02347,0.12284409201506367,1497,3e-05,0.93696,2274
548,0.13618,0.03727977352224297,1041,0.20127,0.024684419878608425,1616,0.06214,0.07412,2281
568,0.34529,0.016746669887787072,1034,0.15448,0.033518441913802946,1637,0.12475,0.02148,2284
598,0.70717,0.0039766441460513165,1047,0.24744,0.01870781568664433,1629,0.09751,0.03124,2281
569,0.35794,0.016038443474946016,1031,0.137,0.0379999045362687,1575,0.01087,0.35256,2257
559,0.23891,0.024366041976868192,987,0.01072,0.16807804111208538,1607,0.04463,0.12065,2289
521,0.0161,0.09161922121937274,991,0.01452,0.15059400098504225,1569,0.00803,0.40304,2261
555,0.19847,0.02855880920239285,1048,0.25528,0.017838480289134952,1568,0.00757,0.44727,2285
525,0.02404,0.08118946001547649,974,0.00342,0.2327719264074534,1542,0.00171,0.68557,2259
526,0.02635,0.07872188529824782,1004,0.03443,0.10193759807570915,1576,0.01156,0.35135,2270
546,0.12178,0.040124136871326134,1049,0.26321,0.01700275737287986,1626,0.08809,0.04187,2288
586,0.57389,0.007325966490698255,1034,0.15448,0.033518441913802946,1626,0.08809,0.04187,2293
531,0.04096,0.06719778406910007,1016,0.06817,0.06779621344538382,1578,0.01261,0.34839,2270
567,0.33307,0.0174807101980228,1005,0.03643,0.09870788939133658,1584,0.01658,0.26259,2286
532,0.04445,0.06505180923841213,1040,0.19431,0.02581658229546258,1587,0.01894,0.25879,2224
546,0.12178,0.040124136871326134,1046,0.23955,0.019611729562087305,1648,0.16975,0.01055,2300
593,0.6548,0.005160406606828956,1054,0.30487,0.013295312848719492,1622,0.07692,0.05587,2284
580,0.49991,0.00976402823629927,1040,0.19431,0.02581658229546258,1593,0.0249,0.21777,2290
563,0.28465,0.020688826938103186,1017,0.07172,0.06538904400863414,1606,0.04289,0.12152,2293
561,0.26128,0.02246592359470571,1037,0.17386,0.029466591423661984,1628,0.09423,0.04108,2295
549,0.14405,0.035918613611004124,978,0.00487,0.21163004105402708,1572,0.00934,0.39839,2284
518,0.01168,0.10004136818048,988,0.01143,0.16359693617424872,1555,0.00354,0.55038,2277
539,0.0761,0.05143823498767119,1042,0.20902,0.02359281003833775,1658,0.21626,0.00449,2295
574,0.4211,0.012861093778850353,1035,0.16101,0.03212146231626671,1571,0.00887,0.40015,2263
563,0.28465,0.020688826938103186,1010,0.04873,0.08362570274381714,1572,0.00934,0.39839,2239
529,0.03456,0.07164685292425026,1010,0.04873,0.08362570274381714,1585,0.01732,0.26134,2257
524,0.02183,0.08371250648363102,980,0.00587,0.20146093105263113,1579,0.01312,0.30817,2281
532,0.04445,0.06505180923841213,981,0.00644,0.19647964118820407,1536,0.00117,0.72714,2283
561,0.26128,0.02246592359470571,1023,0.09658,0.052259252547695964,1596,0.02858,0.18432,2278
521,0.0161,0.09161922121937274,968,0.00194,0.266378594648863,1529,0.00064,0.76786,2221
619,0.8715,0.0012074627581375335,1076,0.51073,0.003974272087997418,1593,0.0249,0.21777,2276
525,0.02404,0.08118946001547649,1020,0.08342,0.058547921661033904,1591,0.02273,0.22018,2253
562,0.27292,0.021562360252935793,1015,0.06456,0.0702681444955853,1570,0.00839,0.40158,2267
553,0.17923,0.030863334842500444,994,0.01817,0.1382561561189221,1598,0.03111,0.18239,2277
606,0.78087,0.002573432552474827,1078,0.52953,0.003523534128409287,1596,0.02858,0.18432,2283
543,0.10059,0.044706911548009765,1001,0.02824,0.11206137253379161,1581,0.01451,0.30552,2298
530,0.0376,0.06939593476131407,999,0.02487,0.11917618755716608,1562,0.00526,0.49791,2244
553,0.17923,0.030863334842500444,999,0.02487,0.11917618755716608,1532,0.00082,0.76421,2299
599,0.71717,0.0037707641814722173,1062,0.37736,0.008779437321125563,1633,0.11039,0.03012,2295
539,0.0761,0.05143823498767119,1009,0.04574,0.08650170261383684,1621,0.07452,0.05634,2283
580,0.49991,0.00976402823629927,1031,0.137,0.0379999045362687,1563,0.00557,0.49641,2285
543,0.10059,0.044706911548009765,1011,0.05157,0.08081874884681862,1578,0.01261,0.34839,2274
556,0.20823,0.027459700734093526,1048,0.25528,0.017838480289134952,1608,0.04651,0.1199,2285
544,0.1073,0.04313617389871418,1007,0.04063,0.09246325633583473,1560,0.00466,0.50116,2267
533,0.04794,0.06295740354060067,1010,0.04873,0.08362570274381714,1595,0.02733,0.18542,2217
581,0.51248,0.009315226305163953,1039,0.18712,0.026990315091009055,1595,0.02733,0.18542,2297
514,0.00742,0.11208988336077408,1008,0.04292,0.08944736102149425,1581,0.01451,0.30552,2243
498,0.00064,0.16988549582495266,967,0.00174,0.2721863629482276,1564,0.00602,0.45301,2286
546,0.12178,0.040124136871326134,1028,0.12071,0.04293858582888829,1607,0.04463,0.12065,2299
557,0.2185,0.026395032339200188,1027,0.11571,0.044691132922913254,1582,0.01517,0.30422,2299
537,0.06582,0.055082851815403844,1000,0.02651,0.11558202443498841,1574,0.01028,0.35407,2226
540,0.08175,0.049686717822517046,1017,0.07172,0.06538904400863414,1596,0.02858,0.18432,2278
529,0.03456,0.07164685292425026,1002,0.03048,0.10861396516586448,1599,0.03245,0.15219,2281
527,0.02903,0.07630927785866645,967,0.00174,0.2721863629482276,1568,0.00757,0.44727,2260
534,0.05189,0.06091394590388579,1001,0.02824,0.11206137253379161,1561,0.00496,0.49948,2298
547,0.12872,0.03868136634169849,1035,0.16101,0.03212146231626671,1610,0.04996,0.09661,2292
595,0.6764,0.004654453718105176,1081,0.55807,0.002931299901753717,1646,0.16088,0.01074,2293
546,0.12178,0.040124136871326134,1028,0.12071,0.04293858582888829,1594,0.02603,0.18643,2276
515,0.00819,0.10898906461665048,997,0.02202,0.12658592461451013,1594,0.02603,0.18643,2296
518,0.01168,0.10004136818048,989,0.01249,0.1591890450684071,1525,0.00047,0.80163,2267
586,0.57389,0.007325966490698255,1092,0.65457,0.001439617835001317,1645,0.15685,0.01089,2297
552,0.17029,0.032070250411118835,1030,0.13194,0.03959397670945989,1587,0.01894,0.25879,2283
554,0.18839,0.029693104391855095,1038,0.18062,0.028206643168856644,1650,0.1784,0.00699,2297
587,0.58627,0.006975338951615,1016,0.06817,0.06779621344538382,1601,0.03517,0.15017,2292
512,0.00565,0.11847043392722138,1011,0.05157,0.08081874884681862,1609,0.04831,0.09745,2286
557,0.2185,0.026395032339200188,994,0.01817,0.1382561561189221,1576,0.01156,0.35135,2298
504,0.00168,0.1464013056895814,1006,0.03861,0.09554993085534054,1624,0.08242,0.04252,2296
560,0.25009,0.023400241121207338,1052,0.28807,0.014687773736555793,1623,0.07971,0.05545,2300
535,0.05631,0.05892080169059109,982,0.00715,0.19156813642141995,1567,0.00721,0.44869,2296
572,0.39549,0.014061912487180177,1010,0.04873,0.08362570274381714,1602,0.03672,0.14929,2259
506,0.00245,0.13905581029067357,971,0.00265,0.2493023934405924,1591,0.02273,0.22018,2283
502,0.00129,0.15398866884503148,976,0.00413,0.22206934473661805,1589,0.02083,0.22261,2291
535,0.05631,0.05892080169059109,984,0.00842,0.1819569959217331,1554,0.00333,0.55197,2281
546,0.12178,0.040124136871326134,1046,0.23955,0.019611729562087305,1581,0.01451,0.30552,2273
549,0.14405,0.035918613611004124,1025,0.1057,0.04836166477694992,1578,0.01261,0.34839,2290
552,0.17029,0.032070250411118835,1040,0.19431,0.02581658229546258,1675,0.312,0.00059,2292
541,0.0879,0.04798146475031506,1025,0.1057,0.04836166477694992,1628,0.09423,0.04108,2270
583,0.53744,0.008470201416961448,1022,0.09225,0.054295577168286355,1560,0.00466,0.50116,2212
552,0.17029,0.032070250411118835,1027,0.11571,0.044691132922913254,1556,0.00369,0.54886,2283
555,0.19847,0.02855880920239285,1033,0.14827,0.03496315836369797,1574,0.01028,0.35407,2291
577,0.46064,0.01122239450243257,1061,0.36767,0.009260510350224568,1635,0.11729,0.02189,2267
576,0.44744,0.011747786912034812,1071,0.46316,0.00532734042695719,1606,0.04289,0.12152,2258
587,0.58627,0.006975338951615,1084,0.58607,0.002428400655974101,1602,0.03672,0.14929,2289
522,0.01782,0.08892693333344362,977,0.00455,0.21681633205714562,1620,0.07165,0.05674,2297
524,0.02183,0.08371250648363102,990,0.01341,0.1548546539760021,1573,0.00987,0.39689,2290
552,0.17029,0.032070250411118835,1037,0.17386,0.029466591423661984,1628,0.09423,0.04108,2285
565,0.30876,0.019028981393071277,1013,0.05783,0.07540939284217735,1585,0.01732,0.26134,2277
549,0.14405,0.035918613611004124,1014,0.06089,0.0728056174696529,1623,0.07971,0.05545,2300
564,0.29681,0.019844604932410845,1031,0.137,0.0379999045362687,1616,0.06214,0.07412,2298
516,0.00914,0.10594756054488934,960,0.00087,0.3143227082258305,1553,0.00318,0.59378,2225
561,0.26128,0.02246592359470571,1045,0.23174,0.020551196931872136,1601,0.03517,0.15017,2298
525,0.02404,0.08118946001547649,992,0.01566,0.14640728029505454,1546,0.00215,0.64278,2263
538,0.07096,0.05323671603558189,975,0.00379,0.22738818989218357,1563,0.00557,0.49641,2267
556,0.20823,0.027459700734093526,1019,0.07951,0.060765740519281575,1565,0.00638,0.45153,2283
534,0.05189,0.06091394590388579,1011,0.05157,0.08081874884681862,1610,0.04996,0.09661,2277
505,0.00208,0.14269829788659802,976,0.00413,0.22206934473661805,1538,0.00134,0.72452,2190
554,0.18839,0.029693104391855095,1024,0.10102,0.05028159602454126,1603,0.03806,0.14832,2280
561,0.26128,0.02246592359470571,1022,0.09225,0.054295577168286355,1597,0.02996,0.18339,2299
536,0.06106,0.05697732347422706,1006,0.03861,0.09554993085534054,1587,0.01894,0.25879,2294
543,0.10059,0.044706911548009765,1026,0.11065,0.04649849945744893,1624,0.08242,0.04252,2291
550,0.15284,0.03459713934790234,995,0.01934,0.13429188775212894,1569,0.00803,0.40304,2236
557,0.2185,0.026395032339200188,1032,0.14275,0.036456637893606626,1628,0.09423,0.04108,2300
576,0.44744,0.011747786912034812,1034,0.15448,0.033518441913802946,1575,0.01087,0.35256,2282
573,0.40841,0.013450248207946344,1024,0.10102,0.05028159602454126,1569,0.00803,0.40304,2271
545,0.11433,0.04160882677707705,976,0.00413,0.22206934473661805,1520,0.00027,0.83244,2247
550,0.15284,0.03459713934790234,1018,0.07534,0.0630458300748898,1559,0.00431,0.50272,2216
527,0.02903,0.07630927785866645,1016,0.06817,0.06779621344538382,1590,0.02181,0.22131,2282
552,0.17029,0.032070250411118835,1025,0.1057,0.04836166477694992,1572,0.00934,0.39839,2284
537,0.06582,0.055082851815403844,1027,0.11571,0.044691132922913254,1584,0.01658,0.26259,2256
536,0.06106,0.05697732347422706,1019,0.07951,0.060765740519281575,1598,0.03111,0.18239,2285
537,0.06582,0.055082851815403844,996,0.02071,0.1304018254689262,1572,0.00934,0.39839,2274
545,0.11433,0.04160882677707705,1004,0.03443,0.10193759807570915,1549,0.00249,0.59962,2291
500,0.00092,0.16181715370253355,928,1e-05,0.5260096013496532,1564,0.00602,0.45301,2296
543,0.10059,0.044706911548009765,989,0.01249,0.1591890450684071,1525,0.00047,0.80163,2245
556,0.20823,0.027459700734093526,1043,0.21624,0.02254074004536688,1619,0.06906,0.05724,2291
507,0.00278,0.13547385676804075,979,0.00536,0.20651131130799644,1569,0.00803,0.40304,2291
535,0.05631,0.05892080169059109,1023,0.09658,0.052259252547695964,1564,0.00602,0.45301,2221
549,0.14405,0.035918613611004124,1003,0.03234,0.1052394915244936,1645,0.15685,0.01089,2282
537,0.06582,0.055082851815403844,998,0.02347,0.12284409201506367,1547,0.00227,0.64148,2244
532,0.04445,0.06505180923841213,969,0.00217,0.2606278450050883,1544,0.00196,0.64544,2256
596,0.68657,0.004418103020890216,1061,0.36767,0.009260510350224568,1603,0.03806,0.14832,2280
570,0.37013,0.015355353368027631,1064,0.39663,0.007880857771484921,1608,0.04651,0.1199,2285
568,0.34529,0.016746669887787072,997,0.02202,0.12658592461451013,1573,0.00987,0.39689,2295
538,0.07096,0.05323671603558189,1024,0.10102,0.05028159602454126,1546,0.00215,0.64278,2273
553,0.17923,0.030863334842500444,1060,0.35843,0.009763797601270337,1589,0.02083,0.22261,2286
550,0.15284,0.03459713934790234,1040,0.19431,0.02581658229546258,1590,0.02181,0.22131,2207
567,0.33307,0.0174807101980228,1011,0.05157,0.08081874884681862,1591,0.02273,0.22018,2267
540,0.08175,0.049686717822517046,1010,0.04873,0.08362570274381714,1597,0.02996,0.18339,2299
576,0.44744,0.011747786912034812,1020,0.08342,0.058547921661033904,1590,0.02181,0.22131,2276
556,0.20823,0.027459700734093526,1018,0.07534,0.0630458300748898,1620,0.07165,0.05674,2297
565,0.30876,0.019028981393071277,1035,0.16101,0.03212146231626671,1615,0.05993,0.07469,2287
532,0.04445,0.06505180923841213,983,0.00772,0.186727058016664,1578,0.01261,0.34839,2285
530,0.0376,0.06939593476131407,1006,0.03861,0.09554993085534054,1546,0.00215,0.64278,2253
571,0.38266,0.014696730070784928,1039,0.18712,0.026990315091009055,1652,0.18764,0.0068,2274
593,0.6548,0.005160406606828956,1035,0.16101,0.03212146231626671,1606,0.04289,0.12152,2293
530,0.0376,0.06939593476131407,998,0.02347,0.12284409201506367,1578,0.01261,0.34839,2300
528,0.03161,0.07395111427328878,1001,0.02824,0.11206137253379161,1560,0.00466,0.50116,2297
532,0.04445,0.06505180923841213,993,0.01686,0.14229463445134527,1570,0.00839,0.40158,2242
564,0.29681,0.019844604932410845,1021,0.08775,0.056391497217150824,1591,0.02273,0.22018,2298
541,0.0879,0.04798146475031506,978,0.00487,0.21163004105402708,1529,0.00064,0.76786,2281
529,0.03456,0.07164685292425026,986,0.00988,0.17263202146860682,1586,0.01815,0.25989,2253
552,0.17029,0.032070250411118835,990,0.01341,0.1548546539760021,1574,0.01028,0.35407,2276
518,0.01168,0.10004136818048,954,0.00043,0.3522296143951197,1508,0.0001,0.90257,2265
517,0.01044,0.10296509556568054,1007,0.04063,0.09246325633583473,1577,0.01217,0.34986,2244
556,0.20823,0.027459700734093526,1014,0.06089,0.0728056174696529,1583,0.01589,0.30283,2280
568,0.34529,0.016746669887787072,1036,0.16724,0.030771188312560944,1595,0.02733,0.18542,2282
515,0.00819,0.10898906461665048,1013,0.05783,0.07540939284217735,1532,0.00082,0.76421,2278
531,0.04096,0.06719778406910007,1014,0.06089,0.0728056174696529,1635,0.11729,0.02189,2278
563,0.28465,0.020688826938103186,1038,0.18062,0.028206643168856644,1589,0.02083,0.22261,2266
545,0.11433,0.04160882677707705,1045,0.23174,0.020551196931872136,1656,0.20629,0.00462,2288
513,0.00662,0.11525026582437174,967,0.00174,0.2721863629482276,1565,0.00638,0.45153,2297
539,0.0761,0.05143823498767119,1000,0.02651,0.11558202443498841,1590,0.02181,0.22131,2292
539,0.0761,0.05143823498767119,1008,0.04292,0.08944736102149425,1534,0.00096,0.72949,2226
542,0.09414,0.04632176779604018,1025,0.1057,0.04836166477694992,1571,0.00887,0.40015,2288
554,0.18839,0.029693104391855095,1049,0.26321,0.01700275737287986,1649,0.1742,0.00715,2286
531,0.04096,0.06719778406910007,1005,0.03643,0.09870788939133658,1571,0.00887,0.40015,2263
537,0.06582,0.055082851815403844,1029,0.12621,0.04123986701645993,1613,0.05559,0.09458,2255
542,0.09414,0.04632176779604018,1029,0.12621,0.04123986701645993,1613,0.05559,0.09458,2295
567,0.33307,0.0174807101980228,1012,0.05445,0.07808020250936908,1599,0.03245,0.15219,2251
579,0.48723,0.010231105352655197,1084,0.58607,0.002428400655974101,1649,0.1742,0.00715,2299
521,0.0161,0.09161922121937274,979,0.00536,0.20651131130799644,1581,0.01451,0.30552,2288
550,0.15284,0.03459713934790234,1020,0.08342,0.058547921661033904,1561,0.00496,0.49948,2243
527,0.02903,0.07630927785866645,994,0.01817,0.1382561561189221,1590,0.02181,0.22131,2272
562,0.27292,0.021562360252935793,1060,0.35843,0.009763797601270337,1593,0.0249,0.21777,2295
568,0.34529,0.016746669887787072,993,0.01686,0.14229463445134527,1564,0.00602,0.45301,2296
551,0.16155,0.03331460167965405,1018,0.07534,0.0630458300748898,1572,0.00934,0.39839,2254
553,0.17923,0.030863334842500444,992,0.01566,0.14640728029505454,1594,0.02603,0.18643,2281
569,0.35794,0.016038443474946016,1043,0.21624,0.02254074004536688,1568,0.00757,0.44727,2285
565,0.30876,0.019028981393071277,1047,0.24744,0.01870781568664433,1587,0.01894,0.25879,2294
563,0.28465,0.020688826938103186,1012,0.05445,0.07808020250936908,1583,0.01589,0.30283,2260
536,0.06106,0.05697732347422706,1009,0.04574,0.08650170261383684,1593,0.0249,0.21777,2270
551,0.16155,0.03331460167965405,995,0.01934,0.13429188775212894,1540,0.00148,0.68798,2298
546,0.12178,0.040124136871326134,1010,0.04873,0.08362570274381714,1528,0.0006,0.79821,2260
524,0.02183,0.08371250648363102,1027,0.11571,0.044691132922913254,1635,0.11729,0.02189,2290
534,0.05189,0.06091394590388579,987,0.01072,0.16807804111208538,1584,0.01658,0.26259,2286
535,0.05631,0.05892080169059109,974,0.00342,0.2327719264074534,1598,0.03111,0.18239,2285
527,0.02903,0.07630927785866645,958,0.0006,0.32679388198607784,1516,0.00019,0.85899,2213
552,0.17029,0.032070250411118835,1009,0.04574,0.08650170261383684,1553,0.00318,0.59378,2260
531,0.04096,0.06719778406910007,994,0.01817,0.1382561561189221,1592,0.0238,0.21899,2274
579,0.48723,0.010231105352655197,1022,0.09225,0.054295577168286355,1615,0.05993,0.07469,2297
549,0.14405,0.035918613611004124,1000,0.02651,0.11558202443498841,1587,0.01894,0.25879,2279
538,0.07096,0.05323671603558189,995,0.01934,0.13429188775212894,1597,0.02996,0.18339,2294
521,0.0161,0.09161922121937274,1005,0.03643,0.09870788939133658,1609,0.04831,0.09745,2266
550,0.15284,0.03459713934790234,1006,0.03861,0.09554993085534054,1586,0.01815,0.25989,2273
526,0.02635,0.07872188529824782,1031,0.137,0.0379999045362687,1607,0.04463,0.12065,2299
563,0.28465,0.020688826938103186,1008,0.04292,0.08944736102149425,1535,0.00109,0.72837,2237
556,0.20823,0.027459700734093526,1003,0.03234,0.1052394915244936,1578,0.01261,0.34839,2300
507,0.00278,0.13547385676804075,974,0.00342,0.2327719264074534,1575,0.01087,0.35256,2297
527,0.02903,0.07630927785866645,966,0.00154,0.27804984797236265,1573,0.00987,0.39689,2285
557,0.2185,0.026395032339200188,1003,0.03234,0.1052394915244936,1572,0.00934,0.39839,2289
583,0.53744,0.008470201416961448,1055,0.31345,0.012641622023954555,1639,0.13244,0.01561,2281
559,0.23891,0.024366041976868192,1058,0.34029,0.010840189450545663,1625,0.08543,0.0422,2297
522,0.01782,0.08892693333344362,989,0.01249,0.1591890450684071,1555,0.00354,0.55038,2252
564,0.29681,0.019844604932410845,1042,0.20902,0.02359281003833775,1622,0.07692,0.05587,2274
522,0.01782,0.08892693333344362,1015,0.06456,0.0702681444955853,1583,0.01589,0.30283,2265
581,0.51248,0.009315226305163953,1069,0.44353,0.00597107587845638,1611,0.05175,0.09602,2298
542,0.09414,0.04632176779604018,993,0.01686,0.14229463445134527,1616,0.06214,0.07412,2283
540,0.08175,0.049686717822517046,1032,0.14275,0.036456637893606626,1620,0.07165,0.05674,2263
560,0.25009,0.023400241121207338,1034,0.15448,0.033518441913802946,1624,0.08242,0.04252,2296
550,0.15284,0.03459713934790234,1019,0.07951,0.060765740519281575,1589,0.02083,0.22261,2296
586,0.57389,0.007325966490698255,1048,0.25528,0.017838480289134952,1609,0.04831,0.09745,2266
505,0.00208,0.14269829788659802,991,0.01452,0.15059400098504225,1617,0.06427,0.07357,2259
555,0.19847,0.02855880920239285,1013,0.05783,0.07540939284217735,1579,0.01312,0.30817,2281
540,0.08175,0.049686717822517046,983,0.00772,0.186727058016664,1564,0.00602,0.45301,2261
555,0.19847,0.02855880920239285,1005,0.03643,0.09870788939133658,1546,0.00215,0.64278,2243
514,0.00742,0.11208988336077408,989,0.01249,0.1591890450684071,1563,0.00557,0.49641,2245
550,0.15284,0.03459713934790234,994,0.01817,0.1382561561189221,1560,0.00466,0.50116,2217
510,0.00442,0.12509087566847357,975,0.00379,0.22738818989218357,1585,0.01732,0.26134,2267
529,0.03456,0.07164685292425026,988,0.01143,0.16359693617424872,1628,0.09423,0.04108,2290
546,0.12178,0.040124136871326134,1037,0.17386,0.029466591423661984,1636,0.12084,0.02166,2293
547,0.12872,0.03868136634169849,1008,0.04292,0.08944736102149425,1613,0.05559,0.09458,2300
553,0.17923,0.030863334842500444,1021,0.08775,0.056391497217150824,1609,0.04831,0.09745,2281
536,0.06106,0.05697732347422706,1018,0.07534,0.0630458300748898,1595,0.02733,0.18542,2247
558,0.22831,0.02536405982119202,995,0.01934,0.13429188775212894,1622,0.07692,0.05587,2274
602,0.74547,0.0032081105300560396,1022,0.09225,0.054295577168286355,1592,0.0238,0.21899,2244
569,0.35794,0.016038443474946016,1016,0.06817,0.06779621344538382,1602,0.03672,0.14929,2244
534,0.05189,0.06091394590388579,1021,0.08775,0.056391497217150824,1609,0.04831,0.09745,2293
556,0.20823,0.027459700734093526,1015,0.06456,0.0702681444955853,1573,0.00987,0.39689,2235
549,0.14405,0.035918613611004124,1070,0.45363,0.0056412800981722406,1655,0.2015,0.00468,2282
544,0.1073,0.04313617389871418,1020,0.08342,0.058547921661033904,1627,0.09105,0.04152,2294
564,0.29681,0.019844604932410845,1025,0.1057,0.04836166477694992,1603,0.03806,0.14832,2282
529,0.03456,0.07164685292425026,989,0.01249,0.1591890450684071,1568,0.00757,0.44727,2250
532,0.04445,0.06505180923841213,980,0.00587,0.20146093105263113,1583,0.01589,0.30283,2265
536,0.06106,0.05697732347422706,979,0.00536,0.20651131130799644,1592,0.0238,0.21899,2274
522,0.01782,0.08892693333344362,994,0.01817,0.1382561561189221,1582,0.01517,0.30422,2294
535,0.05631,0.05892080169059109,982,0.00715,0.19156813642141995,1575,0.01087,0.35256,2282
581,0.51248,0.009315226305163953,1092,0.65457,0.001439617835001317,1636,0.12084,0.02166,2288
517,0.01044,0.10296509556568054,960,0.00087,0.3143227082258305,1538,0.00134,0.72452,2283
533,0.04794,0.06295740354060067,1004,0.03443,0.10193759807570915,1591,0.02273,0.22018,2289
563,0.28465,0.020688826938103186,1039,0.18712,0.026990315091009055,1574,0.01028,0.35407,2236
560,0.25009,0.023400241121207338,986,0.00988,0.17263202146860682,1605,0.04109,0.12226,2277
510,0.00442,0.12509087566847357,985,0.00907,0.17725848744970762,1583,0.01589,0.30283,2250
564,0.29681,0.019844604932410845,1010,0.04873,0.08362570274381714,1597,0.02996,0.18339,2299
557,0.2185,0.026395032339200188,1052,0.28807,0.014687773736555793,1577,0.01217,0.34986,2299
597,0.69702,0.00419229688331081,1076,0.51073,0.003974272087997418,1623,0.07971,0.05545,2275
562,0.27292,0.021562360252935793,1020,0.08342,0.058547921661033904,1567,0.00721,0.44869,2239
576,0.44744,0.011747786912034812,1047,0.24744,0.01870781568664433,1637,0.12475,0.02148,2289
544,0.1073,0.04313617389871418,1047,0.24744,0.01870781568664433,1586,0.01815,0.25989,2243
537,0.06582,0.055082851815403844,1017,0.07172,0.06538904400863414,1570,0.00839,0.40158,2267
529,0.03456,0.07164685292425026,971,0.00265,0.2493023934405924,1599,0.03245,0.15219,2296
506,0.00245,0.13905581029067357,973,0.00304,0.23821956795561378,1547,0.00227,0.64148,2274
548,0.13618,0.03727977352224297,997,0.02202,0.12658592461451013,1580,0.0138,0.30675,2297
549,0.14405,0.035918613611004124,1047,0.24744,0.01870781568664433,1562,0.00526,0.49791,2234
526,0.02635,0.07872188529824782,990,0.01341,0.1548546539760021,1591,0.02273,0.22018,2263
524,0.02183,0.08371250648363102,1029,0.12621,0.04123986701645993,1568,0.00757,0.44727,2240
538,0.07096,0.05323671603558189,1037,0.17386,0.029466591423661984,1589,0.02083,0.22261,2269
557,0.2185,0.026395032339200188,1036,0.16724,0.030771188312560944,1593,0.0249,0.21777,2290
561,0.26128,0.02246592359470571,1054,0.30487,0.013295312848719492,1626,0.08809,0.04187,2298
566,0.32096,0.01824124976884551,1051,0.27966,0.015428342975656546,1644,0.15276,0.011,2291
538,0.07096,0.05323671603558189,1037,0.17386,0.029466591423661984,1611,0.05175,0.09602,2283
571,0.38266,0.014696730070784928,1042,0.20902,0.02359281003833775,1614,0.05764,0.07535,2296
532,0.04445,0.06505180923841213,980,0.00587,0.20146093105263113,1609,0.04831,0.09745,2291
547,0.12872,0.03868136634169849,1017,0.07172,0.06538904400863414,1625,0.08543,0.0422,2292
530,0.0376,0.06939593476131407,994,0.01817,0.1382561561189221,1570,0.00839,0.40158,2282
579,0.48723,0.010231105352655197,1064,0.39663,0.007880857771484921,1643,0.14841,0.01502,2290
518,0.01168,0.10004136818048,981,0.00644,0.19647964118820407,1552,0.00299,0.5952,2274
571,0.38266,0.014696730070784928,1040,0.19431,0.02581658229546258,1609,0.04831,0.09745,2291
585,0.56178,0.00769164388903445,1068,0.43436,0.006317367655770315,1642,0.14447,0.01518,2294
541,0.0879,0.04798146475031506,975,0.00379,0.22738818989218357,1574,0.01028,0.35407,2281
529,0.03456,0.07164685292425026,987,0.01072,0.16807804111208538,1549,0.00249,0.59962,2256
547,0.12872,0.03868136634169849,983,0.00772,0.186727058016664,1538,0.00134,0.72452,2245
531,0.04096,0.06719778406910007,1032,0.14275,0.036456637893606626,1629,0.09751,0.03124,2281
587,0.58627,0.006975338951615,1040,0.19431,0.02581658229546258,1601,0.03517,0.15017,2293
569,0.35794,0.016038443474946016,1008,0.04292,0.08944736102149425,1598,0.03111,0.18239,2290
543,0.10059,0.044706911548009765,1009,0.04574,0.08650170261383684,1611,0.05175,0.09602,2283
529,0.03456,0.07164685292425026,996,0.02071,0.1304018254689262,1594,0.02603,0.18643,2296
554,0.18839,0.029693104391855095,1026,0.11065,0.04649849945744893,1598,0.03111,0.18239,2288
567,0.33307,0.0174807101980228,1003,0.03234,0.1052394915244936,1533,0.00088,0.76307,2270
566,0.32096,0.01824124976884551,1039,0.18712,0.026990315091009055,1614,0.05764,0.07535,2281
531,0.04096,0.06719778406910007,970,0.00238,0.2549353721501601,1542,0.00171,0.68557,2264
547,0.12872,0.03868136634169849,1044,0.22411,0.021527202107702995,1652,0.18764,0.0068,2274
583,0.53744,0.008470201416961448,1051,0.27966,0.015428342975656546,1600,0.03362,0.15109,2300
566,0.32096,0.01824124976884551,984,0.00842,0.1819569959217331,1566,0.00672,0.4501,2283
528,0.03161,0.07395111427328878,1012,0.05445,0.07808020250936908,1600,0.03362,0.15109,2272
535,0.05631,0.05892080169059109,1022,0.09225,0.054295577168286355,1583,0.01589,0.30283,2265
519,0.01327,0.0971760516042577,1019,0.07951,0.060765740519281575,1608,0.04651,0.1199,2290
542,0.09414,0.04632176779604018,969,0.00217,0.2606278450050883,1534,0.00096,0.72949,2281
587,0.58627,0.006975338951615,1024,0.10102,0.05028159602454126,1584,0.01658,0.26259,2206
544,0.1073,0.04313617389871418,1002,0.03048,0.10861396516586448,1595,0.02733,0.18542,2298
566,0.32096,0.01824124976884551,1056,0.32259,0.0120151125736146,1612,0.05354,0.09518,2289
566,0.32096,0.01824124976884551,993,0.01686,0.14229463445134527,1555,0.00354,0.55038,2262
571,0.38266,0.014696730070784928,1042,0.20902,0.02359281003833775,1577,0.01217,0.34986,2294
534,0.05189,0.06091394590388579,1029,0.12621,0.04123986701645993,1580,0.0138,0.30675,2282
536,0.06106,0.05697732347422706,999,0.02487,0.11917618755716608,1541,0.00157,0.68676,2258
568,0.34529,0.016746669887787072,1060,0.35843,0.009763797601270337,1586,0.01815,0.25989,2283
580,0.49991,0.00976402823629927,1055,0.31345,0.012641622023954555,1648,0.16975,0.01055,2285
547,0.12872,0.03868136634169849,992,0.01566,0.14640728029505454,1553,0.00318,0.59378,2300
528,0.03161,0.07395111427328878,991,0.01452,0.15059400098504225,1610,0.04996,0.09661,2292
577,0.46064,0.01122239450243257,1037,0.17386,0.029466591423661984,1608,0.04651,0.1199,2295
516,0.00914,0.10594756054488934,1041,0.20127,0.024684419878608425,1606,0.04289,0.12152,2288
573,0.40841,0.013450248207946344,1028,0.12071,0.04293858582888829,1634,0.11384,0.02206,2291
538,0.07096,0.05323671603558189,1006,0.03861,0.09554993085534054,1562,0.00526,0.49791,2299
568,0.34529,0.016746669887787072,1051,0.27966,0.015428342975656546,1591,0.02273,0.22018,2253
509,0.00385,0.1284914524482879,950,0.00026,0.37823128228654707,1618,0.06664,0.07304,2300
501,0.00111,0.157872837837039,960,0.00087,0.3143227082258305,1590,0.02181,0.22131,2282
509,0.00385,0.1284914524482879,969,0.00217,0.2606278450050883,1561,0.00496,0.49948,2258
528,0.03161,0.07395111427328878,1046,0.23955,0.019611729562087305,1598,0.03111,0.18239,2293
565,0.30876,0.019028981393071277,1064,0.39663,0.007880857771484921,1565,0.00638,0.45153,2262
504,0.00168,0.1464013056895814,1058,0.34029,0.010840189450545663,1608,0.04651,0.1199,2290
528,0.03161,0.07395111427328878,992,0.01566,0.14640728029505454,1547,0.00227,0.64148,2264
513,0.00662,0.11525026582437174,960,0.00087,0.3143227082258305,1542,0.00171,0.68557,2214
543,0.10059,0.044706911548009765,1015,0.06456,0.0702681444955853,1565,0.00638,0.45153,2217
587,0.58627,0.006975338951615,1098,0.70348,0.0009528514990237798,1620,0.07165,0.05674,2285
565,0.30876,0.019028981393071277,1059,0.34925,0.01029008864739369,1646,0.16088,0.01074,2298
568,0.34529,0.016746669887787072,1038,0.18062,0.028206643168856644,1629,0.09751,0.03124,2288
551,0.16155,0.03331460167965405,1028,0.12071,0.04293858582888829,1598,0.03111,0.18239,2275
