floor1,prob_reach_floor1,prob_complete_after_floor1,floor1_2,prob_reach_floor1_2,prob_complete_after_floor1_2,floor1_2_3,prob_reach_floor1_2_3,prob_complete_after_floor1_2_3,total
512,0.005586,0.1184704339272214,969,0.002092,0.2606278450050883,1603,0.037519,0.14832,2297
535,0.056514,0.0589208016905911,1000,0.026039,0.11558202443498841,1596,0.028082,0.18432,2256
534,0.052241,0.0609139459038858,1004,0.033659,0.10193759807570915,1579,0.012812,0.30817,2261
516,0.009099,0.10594756054488935,1004,0.033659,0.10193759807570915,1610,0.049684,0.09661,2287
529,0.034503,0.07164685292425027,981,0.006171,0.19647964118820407,1551,0.002709,0.5966,2278
532,0.044502,0.06505180923841214,971,0.002533,0.2493023934405924,1588,0.019605,0.25758,2285
522,0.017592,0.08892693333344363,956,0.000556,0.33943400101766535,1512,0.000161,0.88264,2279
506,0.002501,0.13905581029067357,995,0.018428,0.13429188775212894,1573,0.009359,0.39689,2262
512,0.005586,0.1184704339272214,987,0.010134,0.16807804111208538,1569,0.007588,0.40304,2291
496,0.00049,0.1781919045355587,980,0.005703,0.20146093105263113,1613,0.055648,0.09458,2270
520,0.014267,0.09436879441500223,981,0.006171,0.19647964118820407,1531,0.000666,0.76548,2278
518,0.011439,0.10004136818048001,1012,0.053995,0.07808020250936908,1593,0.0246,0.21777,2275
519,0.01275,0.09717605160425771,965,0.001382,0.28396770626223383,1544,0.00172,0.64544,2251
513,0.006334,0.11525026582437176,982,0.00671,0.19156813642141995,1560,0.004523,0.50116,2295
502,0.001373,0.15398866884503148,972,0.002811,0.2437300834521658,1510,0.000134,0.88401,2267
526,0.026259,0.07872188529824783,999,0.024403,0.11917618755716608,1539,0.00118,0.68915,2281
500,0.000991,0.16181715370253355,952,0.000352,0.36516680772409843,1600,0.033204,0.15109,2282
509,0.00377,0.1284914524482879,1005,0.03579,0.09870788939133658,1552,0.002885,0.5952,2294
525,0.02388,0.0811894600154765,974,0.003392,0.2327719264074534,1584,0.016284,0.26259,2291
523,0.019568,0.08629150947747893,996,0.019844,0.1304018254689262,1562,0.005052,0.49791,2259
523,0.019568,0.08629150947747893,978,0.004839,0.21163004105402708,1566,0.006415,0.4501,2288
521,0.015881,0.09161922121937276,1013,0.05705,0.07540939284217735,1604,0.039127,0.12314,2297
481,1.6e-05,0.24775598735528612,964,0.001244,0.2899385501920277,1564,0.005697,0.45301,2286
533,0.048258,0.06295740354060068,987,0.010134,0.16807804111208538,1588,0.019605,0.25758,2265
526,0.026259,0.07872188529824783,1015,0.063715,0.0702681444955853,1590,0.021501,0.22131,2300
533,0.048258,0.06295740354060068,1003,0.031643,0.1052394915244936,1555,0.00341,0.55038,2277
524,0.02167,0.08371250648363103,982,0.00671,0.19156813642141995,1560,0.004523,0.50116,2277
528,0.031587,0.07395111427328879,1000,0.026039,0.11558202443498841,1579,0.012812,0.30817,2296
535,0.056514,0.0589208016905911,969,0.002092,0.2606278450050883,1521,0.000318,0.83168,2203
527,0.028861,0.07630927785866647,978,0.004839,0.21163004105402708,1568,0.007169,0.44727,2250
504,0.001879,0.1464013056895814,985,0.008669,0.17725848744970762,1550,0.002533,0.59829,2297
512,0.005586,0.1184704339272214,1000,0.026039,0.11558202443498841,1566,0.006415,0.4501,2253
533,0.048258,0.06295740354060068,1010,0.048204,0.08362570274381714,1615,0.059909,0.07469,2297
514,0.007146,0.11208988336077409,1006,0.038133,0.09554993085534054,1589,0.020539,0.22261,2291
526,0.026259,0.07872188529824783,950,0.000294,0.37823128228654707,1469,5e-06,0.98183,2156
525,0.02388,0.0811894600154765,1000,0.026039,0.11558202443498841,1573,0.009359,0.39689,2280
525,0.02388,0.0811894600154765,1004,0.033659,0.10193759807570915,1593,0.0246,0.21777,2300
514,0.007146,0.11208988336077409,1004,0.033659,0.10193759807570915,1614,0.057732,0.07535,2291
523,0.019568,0.08629150947747893,977,0.004388,0.21681633205714562,1538,0.001101,0.72452,2270
525,0.02388,0.0811894600154765,973,0.003098,0.23821956795561378,1522,0.000347,0.8308,2289
529,0.034503,0.07164685292425027,1015,0.063715,0.0702681444955853,1574,0.009869,0.35407,2246
521,0.015881,0.09161922121937276,995,0.018428,0.13429188775212894,1559,0.004308,0.50272,2271
528,0.031587,0.07395111427328879,998,0.02282,0.12284409201506367,1561,0.004774,0.49948,2287
529,0.034503,0.07164685292425027,1014,0.06028,0.0728056174696529,1613,0.055648,0.09458,2295
507,0.002863,0.13547385676804075,992,0.014832,0.14640728029505454,1573,0.009359,0.39689,2255
515,0.008088,0.10898906461665049,1000,0.026039,0.11558202443498841,1566,0.006415,0.4501,2288
533,0.048258,0.06295740354060068,1014,0.06028,0.0728056174696529,1578,0.012181,0.34839,2290
517,0.010187,0.10296509556568055,990,0.012741,0.1548546539760021,1566,0.006415,0.4501,2268
533,0.048258,0.06295740354060068,981,0.006171,0.19647964118820407,1543,0.001585,0.68419,2296
518,0.011439,0.10004136818048001,1003,0.031643,0.1052394915244936,1599,0.0319,0.15219,2281
527,0.028861,0.07630927785866647,973,0.003098,0.23821956795561378,1572,0.008891,0.39839,2299
534,0.052241,0.0609139459038858,1010,0.048204,0.08362570274381714,1608,0.045945,0.1199,2295
530,0.037632,0.06939593476131409,998,0.02282,0.12284409201506367,1521,0.000318,0.83168,2278
527,0.028861,0.07630927785866647,998,0.02282,0.12284409201506367,1546,0.001944,0.64278,2263
496,0.00049,0.1781919045355587,963,0.001144,0.29596095314786397,1595,0.026909,0.18542,2270
535,0.056514,0.0589208016905911,992,0.014832,0.14640728029505454,1607,0.044143,0.12065,2299
533,0.048258,0.06295740354060068,986,0.009392,0.17263202146860682,1571,0.008412,0.40015,2288
518,0.011439,0.10004136818048001,1002,0.029719,0.10861396516586448,1598,0.030566,0.18239,2295
510,0.004268,0.1250908756684736,986,0.009392,0.17263202146860682,1559,0.004308,0.50272,2241
520,0.014267,0.09436879441500223,952,0.000352,0.36516680772409843,1557,0.00386,0.54722,2279
534,0.052241,0.0609139459038858,1008,0.042959,0.08944736102149425,1591,0.022435,0.22018,2293
534,0.052241,0.0609139459038858,979,0.005218,0.20651131130799644,1570,0.008002,0.40158,2232
511,0.004881,0.12175058188744681,995,0.018428,0.13429188775212894,1562,0.005052,0.49791,2294
525,0.02388,0.0811894600154765,988,0.010923,0.16359693617424872,1561,0.004774,0.49948,2300
519,0.01275,0.09717605160425771,991,0.013703,0.15059400098504225,1589,0.020539,0.22261,2281
513,0.006334,0.11525026582437176,956,0.000556,0.33943400101766535,1541,0.001371,0.68676,2293
513,0.006334,0.11525026582437176,977,0.004388,0.21681633205714562,1550,0.002533,0.59829,2287
512,0.005586,0.1184704339272214,973,0.003098,0.23821956795561378,1575,0.010438,0.35256,2287
518,0.011439,0.10004136818048001,1009,0.045482,0.08650170261383684,1558,0.004082,0.54556,2230
529,0.034503,0.07164685292425027,999,0.024403,0.11917618755716608,1612,0.053611,0.09518,2268
518,0.011439,0.10004136818048001,999,0.024403,0.11917618755716608,1613,0.055648,0.09458,2298
529,0.034503,0.07164685292425027,996,0.019844,0.1304018254689262,1614,0.057732,0.07535,2287
521,0.015881,0.09161922121937276,977,0.004388,0.21681633205714562,1583,0.015542,0.30283,2295
514,0.007146,0.11208988336077409,996,0.019844,0.1304018254689262,1579,0.012812,0.30817,2296
528,0.031587,0.07395111427328879,980,0.005703,0.20146093105263113,1577,0.011537,0.34986,2299
514,0.007146,0.11208988336077409,953,0.00039,0.3586813990073307,1550,0.002533,0.59829,2257
515,0.008088,0.10898906461665049,976,0.004013,0.22206934473661805,1558,0.004082,0.54556,2244
503,0.001616,0.15016478838205044,925,9e-06,0.5460887594179,1577,0.011537,0.34986,2294
533,0.048258,0.06295740354060068,1012,0.053995,0.07808020250936908,1572,0.008891,0.39839,2271
512,0.005586,0.1184704339272214,984,0.007966,0.1819569959217331,1545,0.001831,0.64414,2252
512,0.005586,0.1184704339272214,980,0.005703,0.20146093105263113,1611,0.051602,0.09602,2293
528,0.031587,0.07395111427328879,992,0.014832,0.14640728029505454,1590,0.021501,0.22131,2297
529,0.034503,0.07164685292425027,1000,0.026039,0.11558202443498841,1613,0.055648,0.09458,2287
487,8e-05,0.21844195353390974,957,0.000615,0.3330936531441198,1527,0.000498,0.79927,2269
534,0.052241,0.0609139459038858,992,0.014832,0.14640728029505454,1551,0.002709,0.5966,2273
529,0.034503,0.07164685292425027,1014,0.06028,0.0728056174696529,1587,0.01874,0.25879,2284
516,0.009099,0.10594756054488935,999,0.024403,0.11917618755716608,1588,0.019605,0.25758,2285
521,0.015881,0.09161922121937276,975,0.00369,0.22738818989218357,1547,0.002073,0.64148,2299
531,0.041003,0.06719778406910008,1010,0.048204,0.08362570274381714,1578,0.012181,0.34839,2250
517,0.010187,0.10296509556568055,969,0.002092,0.2606278450050883,1545,0.001831,0.64414,2256
534,0.052241,0.0609139459038858,1011,0.051058,0.08081874884681862,1595,0.026909,0.18542,2288
511,0.004881,0.12175058188744681,973,0.003098,0.23821956795561378,1614,0.057732,0.07535,2286
512,0.005586,0.1184704339272214,997,0.02129,0.12658592461451013,1558,0.004082,0.54556,2220
533,0.048258,0.06295740354060068,975,0.00369,0.22738818989218357,1564,0.005697,0.45301,2296
532,0.044502,0.06505180923841214,993,0.015952,0.14229463445134527,1566,0.006415,0.4501,2253
523,0.019568,0.08629150947747893,982,0.00671,0.19156813642141995,1523,0.000381,0.82997,2205
507,0.002863,0.13547385676804075,996,0.019844,0.1304018254689262,1535,0.000895,0.72837,2230
512,0.005586,0.1184704339272214,1011,0.051058,0.08081874884681862,1583,0.015542,0.30283,2265
509,0.00377,0.1284914524482879,965,0.001382,0.28396770626223383,1597,0.029314,0.18339,2295
520,0.014267,0.09436879441500223,979,0.005218,0.20651131130799644,1593,0.0246,0.21777,2275
533,0.048258,0.06295740354060068,979,0.005218,0.20651131130799644,1618,0.066798,0.07304,2290
533,0.048258,0.06295740354060068,1001,0.027857,0.11206137253379161,1592,0.023531,0.21899,2289
528,0.031587,0.07395111427328879,996,0.019844,0.1304018254689262,1575,0.010438,0.35256,2292
535,0.056514,0.0589208016905911,985,0.008669,0.17725848744970762,1548,0.002223,0.63986,2295
502,0.001373,0.15398866884503148,1005,0.03579,0.09870788939133658,1598,0.030566,0.18239,2300
508,0.003275,0.1319524201119132,935,4.4e-05,0.47875459718242586,1529,0.000576,0.76786,2246
504,0.001879,0.1464013056895814,981,0.006171,0.19647964118820407,1591,0.022435,0.22018,2288
523,0.019568,0.08629150947747893,995,0.018428,0.13429188775212894,1552,0.002885,0.5952,2239
523,0.019568,0.08629150947747893,1008,0.042959,0.08944736102149425,1596,0.028082,0.18432,2293
515,0.008088,0.10898906461665049,973,0.003098,0.23821956795561378,1554,0.00322,0.55197,2241
496,0.00049,0.1781919045355587,957,0.000615,0.3330936531441198,1535,0.000895,0.72837,2272
518,0.011439,0.10004136818048001,998,0.02282,0.12284409201506367,1606,0.042451,0.12152,2278
531,0.041003,0.06719778406910008,1013,0.05705,0.07540939284217735,1581,0.014124,0.30552,2298
527,0.028861,0.07630927785866647,976,0.004013,0.22206934473661805,1578,0.012181,0.34839,2300
513,0.006334,0.11525026582437176,999,0.024403,0.11917618755716608,1614,0.057732,0.07535,2282
513,0.006334,0.11525026582437176,993,0.015952,0.14229463445134527,1558,0.004082,0.54556,2227
520,0.014267,0.09436879441500223,971,0.002533,0.2493023934405924,1581,0.014124,0.30552,2258
534,0.052241,0.0609139459038858,999,0.024403,0.11917618755716608,1570,0.008002,0.40158,2297
523,0.019568,0.08629150947747893,1006,0.038133,0.09554993085534054,1549,0.002376,0.59962,2276
532,0.044502,0.06505180923841214,1002,0.029719,0.10861396516586448,1589,0.020539,0.22261,2296
518,0.011439,0.10004136818048001,1003,0.031643,0.1052394915244936,1585,0.01703,0.26134,2247
523,0.019568,0.08629150947747893,998,0.02282,0.12284409201506367,1551,0.002709,0.5966,2278
521,0.015881,0.09161922121937276,999,0.024403,0.11917618755716608,1601,0.034595,0.15017,2273
526,0.026259,0.07872188529824783,1009,0.045482,0.08650170261383684,1598,0.030566,0.18239,2280
528,0.031587,0.07395111427328879,975,0.00369,0.22738818989218357,1557,0.00386,0.54722,2294
528,0.031587,0.07395111427328879,1006,0.038133,0.09554993085534054,1604,0.039127,0.12314,2277
506,0.002501,0.13905581029067357,972,0.002811,0.2437300834521658,1592,0.023531,0.21899,2264
513,0.006334,0.11525026582437176,973,0.003098,0.23821956795561378,1564,0.005697,0.45301,2296
504,0.001879,0.1464013056895814,945,0.000163,0.41135248284901643,1593,0.0246,0.21777,2300
525,0.02388,0.0811894600154765,987,0.010134,0.16807804111208538,1589,0.020539,0.22261,2296
512,0.005586,0.1184704339272214,1003,0.031643,0.1052394915244936,1577,0.011537,0.34986,2274
527,0.028861,0.07630927785866647,990,0.012741,0.1548546539760021,1555,0.00341,0.55038,2268
527,0.028861,0.07630927785866647,1002,0.029719,0.10861396516586448,1595,0.026909,0.18542,2262
530,0.037632,0.06939593476131409,995,0.018428,0.13429188775212894,1535,0.000895,0.72837,2277
534,0.052241,0.0609139459038858,990,0.012741,0.1548546539760021,1569,0.007588,0.40304,2286
522,0.017592,0.08892693333344363,978,0.004839,0.21163004105402708,1575,0.010438,0.35256,2272
492,0.000231,0.1955090947935819,949,0.000264,0.3848066872939196,1566,0.006415,0.4501,2293
528,0.031587,0.07395111427328879,1010,0.048204,0.08362570274381714,1558,0.004082,0.54556,2265
500,0.000991,0.16181715370253355,987,0.010134,0.16807804111208538,1560,0.004523,0.50116,2292
520,0.014267,0.09436879441500223,1006,0.038133,0.09554993085534054,1609,0.04783,0.09745,2286
502,0.001373,0.15398866884503148,998,0.02282,0.12284409201506367,1571,0.008412,0.40015,2274
511,0.004881,0.12175058188744681,1013,0.05705,0.07540939284217735,1583,0.015542,0.30283,2290
530,0.037632,0.06939593476131409,1013,0.05705,0.07540939284217735,1559,0.004308,0.50272,2286
535,0.056514,0.0589208016905911,1010,0.048204,0.08362570274381714,1544,0.00172,0.64544,2246
533,0.048258,0.06295740354060068,999,0.024403,0.11917618755716608,1529,0.000576,0.76786,2286
524,0.02167,0.08371250648363103,991,0.013703,0.15059400098504225,1597,0.029314,0.18339,2279
535,0.056514,0.0589208016905911,982,0.00671,0.19156813642141995,1534,0.000821,0.72949,2286
526,0.026259,0.07872188529824783,1009,0.045482,0.08650170261383684,1570,0.008002,0.40158,2267
501,0.001176,0.157872837837039,959,0.000756,0.3205363547882977,1563,0.005377,0.49641,2260
497,0.000587,0.17400907450419242,984,0.007966,0.1819569959217331,1604,0.039127,0.12314,2300
511,0.004881,0.12175058188744681,981,0.006171,0.19647964118820407,1563,0.005377,0.49641,2300
527,0.028861,0.07630927785866647,1000,0.026039,0.11558202443498841,1598,0.030566,0.18239,2295
526,0.026259,0.07872188529824783,1013,0.05705,0.07540939284217735,1578,0.012181,0.34839,2275
532,0.044502,0.06505180923841214,1007,0.040545,0.09246325633583473,1597,0.029314,0.18339,2289
520,0.014267,0.09436879441500223,995,0.018428,0.13429188775212894,1596,0.028082,0.18432,2298
531,0.041003,0.06719778406910008,1003,0.031643,0.1052394915244936,1559,0.004308,0.50272,2281
524,0.02167,0.08371250648363103,982,0.00671,0.19156813642141995,1567,0.006766,0.44869,2299
518,0.011439,0.10004136818048001,959,0.000756,0.3205363547882977,1551,0.002709,0.5966,2278
531,0.041003,0.06719778406910008,1002,0.029719,0.10861396516586448,1581,0.014124,0.30552,2258
523,0.019568,0.08629150947747893,996,0.019844,0.1304018254689262,1588,0.019605,0.25758,2290
534,0.052241,0.0609139459038858,977,0.004388,0.21681633205714562,1551,0.002709,0.5966,2268
533,0.048258,0.06295740354060068,1006,0.038133,0.09554993085534054,1573,0.009359,0.39689,2240
535,0.056514,0.0589208016905911,991,0.013703,0.15059400098504225,1547,0.002073,0.64148,2284
534,0.052241,0.0609139459038858,999,0.024403,0.11917618755716608,1565,0.006049,0.45153,2292
534,0.052241,0.0609139459038858,985,0.008669,0.17725848744970762,1574,0.009869,0.35407,2276
527,0.028861,0.07630927785866647,977,0.004388,0.21681633205714562,1570,0.008002,0.40158,2291
530,0.037632,0.06939593476131409,1005,0.03579,0.09870788939133658,1586,0.017872,0.25989,2293
535,0.056514,0.0589208016905911,1014,0.06028,0.0728056174696529,1568,0.007169,0.44727,2280
504,0.001879,0.1464013056895814,1009,0.045482,0.08650170261383684,1578,0.012181,0.34839,2300
513,0.006334,0.11525026582437176,986,0.009392,0.17263202146860682,1584,0.016284,0.26259,2266
514,0.007146,0.11208988336077409,995,0.018428,0.13429188775212894,1528,0.00054,0.79821,2165
511,0.004881,0.12175058188744681,967,0.001722,0.2721863629482276,1567,0.006766,0.44869,2244
508,0.003275,0.1319524201119132,991,0.013703,0.15059400098504225,1593,0.0246,0.21777,2295
529,0.034503,0.07164685292425027,1000,0.026039,0.11558202443498841,1569,0.007588,0.40304,2276
513,0.006334,0.11525026582437176,980,0.005703,0.20146093105263113,1597,0.029314,0.18339,2274
508,0.003275,0.1319524201119132,1011,0.051058,0.08081874884681862,1567,0.006766,0.44869,2269
510,0.004268,0.1250908756684736,1014,0.06028,0.0728056174696529,1571,0.008412,0.40015,2294
518,0.011439,0.10004136818048001,985,0.008669,0.17725848744970762,1599,0.0319,0.15219,2297
535,0.056514,0.0589208016905911,1016,0.067128,0.06779621344538382,1596,0.028082,0.18432,2298
525,0.02388,0.0811894600154765,964,0.001244,0.2899385501920277,1561,0.004774,0.49948,2278
524,0.02167,0.08371250648363103,1014,0.06028,0.0728056174696529,1599,0.0319,0.15219,2286
528,0.031587,0.07395111427328879,976,0.004013,0.22206934473661805,1574,0.009869,0.35407,2276
523,0.019568,0.08629150947747893,990,0.012741,0.1548546539760021,1617,0.064436,0.07357,2299
525,0.02388,0.0811894600154765,974,0.003392,0.2327719264074534,1612,0.053611,0.09518,2284
534,0.052241,0.0609139459038858,979,0.005218,0.20651131130799644,1557,0.00386,0.54722,2284
514,0.007146,0.11208988336077409,995,0.018428,0.13429188775212894,1557,0.00386,0.54722,2259
532,0.044502,0.06505180923841214,1011,0.051058,0.08081874884681862,1614,0.057732,0.07535,2296
525,0.02388,0.0811894600154765,950,0.000294,0.37823128228654707,1541,0.001371,0.68676,2249
535,0.056514,0.0589208016905911,1013,0.05705,0.07540939284217735,1618,0.066798,0.07304,2300
519,0.01275,0.09717605160425771,991,0.013703,0.15059400098504225,1552,0.002885,0.5952,2268
529,0.034503,0.07164685292425027,961,0.000944,0.30815454978779394,1520,0.000294,0.83244,2282
515,0.008088,0.10898906461665049,983,0.007318,0.186727058016664,1519,0.000276,0.83347,2211
525,0.02388,0.0811894600154765,1010,0.048204,0.08362570274381714,1584,0.016284,0.26259,2287
510,0.004268,0.1250908756684736,977,0.004388,0.21681633205714562,1527,0.000498,0.79927,2259
512,0.005586,0.1184704339272214,996,0.019844,0.1304018254689262,1571,0.008412,0.40015,2278
519,0.01275,0.09717605160425771,974,0.003392,0.2327719264074534,1599,0.0319,0.15219,2271
520,0.014267,0.09436879441500223,1001,0.027857,0.11206137253379161,1598,0.030566,0.18239,2270
513,0.006334,0.11525026582437176,989,0.011784,0.1591890450684071,1617,0.064436,0.07357,2299
533,0.048258,0.06295740354060068,996,0.019844,0.1304018254689262,1565,0.006049,0.45153,2297
531,0.041003,0.06719778406910008,1012,0.053995,0.07808020250936908,1548,0.002223,0.63986,2300
535,0.056514,0.0589208016905911,1002,0.029719,0.10861396516586448,1549,0.002376,0.59962,2281
518,0.011439,0.10004136818048001,981,0.006171,0.19647964118820407,1545,0.001831,0.64414,2277
517,0.010187,0.10296509556568055,956,0.000556,0.33943400101766535,1506,9.4e-05,0.90376,2288
510,0.004268,0.1250908756684736,972,0.002811,0.2437300834521658,1559,0.004308,0.50272,2256
518,0.011439,0.10004136818048001,923,7e-06,0.5593802997472992,1520,0.000294,0.83244,2262
515,0.008088,0.10898906461665049,965,0.001382,0.28396770626223383,1541,0.001371,0.68676,2288
532,0.044502,0.06505180923841214,960,0.000843,0.3143227082258305,1563,0.005377,0.49641,2295
498,0.000707,0.16988549582495266,922,4e-06,0.5659923478255869,1580,0.013493,0.30675,2289
517,0.010187,0.10296509556568055,980,0.005703,0.20146093105263113,1582,0.014835,0.30422,2289
511,0.004881,0.12175058188744681,965,0.001382,0.28396770626223383,1582,0.014835,0.30422,2249
518,0.011439,0.10004136818048001,1008,0.042959,0.08944736102149425,1592,0.023531,0.21899,2269
513,0.006334,0.11525026582437176,954,0.000428,0.3522296143951197,1545,0.001831,0.64414,2297
514,0.007146,0.11208988336077409,984,0.007966,0.1819569959217331,1612,0.053611,0.09518,2294
514,0.007146,0.11208988336077409,997,0.02129,0.12658592461451013,1590,0.021501,0.22131,2277
530,0.037632,0.06939593476131409,1012,0.053995,0.07808020250936908,1583,0.015542,0.30283,2290
533,0.048258,0.06295740354060068,982,0.00671,0.19156813642141995,1562,0.005052,0.49791,2274
499,0.000833,0.16582144211067898,1006,0.038133,0.09554993085534054,1577,0.011537,0.34986,2280
518,0.011439,0.10004136818048001,981,0.006171,0.19647964118820407,1554,0.00322,0.55197,2271
526,0.026259,0.07872188529824783,957,0.000615,0.3330936531441198,1573,0.009359,0.39689,2290
527,0.028861,0.07630927785866647,1007,0.040545,0.09246325633583473,1591,0.022435,0.22018,2298
533,0.048258,0.06295740354060068,982,0.00671,0.19156813642141995,1536,0.000971,0.72714,2233
531,0.041003,0.06719778406910008,1008,0.042959,0.08944736102149425,1580,0.013493,0.30675,2277
534,0.052241,0.0609139459038858,973,0.003098,0.23821956795561378,1609,0.04783,0.09745,2245
512,0.005586,0.1184704339272214,973,0.003098,0.23821956795561378,1539,0.00118,0.68915,2266
521,0.015881,0.09161922121937276,974,0.003392,0.2327719264074534,1550,0.002533,0.59829,2295
525,0.02388,0.0811894600154765,1009,0.045482,0.08650170261383684,1600,0.033204,0.15109,2277
519,0.01275,0.09717605160425771,968,0.00189,0.266378594648863,1569,0.007588,0.40304,2276
510,0.004268,0.1250908756684736,981,0.006171,0.19647964118820407,1618,0.066798,0.07304,2300
533,0.048258,0.06295740354060068,1006,0.038133,0.09554993085534054,1551,0.002709,0.5966,2263
525,0.02388,0.0811894600154765,988,0.010923,0.16359693617424872,1554,0.00322,0.55197,2276
520,0.014267,0.09436879441500223,1001,0.027857,0.11206137253379161,1573,0.009359,0.39689,2275
527,0.028861,0.07630927785866647,988,0.010923,0.16359693617424872,1609,0.04783,0.09745,2296
493,0.000287,0.19109266493958718,956,0.000556,0.33943400101766535,1536,0.000971,0.72714,2288
508,0.003275,0.1319524201119132,983,0.007318,0.186727058016664,1577,0.011537,0.34986,2289
529,0.034503,0.07164685292425027,985,0.008669,0.17725848744970762,1559,0.004308,0.50272,2283
516,0.009099,0.10594756054488935,981,0.006171,0.19647964118820407,1557,0.00386,0.54722,2298
499,0.000833,0.16582144211067898,969,0.002092,0.2606278450050883,1509,0.000124,0.88475,2281
490,0.000152,0.20451362154857902,961,0.000944,0.30815454978779394,1616,0.062132,0.07412,2293
531,0.041003,0.06719778406910008,986,0.009392,0.17263202146860682,1523,0.000381,0.82997,2240
532,0.044502,0.06505180923841214,974,0.003392,0.2327719264074534,1544,0.00172,0.64544,2261
533,0.048258,0.06295740354060068,1005,0.03579,0.09870788939133658,1553,0.003059,0.59378,2235
523,0.019568,0.08629150947747893,988,0.010923,0.16359693617424872,1545,0.001831,0.64414,2292
518,0.011439,0.10004136818048001,976,0.004013,0.22206934473661805,1558,0.004082,0.54556,2255
531,0.041003,0.06719778406910008,1015,0.063715,0.0702681444955853,1593,0.0246,0.21777,2290
511,0.004881,0.12175058188744681,973,0.003098,0.23821956795561378,1604,0.039127,0.12314,2285
534,0.052241,0.0609139459038858,991,0.013703,0.15059400098504225,1568,0.007169,0.44727,2285
518,0.011439,0.10004136818048001,977,0.004388,0.21681633205714562,1530,0.000623,0.76669,2297
485,4.7e-05,0.22800182754911544,957,0.000615,0.3330936531441198,1522,0.000347,0.8308,2259
527,0.028861,0.07630927785866647,992,0.014832,0.14640728029505454,1584,0.016284,0.26259,2267
535,0.056514,0.0589208016905911,1004,0.033659,0.10193759807570915,1593,0.0246,0.21777,2295
524,0.02167,0.08371250648363103,991,0.013703,0.15059400098504225,1616,0.062132,0.07412,2278
522,0.017592,0.08892693333344363,1001,0.027857,0.11206137253379161,1587,0.01874,0.25879,2284
523,0.019568,0.08629150947747893,1002,0.029719,0.10861396516586448,1590,0.021501,0.22131,2287
522,0.017592,0.08892693333344363,978,0.004839,0.21163004105402708,1567,0.006766,0.44869,2289
494,0.000337,0.18673405706935078,938,7.2e-05,0.45845306034348055,1554,0.00322,0.55197,2271
531,0.041003,0.06719778406910008,999,0.024403,0.11917618755716608,1580,0.013493,0.30675,2262
526,0.026259,0.07872188529824783,984,0.007966,0.1819569959217331,1578,0.012181,0.34839,2250
509,0.00377,0.1284914524482879,995,0.018428,0.13429188775212894,1593,0.0246,0.21777,2265
523,0.019568,0.08629150947747893,973,0.003098,0.23821956795561378,1557,0.00386,0.54722,2299
523,0.019568,0.08629150947747893,1009,0.045482,0.08650170261383684,1604,0.039127,0.12314,2296
534,0.052241,0.0609139459038858,998,0.02282,0.12284409201506367,1547,0.002073,0.64148,2249
531,0.041003,0.06719778406910008,1014,0.06028,0.0728056174696529,1598,0.030566,0.18239,2300
528,0.031587,0.07395111427328879,991,0.013703,0.15059400098504225,1592,0.023531,0.21899,2284
533,0.048258,0.06295740354060068,994,0.017146,0.1382561561189221,1589,0.020539,0.22261,2286
522,0.017592,0.08892693333344363,1013,0.05705,0.07540939284217735,1551,0.002709,0.5966,2285
524,0.02167,0.08371250648363103,1009,0.045482,0.08650170261383684,1577,0.011537,0.34986,2279
507,0.002863,0.13547385676804075,949,0.000264,0.3848066872939196,1526,0.00046,0.80044,2253
524,0.02167,0.08371250648363103,947,0.000198,0.3980345242726012,1514,0.000187,0.86075,2191
526,0.026259,0.07872188529824783,949,0.000264,0.3848066872939196,1522,0.000347,0.8308,2289
517,0.010187,0.10296509556568055,1008,0.042959,0.08944736102149425,1543,0.001585,0.68419,2275
529,0.034503,0.07164685292425027,985,0.008669,0.17725848744970762,1549,0.002376,0.59962,2281
526,0.026259,0.07872188529824783,1000,0.026039,0.11558202443498841,1562,0.005052,0.49791,2274
526,0.026259,0.07872188529824783,1005,0.03579,0.09870788939133658,1589,0.020539,0.22261,2261
512,0.005586,0.1184704339272214,994,0.017146,0.1382561561189221,1595,0.026909,0.18542,2297
526,0.026259,0.07872188529824783,990,0.012741,0.1548546539760021,1592,0.023531,0.21899,2259
534,0.052241,0.0609139459038858,983,0.007318,0.186727058016664,1574,0.009869,0.35407,2259
506,0.002501,0.13905581029067357,1011,0.051058,0.08081874884681862,1592,0.023531,0.21899,2264
497,0.000587,0.17400907450419242,972,0.002811,0.2437300834521658,1550,0.002533,0.59829,2277
524,0.02167,0.08371250648363103,980,0.005703,0.20146093105263113,1497,4.3e-05,0.93696,2269
508,0.003275,0.1319524201119132,948,0.000231,0.3914083937021998,1542,0.001472,0.68557,2279
523,0.019568,0.08629150947747893,1006,0.038133,0.09554993085534054,1555,0.00341,0.55038,2227
494,0.000337,0.18673405706935078,1006,0.038133,0.09554993085534054,1605,0.040808,0.12226,2277
535,0.056514,0.0589208016905911,997,0.02129,0.12658592461451013,1578,0.012181,0.34839,2255
529,0.034503,0.07164685292425027,1001,0.027857,0.11206137253379161,1577,0.011537,0.34986,2284
534,0.052241,0.0609139459038858,994,0.017146,0.1382561561189221,1545,0.001831,0.64414,2252
525,0.02388,0.0811894600154765,999,0.024403,0.11917618755716608,1569,0.007588,0.40304,2296
520,0.014267,0.09436879441500223,982,0.00671,0.19156813642141995,1599,0.0319,0.15219,2291
525,0.02388,0.0811894600154765,1000,0.026039,0.11558202443498841,1599,0.0319,0.15219,2281
529,0.034503,0.07164685292425027,990,0.012741,0.1548546539760021,1570,0.008002,0.40158,2288
535,0.056514,0.0589208016905911,957,0.000615,0.3330936531441198,1540,0.001266,0.68798,2292
525,0.02388,0.0811894600154765,966,0.001548,0.27804984797236265,1510,0.000134,0.88401,2267
530,0.037632,0.06939593476131409,1010,0.048204,0.08362570274381714,1570,0.008002,0.40158,2297
533,0.048258,0.06295740354060068,1004,0.033659,0.10193759807570915,1595,0.026909,0.18542,2278
516,0.009099,0.10594756054488935,967,0.001722,0.2721863629482276,1547,0.002073,0.64148,2219
524,0.02167,0.08371250648363103,1012,0.053995,0.07808020250936908,1597,0.029314,0.18339,2264
531,0.041003,0.06719778406910008,985,0.008669,0.17725848744970762,1533,0.000768,0.76307,2280
520,0.014267,0.09436879441500223,976,0.004013,0.22206934473661805,1565,0.006049,0.45153,2232
535,0.056514,0.0589208016905911,1015,0.063715,0.0702681444955853,1574,0.009869,0.35407,2241
532,0.044502,0.06505180923841214,992,0.014832,0.14640728029505454,1574,0.009869,0.35407,2286
529,0.034503,0.07164685292425027,982,0.00671,0.19156813642141995,1565,0.006049,0.45153,2287
502,0.001373,0.15398866884503148,1005,0.03579,0.09870788939133658,1582,0.014835,0.30422,2294
525,0.02388,0.0811894600154765,994,0.017146,0.1382561561189221,1576,0.010979,0.35135,2293
535,0.056514,0.0589208016905911,1005,0.03579,0.09870788939133658,1550,0.002533,0.59829,2296
519,0.01275,0.09717605160425771,965,0.001382,0.28396770626223383,1533,0.000768,0.76307,2215
520,0.014267,0.09436879441500223,1013,0.05705,0.07540939284217735,1581,0.014124,0.30552,2258
525,0.02388,0.0811894600154765,1008,0.042959,0.08944736102149425,1572,0.008891,0.39839,2299
535,0.056514,0.0589208016905911,1010,0.048204,0.08362570274381714,1583,0.015542,0.30283,2285
535,0.056514,0.0589208016905911,982,0.00671,0.19156813642141995,1521,0.000318,0.83168,2188
534,0.052241,0.0609139459038858,989,0.011784,0.1591890450684071,1593,0.0246,0.21777,2275
507,0.002863,0.13547385676804075,979,0.005218,0.20651131130799644,1585,0.01703,0.26134,2267
530,0.037632,0.06939593476131409,999,0.024403,0.11917618755716608,1560,0.004523,0.50116,2282
522,0.017592,0.08892693333344363,1006,0.038133,0.09554993085534054,1601,0.034595,0.15017,2293
518,0.011439,0.10004136818048001,984,0.007966,0.1819569959217331,1557,0.00386,0.54722,2289
509,0.00377,0.1284914524482879,962,0.001048,0.30203345299501594,1519,0.000276,0.83347,2256
521,0.015881,0.09161922121937276,945,0.000163,0.41135248284901643,1517,0.000227,0.85809,2239
526,0.026259,0.07872188529824783,990,0.012741,0.1548546539760021,1550,0.002533,0.59829,2277
518,0.011439,0.10004136818048001,1007,0.040545,0.09246325633583473,1575,0.010438,0.35256,2267
534,0.052241,0.0609139459038858,986,0.009392,0.17263202146860682,1604,0.039127,0.12314,2286
527,0.028861,0.07630927785866647,957,0.000615,0.3330936531441198,1533,0.000768,0.76307,2260
498,0.000707,0.16988549582495266,1006,0.038133,0.09554993085534054,1556,0.003609,0.54886,2288
532,0.044502,0.06505180923841214,995,0.018428,0.13429188775212894,1585,0.01703,0.26134,2282
534,0.052241,0.0609139459038858,984,0.007966,0.1819569959217331,1553,0.003059,0.59378,2204
510,0.004268,0.1250908756684736,992,0.014832,0.14640728029505454,1578,0.012181,0.34839,2265
514,0.007146,0.11208988336077409,997,0.02129,0.12658592461451013,1553,0.003059,0.59378,2235
532,0.044502,0.06505180923841214,1004,0.033659,0.10193759807570915,1582,0.014835,0.30422,2269
527,0.028861,0.07630927785866647,995,0.018428,0.13429188775212894,1598,0.030566,0.18239,2295
522,0.017592,0.08892693333344363,988,0.010923,0.16359693617424872,1565,0.006049,0.45153,2292
525,0.02388,0.0811894600154765,966,0.001548,0.27804984797236265,1552,0.002885,0.5952,2269
520,0.014267,0.09436879441500223,996,0.019844,0.1304018254689262,1578,0.012181,0.34839,2300
527,0.028861,0.07630927785866647,981,0.006171,0.19647964118820407,1553,0.003059,0.59378,2255
524,0.02167,0.08371250648363103,978,0.004839,0.21163004105402708,1579,0.012812,0.30817,2271
506,0.002501,0.13905581029067357,980,0.005703,0.20146093105263113,1587,0.01874,0.25879,2293
524,0.02167,0.08371250648363103,979,0.005218,0.20651131130799644,1521,0.000318,0.83168,2293
534,0.052241,0.0609139459038858,1006,0.038133,0.09554993085534054,1577,0.011537,0.34986,2279
524,0.02167,0.08371250648363103,1000,0.026039,0.11558202443498841,1549,0.002376,0.59962,2281
526,0.026259,0.07872188529824783,991,0.013703,0.15059400098504225,1607,0.044143,0.12065,2299
531,0.041003,0.06719778406910008,996,0.019844,0.1304018254689262,1572,0.008891,0.39839,2259
514,0.007146,0.11208988336077409,971,0.002533,0.2493023934405924,1566,0.006415,0.4501,2288
528,0.031587,0.07395111427328879,991,0.013703,0.15059400098504225,1561,0.004774,0.49948,2288
514,0.007146,0.11208988336077409,991,0.013703,0.15059400098504225,1601,0.034595,0.15017,2278
530,0.037632,0.06939593476131409,1003,0.031643,0.1052394915244936,1551,0.002709,0.5966,2283
532,0.044502,0.06505180923841214,979,0.005218,0.20651131130799644,1561,0.004774,0.49948,2283
532,0.044502,0.06505180923841214,994,0.017146,0.1382561561189221,1585,0.01703,0.26134,2247
526,0.026259,0.07872188529824783,980,0.005703,0.20146093105263113,1588,0.019605,0.25758,2285
515,0.008088,0.10898906461665049,973,0.003098,0.23821956795561378,1582,0.014835,0.30422,2284
492,0.000231,0.1955090947935819,997,0.02129,0.12658592461451013,1580,0.013493,0.30675,2282
524,0.02167,0.08371250648363103,968,0.00189,0.266378594648863,1527,0.000498,0.79927,2284
523,0.019568,0.08629150947747893,986,0.009392,0.17263202146860682,1596,0.028082,0.18432,2298
525,0.02388,0.0811894600154765,959,0.000756,0.3205363547882977,1582,0.014835,0.30422,2299
529,0.034503,0.07164685292425027,995,0.018428,0.13429188775212894,1577,0.011537,0.34986,2299
501,0.001176,0.157872837837039,983,0.007318,0.186727058016664,1515,0.000198,0.85989,2287
521,0.015881,0.09161922121937276,987,0.010134,0.16807804111208538,1552,0.002885,0.5952,2289
534,0.052241,0.0609139459038858,986,0.009392,0.17263202146860682,1578,0.012181,0.34839,2292
525,0.02388,0.0811894600154765,997,0.02129,0.12658592461451013,1542,0.001472,0.68557,2234
523,0.019568,0.08629150947747893,1014,0.06028,0.0728056174696529,1607,0.044143,0.12065,2298
535,0.056514,0.0589208016905911,970,0.002319,0.2549353721501601,1524,0.000406,0.80267,2193
514,0.007146,0.11208988336077409,996,0.019844,0.1304018254689262,1575,0.010438,0.35256,2262
516,0.009099,0.10594756054488935,983,0.007318,0.186727058016664,1566,0.006415,0.4501,2283
534,0.052241,0.0609139459038858,999,0.024403,0.11917618755716608,1615,0.059909,0.07469,2262
530,0.037632,0.06939593476131409,1004,0.033659,0.10193759807570915,1610,0.049684,0.09661,2297
531,0.041003,0.06719778406910008,1015,0.063715,0.0702681444955853,1606,0.042451,0.12152,2298
513,0.006334,0.11525026582437176,976,0.004013,0.22206934473661805,1604,0.039127,0.12314,2291
520,0.014267,0.09436879441500223,945,0.000163,0.41135248284901643,1528,0.00054,0.79821,2240
535,0.056514,0.0589208016905911,1001,0.027857,0.11206137253379161,1569,0.007588,0.40304,2298
530,0.037632,0.06939593476131409,964,0.001244,0.2899385501920277,1593,0.0246,0.21777,2290
528,0.031587,0.07395111427328879,1005,0.03579,0.09870788939133658,1597,0.029314,0.18339,2284
504,0.001879,0.1464013056895814,976,0.004013,0.22206934473661805,1516,0.000214,0.85899,2238
506,0.002501,0.13905581029067357,977,0.004388,0.21681633205714562,1552,0.002885,0.5952,2274
510,0.004268,0.1250908756684736,972,0.002811,0.2437300834521658,1557,0.00386,0.54722,2254
492,0.000231,0.1955090947935819,967,0.001722,0.2721863629482276,1531,0.000666,0.76548,2273
517,0.010187,0.10296509556568055,1004,0.033659,0.10193759807570915,1589,0.020539,0.22261,2271
522,0.017592,0.08892693333344363,1008,0.042959,0.08944736102149425,1588,0.019605,0.25758,2275
526,0.026259,0.07872188529824783,998,0.02282,0.12284409201506367,1575,0.010438,0.35256,2262
535,0.056514,0.0589208016905911,978,0.004839,0.21163004105402708,1547,0.002073,0.64148,2286
531,0.041003,0.06719778406910008,993,0.015952,0.14229463445134527,1578,0.012181,0.34839,2260
530,0.037632,0.06939593476131409,985,0.008669,0.17725848744970762,1548,0.002223,0.63986,2260
508,0.003275,0.1319524201119132,986,0.009392,0.17263202146860682,1579,0.012812,0.30817,2241
533,0.048258,0.06295740354060068,1015,0.063715,0.0702681444955853,1582,0.014835,0.30422,2289
535,0.056514,0.0589208016905911,980,0.005703,0.20146093105263113,1536,0.000971,0.72714,2297
532,0.044502,0.06505180923841214,965,0.001382,0.28396770626223383,1568,0.007169,0.44727,2300
514,0.007146,0.11208988336077409,975,0.00369,0.22738818989218357,1557,0.00386,0.54722,2299
507,0.002863,0.13547385676804075,973,0.003098,0.23821956795561378,1558,0.004082,0.54556,2180
521,0.015881,0.09161922121937276,987,0.010134,0.16807804111208538,1542,0.001472,0.68557,2299
511,0.004881,0.12175058188744681,977,0.004388,0.21681633205714562,1552,0.002885,0.5952,2289
535,0.056514,0.0589208016905911,988,0.010923,0.16359693617424872,1571,0.008412,0.40015,2288
535,0.056514,0.0589208016905911,1011,0.051058,0.08081874884681862,1576,0.010979,0.35135,2288
517,0.010187,0.10296509556568055,992,0.014832,0.14640728029505454,1517,0.000227,0.85809,2239
505,0.002143,0.14269829788659802,956,0.000556,0.33943400101766535,1569,0.007588,0.40304,2266
491,0.000191,0.19998290530061782,1010,0.048204,0.08362570274381714,1560,0.004523,0.50116,2292
497,0.000587,0.17400907450419242,995,0.018428,0.13429188775212894,1556,0.003609,0.54886,2293
521,0.015881,0.09161922121937276,986,0.009392,0.17263202146860682,1546,0.001944,0.64278,2243
522,0.017592,0.08892693333344363,1014,0.06028,0.0728056174696529,1573,0.009359,0.39689,2275
526,0.026259,0.07872188529824783,960,0.000843,0.3143227082258305,1603,0.037519,0.14832,2285
529,0.034503,0.07164685292425027,983,0.007318,0.186727058016664,1614,0.057732,0.07535,2296
535,0.056514,0.0589208016905911,996,0.019844,0.1304018254689262,1573,0.009359,0.39689,2260
526,0.026259,0.07872188529824783,1001,0.027857,0.11206137253379161,1607,0.044143,0.12065,2299
516,0.009099,0.10594756054488935,985,0.008669,0.17725848744970762,1569,0.007588,0.40304,2296
524,0.02167,0.08371250648363103,992,0.014832,0.14640728029505454,1590,0.021501,0.22131,2272
530,0.037632,0.06939593476131409,985,0.008669,0.17725848744970762,1519,0.000276,0.83347,2211
520,0.014267,0.09436879441500223,1008,0.042959,0.08944736102149425,1579,0.012812,0.30817,2296
530,0.037632,0.06939593476131409,1009,0.045482,0.08650170261383684,1612,0.053611,0.09518,2294
519,0.01275,0.09717605160425771,999,0.024403,0.11917618755716608,1555,0.00341,0.55038,2232
505,0.002143,0.14269829788659802,1005,0.03579,0.09870788939133658,1565,0.006049,0.45153,2280
526,0.026259,0.07872188529824783,987,0.010134,0.16807804111208538,1603,0.037519,0.14832,2300
535,0.056514,0.0589208016905911,972,0.002811,0.2437300834521658,1574,0.009869,0.35407,2291
520,0.014267,0.09436879441500223,1013,0.05705,0.07540939284217735,1611,0.051602,0.09602,2241
503,0.001616,0.15016478838205044,938,7.2e-05,0.45845306034348055,1580,0.013493,0.30675,2287
510,0.004268,0.1250908756684736,977,0.004388,0.21681633205714562,1564,0.005697,0.45301,2291
528,0.031587,0.07395111427328879,993,0.015952,0.14229463445134527,1607,0.044143,0.12065,2288
511,0.004881,0.12175058188744681,1016,0.067128,0.06779621344538382,1551,0.002709,0.5966,2294
526,0.026259,0.07872188529824783,998,0.02282,0.12284409201506367,1586,0.017872,0.25989,2238
527,0.028861,0.07630927785866647,1000,0.026039,0.11558202443498841,1549,0.002376,0.59962,2291
531,0.041003,0.06719778406910008,1006,0.038133,0.09554993085534054,1577,0.011537,0.34986,2269
524,0.02167,0.08371250648363103,982,0.00671,0.19156813642141995,1563,0.005377,0.49641,2295
528,0.031587,0.07395111427328879,1014,0.06028,0.0728056174696529,1527,0.000498,0.79927,2284
524,0.02167,0.08371250648363103,970,0.002319,0.2549353721501601,1543,0.001585,0.68419,2265
523,0.019568,0.08629150947747893,1005,0.03579,0.09870788939133658,1618,0.066798,0.07304,2290
531,0.041003,0.06719778406910008,999,0.024403,0.11917618755716608,1588,0.019605,0.25758,2295
524,0.02167,0.08371250648363103,997,0.02129,0.12658592461451013,1535,0.000895,0.72837,2267
529,0.034503,0.07164685292425027,1000,0.026039,0.11558202443498841,1584,0.016284,0.26259,2286
509,0.00377,0.1284914524482879,937,6.1e-05,0.46521773458796734,1557,0.00386,0.54722,2299
516,0.009099,0.10594756054488935,981,0.006171,0.19647964118820407,1570,0.008002,0.40158,2287
496,0.00049,0.1781919045355587,972,0.002811,0.2437300834521658,1510,0.000134,0.88401,2277
526,0.026259,0.07872188529824783,1007,0.040545,0.09246325633583473,1597,0.029314,0.18339,2294
522,0.017592,0.08892693333344363,967,0.001722,0.2721863629482276,1577,0.011537,0.34986,2294
532,0.044502,0.06505180923841214,989,0.011784,0.1591890450684071,1570,0.008002,0.40158,2287
535,0.056514,0.0589208016905911,996,0.019844,0.1304018254689262,1531,0.000666,0.76548,2278
530,0.037632,0.06939593476131409,999,0.024403,0.11917618755716608,1554,0.00322,0.55197,2256
523,0.019568,0.08629150947747893,975,0.00369,0.22738818989218357,1545,0.001831,0.64414,2297
522,0.017592,0.08892693333344363,1012,0.053995,0.07808020250936908,1579,0.012812,0.30817,2296
491,0.000191,0.19998290530061782,996,0.019844,0.1304018254689262,1560,0.004523,0.50116,2268
531,0.041003,0.06719778406910008,1001,0.027857,0.11206137253379161,1588,0.019605,0.25758,2275
506,0.002501,0.13905581029067357,996,0.019844,0.1304018254689262,1583,0.015542,0.30283,2290
522,0.017592,0.08892693333344363,954,0.000428,0.3522296143951197,1618,0.066798,0.07304,2285
530,0.037632,0.06939593476131409,993,0.015952,0.14229463445134527,1563,0.005377,0.49641,2230
493,0.000287,0.19109266493958718,944,0.00014,0.41804049157208395,1529,0.000576,0.76786,2286
534,0.052241,0.0609139459038858,1015,0.063715,0.0702681444955853,1606,0.042451,0.12152,2288
520,0.014267,0.09436879441500223,1001,0.027857,0.11206137253379161,1511,0.000146,0.88335,2248
531,0.041003,0.06719778406910008,989,0.011784,0.1591890450684071,1560,0.004523,0.50116,2246
510,0.004268,0.1250908756684736,957,0.000615,0.3330936531441198,1578,0.012181,0.34839,2262
530,0.037632,0.06939593476131409,989,0.011784,0.1591890450684071,1603,0.037519,0.14832,2295
531,0.041003,0.06719778406910008,1011,0.051058,0.08081874884681862,1600,0.033204,0.15109,2282
533,0.048258,0.06295740354060068,1003,0.031643,0.1052394915244936,1587,0.01874,0.25879,2259
532,0.044502,0.06505180923841214,978,0.004839,0.21163004105402708,1566,0.006415,0.4501,2258
519,0.01275,0.09717605160425771,980,0.005703,0.20146093105263113,1544,0.00172,0.64544,2286
522,0.017592,0.08892693333344363,997,0.02129,0.12658592461451013,1599,0.0319,0.15219,2296
528,0.031587,0.07395111427328879,1003,0.031643,0.1052394915244936,1581,0.014124,0.30552,2278
522,0.017592,0.08892693333344363,984,0.007966,0.1819569959217331,1559,0.004308,0.50272,2291
532,0.044502,0.06505180923841214,1007,0.040545,0.09246325633583473,1569,0.007588,0.40304,2251
535,0.056514,0.0589208016905911,1015,0.063715,0.0702681444955853,1566,0.006415,0.4501,2246
529,0.034503,0.07164685292425027,992,0.014832,0.14640728029505454,1584,0.016284,0.26259,2291
533,0.048258,0.06295740354060068,1001,0.027857,0.11206137253379161,1612,0.053611,0.09518,2279
511,0.004881,0.12175058188744681,947,0.000198,0.3980345242726012,1572,0.008891,0.39839,2289
531,0.041003,0.06719778406910008,1005,0.03579,0.09870788939133658,1567,0.006766,0.44869,2299
515,0.008088,0.10898906461665049,1005,0.03579,0.09870788939133658,1556,0.003609,0.54886,2263
532,0.044502,0.06505180923841214,993,0.015952,0.14229463445134527,1607,0.044143,0.12065,2269
524,0.02167,0.08371250648363103,956,0.000556,0.33943400101766535,1555,0.00341,0.55038,2262
489,0.000122,0.20910073511053187,1012,0.053995,0.07808020250936908,1597,0.029314,0.18339,2294
498,0.000707,0.16988549582495266,990,0.012741,0.1548546539760021,1545,0.001831,0.64414,2267
514,0.007146,0.11208988336077409,997,0.02129,0.12658592461451013,1547,0.002073,0.64148,2239
511,0.004881,0.12175058188744681,974,0.003392,0.2327719264074534,1560,0.004523,0.50116,2290
506,0.002501,0.13905581029067357,934,4e-05,0.48552290192907654,1528,0.00054,0.79821,2200
517,0.010187,0.10296509556568055,996,0.019844,0.1304018254689262,1564,0.005697,0.45301,2221
526,0.026259,0.07872188529824783,946,0.000178,0.4046831880700783,1524,0.000406,0.80267,2266
525,0.02388,0.0811894600154765,978,0.004839,0.21163004105402708,1589,0.020539,0.22261,2276
521,0.015881,0.09161922121937276,965,0.001382,0.28396770626223383,1557,0.00386,0.54722,2244
524,0.02167,0.08371250648363103,1008,0.042959,0.08944736102149425,1578,0.012181,0.34839,2265
507,0.002863,0.13547385676804075,993,0.015952,0.14229463445134527,1548,0.002223,0.63986,2285
532,0.044502,0.06505180923841214,975,0.00369,0.22738818989218357,1547,0.002073,0.64148,2239
512,0.005586,0.1184704339272214,1009,0.045482,0.08650170261383684,1585,0.01703,0.26134,2297
516,0.009099,0.10594756054488935,995,0.018428,0.13429188775212894,1565,0.006049,0.45153,2247
532,0.044502,0.06505180923841214,992,0.014832,0.14640728029505454,1566,0.006415,0.4501,2292
532,0.044502,0.06505180923841214,986,0.009392,0.17263202146860682,1527,0.000498,0.79927,2239
523,0.019568,0.08629150947747893,973,0.003098,0.23821956795561378,1612,0.053611,0.09518,2279
522,0.017592,0.08892693333344363,995,0.018428,0.13429188775212894,1557,0.00386,0.54722,2284
513,0.006334,0.11525026582437176,979,0.005218,0.20651131130799644,1570,0.008002,0.40158,2269
517,0.010187,0.10296509556568055,967,0.001722,0.2721863629482276,1539,0.00118,0.68915,2261
533,0.048258,0.06295740354060068,1008,0.042959,0.08944736102149425,1566,0.006415,0.4501,2293
522,0.017592,0.08892693333344363,963,0.001144,0.29596095314786397,1534,0.000821,0.72949,2271
515,0.008088,0.10898906461665049,973,0.003098,0.23821956795561378,1564,0.005697,0.45301,2221
525,0.02388,0.0811894600154765,988,0.010923,0.16359693617424872,1546,0.001944,0.64278,2248
526,0.026259,0.07872188529824783,1016,0.067128,0.06779621344538382,1585,0.01703,0.26134,2292
523,0.019568,0.08629150947747893,973,0.003098,0.23821956795561378,1499,5e-05,0.9229,2231
507,0.002863,0.13547385676804075,968,0.00189,0.266378594648863,1561,0.004774,0.49948,2298
529,0.034503,0.07164685292425027,970,0.002319,0.2549353721501601,1594,0.02572,0.18643,2296
517,0.010187,0.10296509556568055,975,0.00369,0.22738818989218357,1515,0.000198,0.85989,2257
532,0.044502,0.06505180923841214,984,0.007966,0.1819569959217331,1586,0.017872,0.25989,2300
529,0.034503,0.07164685292425027,999,0.024403,0.11917618755716608,1574,0.009869,0.35407,2261
516,0.009099,0.10594756054488935,996,0.019844,0.1304018254689262,1574,0.009869,0.35407,2261
520,0.014267,0.09436879441500223,958,0.000679,0.32679388198607784,1562,0.005052,0.49791,2259
515,0.008088,0.10898906461665049,967,0.001722,0.2721863629482276,1609,0.04783,0.09745,2286
526,0.026259,0.07872188529824783,996,0.019844,0.1304018254689262,1597,0.029314,0.18339,2299
528,0.031587,0.07395111427328879,984,0.007966,0.1819569959217331,1587,0.01874,0.25879,2289
534,0.052241,0.0609139459038858,1005,0.03579,0.09870788939133658,1613,0.055648,0.09458,2295
535,0.056514,0.0589208016905911,993,0.015952,0.14229463445134527,1590,0.021501,0.22131,2277
530,0.037632,0.06939593476131409,987,0.010134,0.16807804111208538,1557,0.00386,0.54722,2294
527,0.028861,0.07630927785866647,985,0.008669,0.17725848744970762,1543,0.001585,0.68419,2290
531,0.041003,0.06719778406910008,1009,0.045482,0.08650170261383684,1529,0.000576,0.76786,2281
507,0.002863,0.13547385676804075,974,0.003392,0.2327719264074534,1582,0.014835,0.30422,2259
508,0.003275,0.1319524201119132,1014,0.06028,0.0728056174696529,1582,0.014835,0.30422,2299
523,0.019568,0.08629150947747893,987,0.010134,0.16807804111208538,1565,0.006049,0.45153,2216
520,0.014267,0.09436879441500223,1009,0.045482,0.08650170261383684,1598,0.030566,0.18239,2250
511,0.004881,0.12175058188744681,983,0.007318,0.186727058016664,1556,0.003609,0.54886,2243
531,0.041003,0.06719778406910008,1016,0.067128,0.06779621344538382,1559,0.004308,0.50272,2291
534,0.052241,0.0609139459038858,1007,0.040545,0.09246325633583473,1587,0.01874,0.25879,2274
505,0.002143,0.14269829788659802,946,0.000178,0.4046831880700783,1542,0.001472,0.68557,2227
531,0.041003,0.06719778406910008,987,0.010134,0.16807804111208538,1573,0.009359,0.39689,2295
521,0.015881,0.09161922121937276,981,0.006171,0.19647964118820407,1585,0.01703,0.26134,2257
527,0.028861,0.07630927785866647,965,0.001382,0.28396770626223383,1502,6.5e-05,0.9212,2244
524,0.02167,0.08371250648363103,967,0.001722,0.2721863629482276,1567,0.006766,0.44869,2289
528,0.031587,0.07395111427328879,978,0.004839,0.21163004105402708,1576,0.010979,0.35135,2268
516,0.009099,0.10594756054488935,967,0.001722,0.2721863629482276,1607,0.044143,0.12065,2264
532,0.044502,0.06505180923841214,985,0.008669,0.17725848744970762,1567,0.006766,0.44869,2297
524,0.02167,0.08371250648363103,987,0.010134,0.16807804111208538,1604,0.039127,0.12314,2251
524,0.02167,0.08371250648363103,997,0.02129,0.12658592461451013,1593,0.0246,0.21777,2260
524,0.02167,0.08371250648363103,997,0.02129,0.12658592461451013,1578,0.012181,0.34839,2290
529,0.034503,0.07164685292425027,988,0.010923,0.16359693617424872,1570,0.008002,0.40158,2262
532,0.044502,0.06505180923841214,1006,0.038133,0.09554993085534054,1580,0.013493,0.30675,2287
513,0.006334,0.11525026582437176,988,0.010923,0.16359693617424872,1604,0.039127,0.12314,2266
523,0.019568,0.08629150947747893,1009,0.045482,0.08650170261383684,1576,0.010979,0.35135,2268
534,0.052241,0.0609139459038858,990,0.012741,0.1548546539760021,1557,0.00386,0.54722,2299
516,0.009099,0.10594756054488935,1016,0.067128,0.06779621344538382,1586,0.017872,0.25989,2274
532,0.044502,0.06505180923841214,1010,0.048204,0.08362570274381714,1564,0.005697,0.45301,2300
515,0.008088,0.10898906461665049,975,0.00369,0.22738818989218357,1583,0.015542,0.30283,2260
531,0.041003,0.06719778406910008,995,0.018428,0.13429188775212894,1575,0.010438,0.35256,2297
528,0.031587,0.07395111427328879,995,0.018428,0.13429188775212894,1579,0.012812,0.30817,2281
521,0.015881,0.09161922121937276,997,0.02129,0.12658592461451013,1573,0.009359,0.39689,2296
529,0.034503,0.07164685292425027,981,0.006171,0.19647964118820407,1563,0.005377,0.49641,2265
531,0.041003,0.06719778406910008,1004,0.033659,0.10193759807570915,1576,0.010979,0.35135,2268
517,0.010187,0.10296509556568055,953,0.00039,0.3586813990073307,1597,0.029314,0.18339,2261
527,0.028861,0.07630927785866647,1013,0.05705,0.07540939284217735,1567,0.006766,0.44869,2294
522,0.017592,0.08892693333344363,1000,0.026039,0.11558202443498841,1583,0.015542,0.30283,2270
531,0.041003,0.06719778406910008,991,0.013703,0.15059400098504225,1585,0.01703,0.26134,2272
491,0.000191,0.19998290530061782,1012,0.053995,0.07808020250936908,1615,0.059909,0.07469,2292
529,0.034503,0.07164685292425027,993,0.015952,0.14229463445134527,1567,0.006766,0.44869,2184
493,0.000287,0.19109266493958718,940,9.2e-05,0.44494097119019543,1530,0.000623,0.76669,2261
499,0.000833,0.16582144211067898,1003,0.031643,0.1052394915244936,1585,0.01703,0.26134,2295
511,0.004881,0.12175058188744681,986,0.009392,0.17263202146860682,1556,0.003609,0.54886,2253
520,0.014267,0.09436879441500223,1014,0.06028,0.0728056174696529,1589,0.020539,0.22261,2286
508,0.003275,0.1319524201119132,943,0.000125,0.4247452836207227,1580,0.013493,0.30675,2219
524,0.02167,0.08371250648363103,998,0.02282,0.12284409201506367,1554,0.00322,0.55197,2269
527,0.028861,0.07630927785866647,1004,0.033659,0.10193759807570915,1595,0.026909,0.18542,2264
533,0.048258,0.06295740354060068,999,0.024403,0.11917618755716608,1608,0.045945,0.1199,2295
525,0.02388,0.0811894600154765,975,0.00369,0.22738818989218357,1563,0.005377,0.49641,2270
518,0.011439,0.10004136818048001,1001,0.027857,0.11206137253379161,1561,0.004774,0.49948,2288
532,0.044502,0.06505180923841214,990,0.012741,0.1548546539760021,1555,0.00341,0.55038,2257
525,0.02388,0.0811894600154765,999,0.024403,0.11917618755716608,1575,0.010438,0.35256,2282
530,0.037632,0.06939593476131409,988,0.010923,0.16359693617424872,1568,0.007169,0.44727,2275
510,0.004268,0.1250908756684736,1008,0.042959,0.08944736102149425,1580,0.013493,0.30675,2262
505,0.002143,0.14269829788659802,1005,0.03579,0.09870788939133658,1557,0.00386,0.54722,2300
527,0.028861,0.07630927785866647,1008,0.042959,0.08944736102149425,1576,0.010979,0.35135,2298
512,0.005586,0.1184704339272214,1007,0.040545,0.09246325633583473,1556,0.003609,0.54886,2238
510,0.004268,0.1250908756684736,960,0.000843,0.3143227082258305,1544,0.00172,0.64544,2256
518,0.011439,0.10004136818048001,1003,0.031643,0.1052394915244936,1597,0.029314,0.18339,2259
534,0.052241,0.0609139459038858,1008,0.042959,0.08944736102149425,1576,0.010979,0.35135,2299
523,0.019568,0.08629150947747893,988,0.010923,0.16359693617424872,1608,0.045945,0.1199,2281
521,0.015881,0.09161922121937276,984,0.007966,0.1819569959217331,1589,0.020539,0.22261,2291
532,0.044502,0.06505180923841214,976,0.004013,0.22206934473661805,1565,0.006049,0.45153,2237
525,0.02388,0.0811894600154765,962,0.001048,0.30203345299501594,1563,0.005377,0.49641,2275
526,0.026259,0.07872188529824783,997,0.02129,0.12658592461451013,1593,0.0246,0.21777,2280
528,0.031587,0.07395111427328879,1007,0.040545,0.09246325633583473,1555,0.00341,0.55038,2272
529,0.034503,0.07164685292425027,991,0.013703,0.15059400098504225,1604,0.039127,0.12314,2286
531,0.041003,0.06719778406910008,1010,0.048204,0.08362570274381714,1596,0.028082,0.18432,2293
535,0.056514,0.0589208016905911,1007,0.040545,0.09246325633583473,1574,0.009869,0.35407,2261
528,0.031587,0.07395111427328879,988,0.010923,0.16359693617424872,1549,0.002376,0.59962,2266
532,0.044502,0.06505180923841214,988,0.010923,0.16359693617424872,1569,0.007588,0.40304,2266
526,0.026259,0.07872188529824783,996,0.019844,0.1304018254689262,1592,0.023531,0.21899,2264
507,0.002863,0.13547385676804075,942,0.000107,0.4314649222194688,1582,0.014835,0.30422,2289
528,0.031587,0.07395111427328879,1004,0.033659,0.10193759807570915,1557,0.00386,0.54722,2274
508,0.003275,0.1319524201119132,960,0.000843,0.3143227082258305,1526,0.00046,0.80044,2233
531,0.041003,0.06719778406910008,991,0.013703,0.15059400098504225,1598,0.030566,0.18239,2295
527,0.028861,0.07630927785866647,997,0.02129,0.12658592461451013,1543,0.001585,0.68419,2280
517,0.010187,0.10296509556568055,971,0.002533,0.2493023934405924,1582,0.014835,0.30422,2299
522,0.017592,0.08892693333344363,992,0.014832,0.14640728029505454,1549,0.002376,0.59962,2286
515,0.008088,0.10898906461665049,977,0.004388,0.21681633205714562,1546,0.001944,0.64278,2258
518,0.011439,0.10004136818048001,999,0.024403,0.11917618755716608,1588,0.019605,0.25758,2300
525,0.02388,0.0811894600154765,1009,0.045482,0.08650170261383684,1599,0.0319,0.15219,2281
501,0.001176,0.157872837837039,1009,0.045482,0.08650170261383684,1567,0.006766,0.44869,2212
522,0.017592,0.08892693333344363,955,0.000481,0.34581323026975197,1560,0.004523,0.50116,2277
498,0.000707,0.16988549582495266,983,0.007318,0.186727058016664,1554,0.00322,0.55197,2281
520,0.014267,0.09436879441500223,995,0.018428,0.13429188775212894,1600,0.033204,0.15109,2277
529,0.034503,0.07164685292425027,992,0.014832,0.14640728029505454,1588,0.019605,0.25758,2285
517,0.010187,0.10296509556568055,982,0.00671,0.19156813642141995,1583,0.015542,0.30283,2245
516,0.009099,0.10594756054488935,1003,0.031643,0.1052394915244936,1600,0.033204,0.15109,2297
514,0.007146,0.11208988336077409,977,0.004388,0.21681633205714562,1576,0.010979,0.35135,2263
524,0.02167,0.08371250648363103,984,0.007966,0.1819569959217331,1573,0.009359,0.39689,2270
517,0.010187,0.10296509556568055,990,0.012741,0.1548546539760021,1563,0.005377,0.49641,2290
532,0.044502,0.06505180923841214,1000,0.026039,0.11558202443498841,1609,0.04783,0.09745,2281
528,0.031587,0.07395111427328879,989,0.011784,0.1591890450684071,1529,0.000576,0.76786,2255
535,0.056514,0.0589208016905911,995,0.018428,0.13429188775212894,1572,0.008891,0.39839,2254
525,0.02388,0.0811894600154765,982,0.00671,0.19156813642141995,1562,0.005052,0.49791,2239
505,0.002143,0.14269829788659802,1005,0.03579,0.09870788939133658,1579,0.012812,0.30817,2216
523,0.019568,0.08629150947747893,996,0.019844,0.1304018254689262,1562,0.005052,0.49791,2289
517,0.010187,0.10296509556568055,965,0.001382,0.28396770626223383,1576,0.010979,0.35135,2258
513,0.006334,0.11525026582437176,1006,0.038133,0.09554993085534054,1593,0.0246,0.21777,2275
525,0.02388,0.0811894600154765,1011,0.051058,0.08081874884681862,1607,0.044143,0.12065,2294
530,0.037632,0.06939593476131409,971,0.002533,0.2493023934405924,1542,0.001472,0.68557,2184
534,0.052241,0.0609139459038858,996,0.019844,0.1304018254689262,1529,0.000576,0.76786,2256
512,0.005586,0.1184704339272214,956,0.000556,0.33943400101766535,1551,0.002709,0.5966,2278
504,0.001879,0.1464013056895814,973,0.003098,0.23821956795561378,1587,0.01874,0.25879,2234
491,0.000191,0.19998290530061782,940,9.2e-05,0.44494097119019543,1542,0.001472,0.68557,2269
516,0.009099,0.10594756054488935,1013,0.05705,0.07540939284217735,1586,0.017872,0.25989,2288
520,0.014267,0.09436879441500223,993,0.015952,0.14229463445134527,1577,0.011537,0.34986,2259
519,0.01275,0.09717605160425771,1008,0.042959,0.08944736102149425,1549,0.002376,0.59962,2276
507,0.002863,0.13547385676804075,945,0.000163,0.41135248284901643,1540,0.001266,0.68798,2227
532,0.044502,0.06505180923841214,998,0.02282,0.12284409201506367,1560,0.004523,0.50116,2277
526,0.026259,0.07872188529824783,1008,0.042959,0.08944736102149425,1557,0.00386,0.54722,2259
532,0.044502,0.06505180923841214,967,0.001722,0.2721863629482276,1547,0.002073,0.64148,2268
515,0.008088,0.10898906461665049,977,0.004388,0.21681633205714562,1535,0.000895,0.72837,2262
528,0.031587,0.07395111427328879,982,0.00671,0.19156813642141995,1613,0.055648,0.09458,2275
527,0.028861,0.07630927785866647,988,0.010923,0.16359693617424872,1595,0.026909,0.18542,2292
530,0.037632,0.06939593476131409,964,0.001244,0.2899385501920277,1523,0.000381,0.82997,2265
522,0.017592,0.08892693333344363,1008,0.042959,0.08944736102149425,1572,0.008891,0.39839,2249
529,0.034503,0.07164685292425027,947,0.000198,0.3980345242726012,1559,0.004308,0.50272,2281
491,0.000191,0.19998290530061782,966,0.001548,0.27804984797236265,1563,0.005377,0.49641,2252
513,0.006334,0.11525026582437176,971,0.002533,0.2493023934405924,1577,0.011537,0.34986,2279
530,0.037632,0.06939593476131409,1016,0.067128,0.06779621344538382,1583,0.015542,0.30283,2295
509,0.00377,0.1284914524482879,1005,0.03579,0.09870788939133658,1591,0.022435,0.22018,2258
514,0.007146,0.11208988336077409,980,0.005703,0.20146093105263113,1567,0.006766,0.44869,2299
534,0.052241,0.0609139459038858,1005,0.03579,0.09870788939133658,1584,0.016284,0.26259,2291
526,0.026259,0.07872188529824783,1000,0.026039,0.11558202443498841,1597,0.029314,0.18339,2229
530,0.037632,0.06939593476131409,997,0.02129,0.12658592461451013,1596,0.028082,0.18432,2273
532,0.044502,0.06505180923841214,999,0.024403,0.11917618755716608,1578,0.012181,0.34839,2300
517,0.010187,0.10296509556568055,996,0.019844,0.1304018254689262,1585,0.01703,0.26134,2287
515,0.008088,0.10898906461665049,999,0.024403,0.11917618755716608,1589,0.020539,0.22261,2291
515,0.008088,0.10898906461665049,958,0.000679,0.32679388198607784,1536,0.000971,0.72714,2283
527,0.028861,0.07630927785866647,985,0.008669,0.17725848744970762,1606,0.042451,0.12152,2293
522,0.017592,0.08892693333344363,1015,0.063715,0.0702681444955853,1572,0.008891,0.39839,2259
518,0.011439,0.10004136818048001,977,0.004388,0.21681633205714562,1548,0.002223,0.63986,2255
528,0.031587,0.07395111427328879,982,0.00671,0.19156813642141995,1588,0.019605,0.25758,2250
509,0.00377,0.1284914524482879,960,0.000843,0.3143227082258305,1539,0.00118,0.68915,2256
517,0.010187,0.10296509556568055,999,0.024403,0.11917618755716608,1589,0.020539,0.22261,2256
517,0.010187,0.10296509556568055,997,0.02129,0.12658592461451013,1578,0.012181,0.34839,2270
531,0.041003,0.06719778406910008,1011,0.051058,0.08081874884681862,1571,0.008412,0.40015,2258
533,0.048258,0.06295740354060068,971,0.002533,0.2493023934405924,1562,0.005052,0.49791,2269
511,0.004881,0.12175058188744681,983,0.007318,0.186727058016664,1597,0.029314,0.18339,2264
527,0.028861,0.07630927785866647,987,0.010134,0.16807804111208538,1559,0.004308,0.50272,2231
535,0.056514,0.0589208016905911,964,0.001244,0.2899385501920277,1606,0.042451,0.12152,2298
535,0.056514,0.0589208016905911,1016,0.067128,0.06779621344538382,1583,0.015542,0.30283,2270
527,0.028861,0.07630927785866647,988,0.010923,0.16359693617424872,1538,0.001101,0.72452,2289
508,0.003275,0.1319524201119132,978,0.004839,0.21163004105402708,1539,0.00118,0.68915,2199
502,0.001373,0.15398866884503148,994,0.017146,0.1382561561189221,1609,0.04783,0.09745,2286
492,0.000231,0.1955090947935819,974,0.003392,0.2327719264074534,1577,0.011537,0.34986,2279
518,0.011439,0.10004136818048001,1000,0.026039,0.11558202443498841,1595,0.026909,0.18542,2262
506,0.002501,0.13905581029067357,984,0.007966,0.1819569959217331,1570,0.008002,0.40158,2222
531,0.041003,0.06719778406910008,1001,0.027857,0.11206137253379161,1554,0.00322,0.55197,2256
511,0.004881,0.12175058188744681,972,0.002811,0.2437300834521658,1550,0.002533,0.59829,2252
531,0.041003,0.06719778406910008,1002,0.029719,0.10861396516586448,1596,0.028082,0.18432,2293
526,0.026259,0.07872188529824783,999,0.024403,0.11917618755716608,1576,0.010979,0.35135,2243
524,0.02167,0.08371250648363103,982,0.00671,0.19156813642141995,1572,0.008891,0.39839,2269
502,0.001373,0.15398866884503148,982,0.00671,0.19156813642141995,1523,0.000381,0.82997,2230
524,0.02167,0.08371250648363103,1008,0.042959,0.08944736102149425,1605,0.040808,0.12226,2276
519,0.01275,0.09717605160425771,977,0.004388,0.21681633205714562,1595,0.026909,0.18542,2292
501,0.001176,0.157872837837039,1011,0.051058,0.08081874884681862,1597,0.029314,0.18339,2299
533,0.048258,0.06295740354060068,996,0.019844,0.1304018254689262,1564,0.005697,0.45301,2258
499,0.000833,0.16582144211067898,974,0.003392,0.2327719264074534,1563,0.005377,0.49641,2255
515,0.008088,0.10898906461665049,957,0.000615,0.3330936531441198,1548,0.002223,0.63986,2250
528,0.031587,0.07395111427328879,991,0.013703,0.15059400098504225,1542,0.001472,0.68557,2229
513,0.006334,0.11525026582437176,986,0.009392,0.17263202146860682,1595,0.026909,0.18542,2282
524,0.02167,0.08371250648363103,1008,0.042959,0.08944736102149425,1604,0.039127,0.12314,2266
522,0.017592,0.08892693333344363,1005,0.03579,0.09870788939133658,1604,0.039127,0.12314,2290
509,0.00377,0.1284914524482879,982,0.00671,0.19156813642141995,1601,0.034595,0.15017,2278
524,0.02167,0.08371250648363103,994,0.017146,0.1382561561189221,1595,0.026909,0.18542,2277
526,0.026259,0.07872188529824783,995,0.018428,0.13429188775212894,1597,0.029314,0.18339,2274
500,0.000991,0.16181715370253355,968,0.00189,0.266378594648863,1566,0.006415,0.4501,2278
518,0.011439,0.10004136818048001,997,0.02129,0.12658592461451013,1581,0.014124,0.30552,2293
520,0.014267,0.09436879441500223,984,0.007966,0.1819569959217331,1587,0.01874,0.25879,2259
528,0.031587,0.07395111427328879,989,0.011784,0.1591890450684071,1570,0.008002,0.40158,2262
517,0.010187,0.10296509556568055,976,0.004013,0.22206934473661805,1566,0.006415,0.4501,2253
532,0.044502,0.06505180923841214,995,0.018428,0.13429188775212894,1538,0.001101,0.72452,2287
521,0.015881,0.09161922121937276,976,0.004013,0.22206934473661805,1535,0.000895,0.72837,2222
535,0.056514,0.0589208016905911,1009,0.045482,0.08650170261383684,1616,0.062132,0.07412,2283
510,0.004268,0.1250908756684736,960,0.000843,0.3143227082258305,1494,3.6e-05,0.93819,2261
535,0.056514,0.0589208016905911,1013,0.05705,0.07540939284217735,1579,0.012812,0.30817,2296
529,0.034503,0.07164685292425027,1011,0.051058,0.08081874884681862,1560,0.004523,0.50116,2281
523,0.019568,0.08629150947747893,1007,0.040545,0.09246325633583473,1538,0.001101,0.72452,2300
530,0.037632,0.06939593476131409,973,0.003098,0.23821956795561378,1594,0.02572,0.18643,2236
532,0.044502,0.06505180923841214,987,0.010134,0.16807804111208538,1609,0.04783,0.09745,2286
523,0.019568,0.08629150947747893,998,0.02282,0.12284409201506367,1590,0.021501,0.22131,2289
532,0.044502,0.06505180923841214,1015,0.063715,0.0702681444955853,1541,0.001371,0.68676,2298
529,0.034503,0.07164685292425027,967,0.001722,0.2721863629482276,1563,0.005377,0.49641,2284
524,0.02167,0.08371250648363103,985,0.008669,0.17725848744970762,1560,0.004523,0.50116,2241
524,0.02167,0.08371250648363103,978,0.004839,0.21163004105402708,1585,0.01703,0.26134,2277
516,0.009099,0.10594756054488935,965,0.001382,0.28396770626223383,1532,0.000712,0.76421,2264
508,0.003275,0.1319524201119132,999,0.024403,0.11917618755716608,1601,0.034595,0.15017,2263
517,0.010187,0.10296509556568055,970,0.002319,0.2549353721501601,1588,0.019605,0.25758,2295
524,0.02167,0.08371250648363103,982,0.00671,0.19156813642141995,1556,0.003609,0.54886,2218
524,0.02167,0.08371250648363103,977,0.004388,0.21681633205714562,1553,0.003059,0.59378,2212
521,0.015881,0.09161922121937276,964,0.001244,0.2899385501920277,1564,0.005697,0.45301,2296
531,0.041003,0.06719778406910008,983,0.007318,0.186727058016664,1593,0.0246,0.21777,2290
522,0.017592,0.08892693333344363,928,1.7e-05,0.5260096013496532,1574,0.009869,0.35407,2291
535,0.056514,0.0589208016905911,1001,0.027857,0.11206137253379161,1540,0.001266,0.68798,2223
525,0.02388,0.0811894600154765,976,0.004013,0.22206934473661805,1587,0.01874,0.25879,2262
519,0.01275,0.09717605160425771,987,0.010134,0.16807804111208538,1588,0.019605,0.25758,2260
524,0.02167,0.08371250648363103,993,0.015952,0.14229463445134527,1565,0.006049,0.45153,2277
523,0.019568,0.08629150947747893,970,0.002319,0.2549353721501601,1534,0.000821,0.72949,2249
507,0.002863,0.13547385676804075,981,0.006171,0.19647964118820407,1560,0.004523,0.50116,2277
527,0.028861,0.07630927785866647,992,0.014832,0.14640728029505454,1601,0.034595,0.15017,2298
508,0.003275,0.1319524201119132,975,0.00369,0.22738818989218357,1548,0.002223,0.63986,2300
525,0.02388,0.0811894600154765,992,0.014832,0.14640728029505454,1578,0.012181,0.34839,2255
505,0.002143,0.14269829788659802,945,0.000163,0.41135248284901643,1518,0.000247,0.85731,2180
518,0.011439,0.10004136818048001,981,0.006171,0.19647964118820407,1602,0.036068,0.14929,2294
504,0.001879,0.1464013056895814,1016,0.067128,0.06779621344538382,1611,0.051602,0.09602,2293
528,0.031587,0.07395111427328879,980,0.005703,0.20146093105263113,1612,0.053611,0.09518,2264
526,0.026259,0.07872188529824783,1004,0.033659,0.10193759807570915,1605,0.040808,0.12226,2267
535,0.056514,0.0589208016905911,985,0.008669,0.17725848744970762,1549,0.002376,0.59962,2251
510,0.004268,0.1250908756684736,963,0.001144,0.29596095314786397,1551,0.002709,0.5966,2238
531,0.041003,0.06719778406910008,1000,0.026039,0.11558202443498841,1579,0.012812,0.30817,2297
507,0.002863,0.13547385676804075,987,0.010134,0.16807804111208538,1553,0.003059,0.59378,2285
524,0.02167,0.08371250648363103,974,0.003392,0.2327719264074534,1593,0.0246,0.21777,2255
529,0.034503,0.07164685292425027,967,0.001722,0.2721863629482276,1496,4.1e-05,0.93734,2273
509,0.00377,0.1284914524482879,960,0.000843,0.3143227082258305,1550,0.002533,0.59829,2282
513,0.006334,0.11525026582437176,984,0.007966,0.1819569959217331,1567,0.006766,0.44869,2262
529,0.034503,0.07164685292425027,959,0.000756,0.3205363547882977,1528,0.00054,0.79821,2255
526,0.026259,0.07872188529824783,988,0.010923,0.16359693617424872,1541,0.001371,0.68676,2292
513,0.006334,0.11525026582437176,996,0.019844,0.1304018254689262,1579,0.012812,0.30817,2284
527,0.028861,0.07630927785866647,996,0.019844,0.1304018254689262,1598,0.030566,0.18239,2300
532,0.044502,0.06505180923841214,1003,0.031643,0.1052394915244936,1577,0.011537,0.34986,2294
504,0.001879,0.1464013056895814,1005,0.03579,0.09870788939133658,1560,0.004523,0.50116,2262
532,0.044502,0.06505180923841214,971,0.002533,0.2493023934405924,1570,0.008002,0.40158,2222
524,0.02167,0.08371250648363103,1014,0.06028,0.0728056174696529,1599,0.0319,0.15219,2271
528,0.031587,0.07395111427328879,981,0.006171,0.19647964118820407,1570,0.008002,0.40158,2242
528,0.031587,0.07395111427328879,998,0.02282,0.12284409201506367,1558,0.004082,0.54556,2250
500,0.000991,0.16181715370253355,968,0.00189,0.266378594648863,1549,0.002376,0.59962,2258
513,0.006334,0.11525026582437176,966,0.001548,0.27804984797236265,1560,0.004523,0.50116,2287
511,0.004881,0.12175058188744681,1005,0.03579,0.09870788939133658,1541,0.001371,0.68676,2288
523,0.019568,0.08629150947747893,984,0.007966,0.1819569959217331,1577,0.011537,0.34986,2299
532,0.044502,0.06505180923841214,972,0.002811,0.2437300834521658,1548,0.002223,0.63986,2230
527,0.028861,0.07630927785866647,1014,0.06028,0.0728056174696529,1591,0.022435,0.22018,2268
535,0.056514,0.0589208016905911,1002,0.029719,0.10861396516586448,1504,8e-05,0.90518,2286
528,0.031587,0.07395111427328879,1001,0.027857,0.11206137253379161,1553,0.003059,0.59378,2285
520,0.014267,0.09436879441500223,1006,0.038133,0.09554993085534054,1558,0.004082,0.54556,2254
527,0.028861,0.07630927785866647,998,0.02282,0.12284409201506367,1546,0.001944,0.64278,2293
510,0.004268,0.1250908756684736,944,0.00014,0.41804049157208395,1602,0.036068,0.14929,2264
522,0.017592,0.08892693333344363,1008,0.042959,0.08944736102149425,1605,0.040808,0.12226,2282
529,0.034503,0.07164685292425027,991,0.013703,0.15059400098504225,1618,0.066798,0.07304,2295
524,0.02167,0.08371250648363103,1002,0.029719,0.10861396516586448,1597,0.029314,0.18339,2274
519,0.01275,0.09717605160425771,990,0.012741,0.1548546539760021,1510,0.000134,0.88401,2258
509,0.00377,0.1284914524482879,993,0.015952,0.14229463445134527,1570,0.008002,0.40158,2272
528,0.031587,0.07395111427328879,995,0.018428,0.13429188775212894,1610,0.049684,0.09661,2292
508,0.003275,0.1319524201119132,1006,0.038133,0.09554993085534054,1548,0.002223,0.63986,2300
516,0.009099,0.10594756054488935,974,0.003392,0.2327719264074534,1567,0.006766,0.44869,2299
535,0.056514,0.0589208016905911,985,0.008669,0.17725848744970762,1550,0.002533,0.59829,2207
531,0.041003,0.06719778406910008,1007,0.040545,0.09246325633583473,1565,0.006049,0.45153,2287
532,0.044502,0.06505180923841214,968,0.00189,0.266378594648863,1524,0.000406,0.80267,2251
526,0.026259,0.07872188529824783,982,0.00671,0.19156813642141995,1548,0.002223,0.63986,2275
530,0.037632,0.06939593476131409,1012,0.053995,0.07808020250936908,1595,0.026909,0.18542,2227
533,0.048258,0.06295740354060068,984,0.007966,0.1819569959217331,1529,0.000576,0.76786,2211
507,0.002863,0.13547385676804075,943,0.000125,0.4247452836207227,1535,0.000895,0.72837,2247
523,0.019568,0.08629150947747893,1007,0.040545,0.09246325633583473,1575,0.010438,0.35256,2297
527,0.028861,0.07630927785866647,1000,0.026039,0.11558202443498841,1567,0.006766,0.44869,2299
532,0.044502,0.06505180923841214,984,0.007966,0.1819569959217331,1553,0.003059,0.59378,2280
500,0.000991,0.16181715370253355,980,0.005703,0.20146093105263113,1545,0.001831,0.64414,2262
533,0.048258,0.06295740354060068,978,0.004839,0.21163004105402708,1534,0.000821,0.72949,2241
526,0.026259,0.07872188529824783,972,0.002811,0.2437300834521658,1587,0.01874,0.25879,2274
533,0.048258,0.06295740354060068,997,0.02129,0.12658592461451013,1537,0.001032,0.72583,2264
515,0.008088,0.10898906461665049,990,0.012741,0.1548546539760021,1613,0.055648,0.09458,2235
531,0.041003,0.06719778406910008,993,0.015952,0.14229463445134527,1519,0.000276,0.83347,2246
535,0.056514,0.0589208016905911,1010,0.048204,0.08362570274381714,1592,0.023531,0.21899,2284
534,0.052241,0.0609139459038858,996,0.019844,0.1304018254689262,1550,0.002533,0.59829,2233
523,0.019568,0.08629150947747893,957,0.000615,0.3330936531441198,1547,0.002073,0.64148,2284
531,0.041003,0.06719778406910008,1016,0.067128,0.06779621344538382,1592,0.023531,0.21899,2284
526,0.026259,0.07872188529824783,1015,0.063715,0.0702681444955853,1613,0.055648,0.09458,2300
528,0.031587,0.07395111427328879,995,0.018428,0.13429188775212894,1584,0.016284,0.26259,2281
511,0.004881,0.12175058188744681,1004,0.033659,0.10193759807570915,1581,0.014124,0.30552,2278
529,0.034503,0.07164685292425027,977,0.004388,0.21681633205714562,1570,0.008002,0.40158,2262
510,0.004268,0.1250908756684736,980,0.005703,0.20146093105263113,1578,0.012181,0.34839,2259
519,0.01275,0.09717605160425771,956,0.000556,0.33943400101766535,1582,0.014835,0.30422,2299
516,0.009099,0.10594756054488935,981,0.006171,0.19647964118820407,1554,0.00322,0.55197,2211
520,0.014267,0.09436879441500223,992,0.014832,0.14640728029505454,1601,0.034595,0.15017,2278
510,0.004268,0.1250908756684736,997,0.02129,0.12658592461451013,1593,0.0246,0.21777,2285
511,0.004881,0.12175058188744681,1003,0.031643,0.1052394915244936,1606,0.042451,0.12152,2288
535,0.056514,0.0589208016905911,986,0.009392,0.17263202146860682,1538,0.001101,0.72452,2290
532,0.044502,0.06505180923841214,1014,0.06028,0.0728056174696529,1583,0.015542,0.30283,2290
529,0.034503,0.07164685292425027,1009,0.045482,0.08650170261383684,1589,0.020539,0.22261,2276
525,0.02388,0.0811894600154765,989,0.011784,0.1591890450684071,1601,0.034595,0.15017,2293
531,0.041003,0.06719778406910008,984,0.007966,0.1819569959217331,1569,0.007588,0.40304,2281
531,0.041003,0.06719778406910008,981,0.006171,0.19647964118820407,1561,0.004774,0.49948,2288
508,0.003275,0.1319524201119132,1011,0.051058,0.08081874884681862,1544,0.00172,0.64544,2251
510,0.004268,0.1250908756684736,981,0.006171,0.19647964118820407,1566,0.006415,0.4501,2273
528,0.031587,0.07395111427328879,1008,0.042959,0.08944736102149425,1607,0.044143,0.12065,2284
525,0.02388,0.0811894600154765,997,0.02129,0.12658592461451013,1585,0.01703,0.26134,2297
521,0.015881,0.09161922121937276,991,0.013703,0.15059400098504225,1553,0.003059,0.59378,2300
515,0.008088,0.10898906461665049,996,0.019844,0.1304018254689262,1602,0.036068,0.14929,2299
512,0.005586,0.1184704339272214,970,0.002319,0.2549353721501601,1562,0.005052,0.49791,2279
531,0.041003,0.06719778406910008,977,0.004388,0.21681633205714562,1555,0.00341,0.55038,2277
529,0.034503,0.07164685292425027,999,0.024403,0.11917618755716608,1585,0.01703,0.26134,2272
524,0.02167,0.08371250648363103,975,0.00369,0.22738818989218357,1588,0.019605,0.25758,2295
529,0.034503,0.07164685292425027,999,0.024403,0.11917618755716608,1571,0.008412,0.40015,2293
500,0.000991,0.16181715370253355,997,0.02129,0.12658592461451013,1524,0.000406,0.80267,2285
532,0.044502,0.06505180923841214,990,0.012741,0.1548546539760021,1613,0.055648,0.09458,2292
533,0.048258,0.06295740354060068,986,0.009392,0.17263202146860682,1586,0.017872,0.25989,2273
522,0.017592,0.08892693333344363,971,0.002533,0.2493023934405924,1573,0.009359,0.39689,2285
517,0.010187,0.10296509556568055,952,0.000352,0.36516680772409843,1560,0.004523,0.50116,2297
516,0.009099,0.10594756054488935,977,0.004388,0.21681633205714562,1545,0.001831,0.64414,2232
529,0.034503,0.07164685292425027,977,0.004388,0.21681633205714562,1592,0.023531,0.21899,2289
530,0.037632,0.06939593476131409,961,0.000944,0.30815454978779394,1599,0.0319,0.15219,2286
529,0.034503,0.07164685292425027,963,0.001144,0.29596095314786397,1592,0.023531,0.21899,2294
500,0.000991,0.16181715370253355,987,0.010134,0.16807804111208538,1524,0.000406,0.80267,2196
528,0.031587,0.07395111427328879,990,0.012741,0.1548546539760021,1592,0.023531,0.21899,2284
526,0.026259,0.07872188529824783,1013,0.05705,0.07540939284217735,1587,0.01874,0.25879,2294
522,0.017592,0.08892693333344363,1006,0.038133,0.09554993085534054,1580,0.013493,0.30675,2292
533,0.048258,0.06295740354060068,998,0.02282,0.12284409201506367,1588,0.019605,0.25758,2294
524,0.02167,0.08371250648363103,984,0.007966,0.1819569959217331,1580,0.013493,0.30675,2292
522,0.017592,0.08892693333344363,973,0.003098,0.23821956795561378,1600,0.033204,0.15109,2292
531,0.041003,0.06719778406910008,976,0.004013,0.22206934473661805,1593,0.0246,0.21777,2275
520,0.014267,0.09436879441500223,984,0.007966,0.1819569959217331,1557,0.00386,0.54722,2269
529,0.034503,0.07164685292425027,976,0.004013,0.22206934473661805,1499,5e-05,0.9229,2276
521,0.015881,0.09161922121937276,1013,0.05705,0.07540939284217735,1617,0.064436,0.07357,2299
519,0.01275,0.09717605160425771,1009,0.045482,0.08650170261383684,1598,0.030566,0.18239,2285
519,0.01275,0.09717605160425771,963,0.001144,0.29596095314786397,1553,0.003059,0.59378,2260
526,0.026259,0.07872188529824783,967,0.001722,0.2721863629482276,1552,0.002885,0.5952,2274
531,0.041003,0.06719778406910008,993,0.015952,0.14229463445134527,1554,0.00322,0.55197,2226
523,0.019568,0.08629150947747893,962,0.001048,0.30203345299501594,1593,0.0246,0.21777,2295
531,0.041003,0.06719778406910008,986,0.009392,0.17263202146860682,1563,0.005377,0.49641,2266
530,0.037632,0.06939593476131409,1000,0.026039,0.11558202443498841,1565,0.006049,0.45153,2292
532,0.044502,0.06505180923841214,993,0.015952,0.14229463445134527,1578,0.012181,0.34839,2295
500,0.000991,0.16181715370253355,949,0.000264,0.3848066872939196,1572,0.008891,0.39839,2299
527,0.028861,0.07630927785866647,950,0.000294,0.37823128228654707,1538,0.001101,0.72452,2275
531,0.041003,0.06719778406910008,1007,0.040545,0.09246325633583473,1613,0.055648,0.09458,2265
526,0.026259,0.07872188529824783,991,0.013703,0.15059400098504225,1577,0.011537,0.34986,2294
529,0.034503,0.07164685292425027,982,0.00671,0.19156813642141995,1541,0.001371,0.68676,2263
513,0.006334,0.11525026582437176,980,0.005703,0.20146093105263113,1606,0.042451,0.12152,2273
527,0.028861,0.07630927785866647,1008,0.042959,0.08944736102149425,1601,0.034595,0.15017,2297
523,0.019568,0.08629150947747893,986,0.009392,0.17263202146860682,1558,0.004082,0.54556,2240
521,0.015881,0.09161922121937276,997,0.02129,0.12658592461451013,1592,0.023531,0.21899,2294
525,0.02388,0.0811894600154765,990,0.012741,0.1548546539760021,1580,0.013493,0.30675,2299
510,0.004268,0.1250908756684736,991,0.013703,0.15059400098504225,1558,0.004082,0.54556,2295
520,0.014267,0.09436879441500223,991,0.013703,0.15059400098504225,1527,0.000498,0.79927,2279
522,0.017592,0.08892693333344363,1001,0.027857,0.11206137253379161,1568,0.007169,0.44727,2295
535,0.056514,0.0589208016905911,1015,0.063715,0.0702681444955853,1585,0.01703,0.26134,2287
498,0.000707,0.16988549582495266,989,0.011784,0.1591890450684071,1535,0.000895,0.72837,2198
527,0.028861,0.07630927785866647,1011,0.051058,0.08081874884681862,1604,0.039127,0.12314,2291
528,0.031587,0.07395111427328879,1002,0.029719,0.10861396516586448,1580,0.013493,0.30675,2294
524,0.02167,0.08371250648363103,992,0.014832,0.14640728029505454,1587,0.01874,0.25879,2287
531,0.041003,0.06719778406910008,1007,0.040545,0.09246325633583473,1530,0.000623,0.76669,2207
533,0.048258,0.06295740354060068,998,0.02282,0.12284409201506367,1574,0.009869,0.35407,2241
520,0.014267,0.09436879441500223,993,0.015952,0.14229463445134527,1596,0.028082,0.18432,2293
527,0.028861,0.07630927785866647,953,0.00039,0.3586813990073307,1537,0.001032,0.72583,2296
532,0.044502,0.06505180923841214,1010,0.048204,0.08362570274381714,1571,0.008412,0.40015,2285
521,0.015881,0.09161922121937276,981,0.006171,0.19647964118820407,1546,0.001944,0.64278,2298
528,0.031587,0.07395111427328879,992,0.014832,0.14640728029505454,1579,0.012812,0.30817,2296
532,0.044502,0.06505180923841214,991,0.013703,0.15059400098504225,1590,0.021501,0.22131,2267
507,0.002863,0.13547385676804075,951,0.000321,0.37168404174874053,1539,0.00118,0.68915,2231
523,0.019568,0.08629150947747893,987,0.010134,0.16807804111208538,1610,0.049684,0.09661,2297
525,0.02388,0.0811894600154765,982,0.00671,0.19156813642141995,1563,0.005377,0.49641,2285
511,0.004881,0.12175058188744681,967,0.001722,0.2721863629482276,1592,0.023531,0.21899,2289
516,0.009099,0.10594756054488935,985,0.008669,0.17725848744970762,1535,0.000895,0.72837,2272
535,0.056514,0.0589208016905911,943,0.000125,0.4247452836207227,1491,2.6e-05,0.94975,2213
519,0.01275,0.09717605160425771,1005,0.03579,0.09870788939133658,1564,0.005697,0.45301,2231
529,0.034503,0.07164685292425027,1014,0.06028,0.0728056174696529,1589,0.020539,0.22261,2291
483,2.9e-05,0.23777509792005241,995,0.018428,0.13429188775212894,1580,0.013493,0.30675,2287
534,0.052241,0.0609139459038858,992,0.014832,0.14640728029505454,1553,0.003059,0.59378,2220
535,0.056514,0.0589208016905911,1012,0.053995,0.07808020250936908,1582,0.014835,0.30422,2284
520,0.014267,0.09436879441500223,997,0.02129,0.12658592461451013,1567,0.006766,0.44869,2289
524,0.02167,0.08371250648363103,995,0.018428,0.13429188775212894,1573,0.009359,0.39689,2290
526,0.026259,0.07872188529824783,999,0.024403,0.11917618755716608,1549,0.002376,0.59962,2291
523,0.019568,0.08629150947747893,973,0.003098,0.23821956795561378,1538,0.001101,0.72452,2300
528,0.031587,0.07395111427328879,1008,0.042959,0.08944736102149425,1573,0.009359,0.39689,2270
521,0.015881,0.09161922121937276,994,0.017146,0.1382561561189221,1581,0.014124,0.30552,2273
527,0.028861,0.07630927785866647,926,1e-05,0.5394128167825838,1523,0.000381,0.82997,2295
518,0.011439,0.10004136818048001,1015,0.063715,0.0702681444955853,1614,0.057732,0.07535,2248
508,0.003275,0.1319524201119132,967,0.001722,0.2721863629482276,1532,0.000712,0.76421,2284
498,0.000707,0.16988549582495266,983,0.007318,0.186727058016664,1512,0.000161,0.88264,2299
517,0.010187,0.10296509556568055,985,0.008669,0.17725848744970762,1519,0.000276,0.83347,2256
521,0.015881,0.09161922121937276,979,0.005218,0.20651131130799644,1546,0.001944,0.64278,2298
520,0.014267,0.09436879441500223,961,0.000944,0.30815454978779394,1590,0.021501,0.22131,2247
529,0.034503,0.07164685292425027,979,0.005218,0.20651131130799644,1599,0.0319,0.15219,2296
533,0.048258,0.06295740354060068,1004,0.033659,0.10193759807570915,1566,0.006415,0.4501,2258
530,0.037632,0.06939593476131409,948,0.000231,0.3914083937021998,1517,0.000227,0.85809,2264
526,0.026259,0.07872188529824783,964,0.001244,0.2899385501920277,1532,0.000712,0.76421,2267
534,0.052241,0.0609139459038858,975,0.00369,0.22738818989218357,1545,0.001831,0.64414,2217
528,0.031587,0.07395111427328879,962,0.001048,0.30203345299501594,1549,0.002376,0.59962,2268
511,0.004881,0.12175058188744681,959,0.000756,0.3205363547882977,1571,0.008412,0.40015,2258
526,0.026259,0.07872188529824783,978,0.004839,0.21163004105402708,1545,0.001831,0.64414,2282
533,0.048258,0.06295740354060068,992,0.014832,0.14640728029505454,1553,0.003059,0.59378,2270
529,0.034503,0.07164685292425027,997,0.02129,0.12658592461451013,1570,0.008002,0.40158,2293
522,0.017592,0.08892693333344363,1000,0.026039,0.11558202443498841,1603,0.037519,0.14832,2294
534,0.052241,0.0609139459038858,994,0.017146,0.1382561561189221,1589,0.020539,0.22261,2211
516,0.009099,0.10594756054488935,999,0.024403,0.11917618755716608,1611,0.051602,0.09602,2288
523,0.019568,0.08629150947747893,994,0.017146,0.1382561561189221,1521,0.000318,0.83168,2298
525,0.02388,0.0811894600154765,964,0.001244,0.2899385501920277,1614,0.057732,0.07535,2266
530,0.037632,0.06939593476131409,965,0.001382,0.28396770626223383,1542,0.001472,0.68557,2284
528,0.031587,0.07395111427328879,1003,0.031643,0.1052394915244936,1540,0.001266,0.68798,2222
511,0.004881,0.12175058188744681,979,0.005218,0.20651131130799644,1592,0.023531,0.21899,2296
530,0.037632,0.06939593476131409,999,0.024403,0.11917618755716608,1553,0.003059,0.59378,2275
525,0.02388,0.0811894600154765,1010,0.048204,0.08362570274381714,1577,0.011537,0.34986,2279
534,0.052241,0.0609139459038858,1005,0.03579,0.09870788939133658,1584,0.016284,0.26259,2251
521,0.015881,0.09161922121937276,981,0.006171,0.19647964118820407,1572,0.008891,0.39839,2254
529,0.034503,0.07164685292425027,990,0.012741,0.1548546539760021,1606,0.042451,0.12152,2298
529,0.034503,0.07164685292425027,1001,0.027857,0.11206137253379161,1533,0.000768,0.76307,2295
518,0.011439,0.10004136818048001,980,0.005703,0.20146093105263113,1570,0.008002,0.40158,2292
528,0.031587,0.07395111427328879,1006,0.038133,0.09554993085534054,1584,0.016284,0.26259,2281
513,0.006334,0.11525026582437176,975,0.00369,0.22738818989218357,1555,0.00341,0.55038,2297
529,0.034503,0.07164685292425027,1014,0.06028,0.0728056174696529,1591,0.022435,0.22018,2298
516,0.009099,0.10594756054488935,976,0.004013,0.22206934473661805,1507,0.000106,0.90318,2249
528,0.031587,0.07395111427328879,988,0.010923,0.16359693617424872,1556,0.003609,0.54886,2253
521,0.015881,0.09161922121937276,1004,0.033659,0.10193759807570915,1575,0.010438,0.35256,2287
509,0.00377,0.1284914524482879,973,0.003098,0.23821956795561378,1589,0.020539,0.22261,2281
529,0.034503,0.07164685292425027,995,0.018428,0.13429188775212894,1589,0.020539,0.22261,2291
517,0.010187,0.10296509556568055,984,0.007966,0.1819569959217331,1521,0.000318,0.83168,2233
535,0.056514,0.0589208016905911,1012,0.053995,0.07808020250936908,1615,0.059909,0.07469,2267
520,0.014267,0.09436879441500223,997,0.02129,0.12658592461451013,1573,0.009359,0.39689,2300
531,0.041003,0.06719778406910008,1005,0.03579,0.09870788939133658,1584,0.016284,0.26259,2286
503,0.001616,0.15016478838205044,993,0.015952,0.14229463445134527,1580,0.013493,0.30675,2263
535,0.056514,0.0589208016905911,975,0.00369,0.22738818989218357,1576,0.010979,0.35135,2272
526,0.026259,0.07872188529824783,1004,0.033659,0.10193759807570915,1602,0.036068,0.14929,2263
504,0.001879,0.1464013056895814,980,0.005703,0.20146093105263113,1580,0.013493,0.30675,2272
522,0.017592,0.08892693333344363,1013,0.05705,0.07540939284217735,1575,0.010438,0.35256,2272
506,0.002501,0.13905581029067357,974,0.003392,0.2327719264074534,1519,0.000276,0.83347,2226
533,0.048258,0.06295740354060068,1015,0.063715,0.0702681444955853,1588,0.019605,0.25758,2285
508,0.003275,0.1319524201119132,994,0.017146,0.1382561561189221,1606,0.042451,0.12152,2293
524,0.02167,0.08371250648363103,993,0.015952,0.14229463445134527,1549,0.002376,0.59962,2291
515,0.008088,0.10898906461665049,1008,0.042959,0.08944736102149425,1597,0.029314,0.18339,2299
527,0.028861,0.07630927785866647,1016,0.067128,0.06779621344538382,1581,0.014124,0.30552,2258
508,0.003275,0.1319524201119132,1002,0.029719,0.10861396516586448,1570,0.008002,0.40158,2232
524,0.02167,0.08371250648363103,963,0.001144,0.29596095314786397,1582,0.014835,0.30422,2299
520,0.014267,0.09436879441500223,1010,0.048204,0.08362570274381714,1565,0.006049,0.45153,2282
510,0.004268,0.1250908756684736,990,0.012741,0.1548546539760021,1578,0.012181,0.34839,2285
528,0.031587,0.07395111427328879,983,0.007318,0.186727058016664,1592,0.023531,0.21899,2294
524,0.02167,0.08371250648363103,997,0.02129,0.12658592461451013,1604,0.039127,0.12314,2276
531,0.041003,0.06719778406910008,1003,0.031643,0.1052394915244936,1580,0.013493,0.30675,2297
495,0.000401,0.18243367889979958,961,0.000944,0.30815454978779394,1543,0.001585,0.68419,2278
507,0.002863,0.13547385676804075,999,0.024403,0.11917618755716608,1542,0.001472,0.68557,2289
519,0.01275,0.09717605160425771,988,0.010923,0.16359693617424872,1580,0.013493,0.30675,2287
531,0.041003,0.06719778406910008,983,0.007318,0.186727058016664,1569,0.007588,0.40304,2266
520,0.014267,0.09436879441500223,985,0.008669,0.17725848744970762,1593,0.0246,0.21777,2300
508,0.003275,0.1319524201119132,945,0.000163,0.41135248284901643,1519,0.000276,0.83347,2241
533,0.048258,0.06295740354060068,952,0.000352,0.36516680772409843,1523,0.000381,0.82997,2260
512,0.005586,0.1184704339272214,975,0.00369,0.22738818989218357,1536,0.000971,0.72714,2273
529,0.034503,0.07164685292425027,1003,0.031643,0.1052394915244936,1576,0.010979,0.35135,2275
506,0.002501,0.13905581029067357,960,0.000843,0.3143227082258305,1546,0.001944,0.64278,2233
524,0.02167,0.08371250648363103,984,0.007966,0.1819569959217331,1541,0.001371,0.68676,2278
535,0.056514,0.0589208016905911,1009,0.045482,0.08650170261383684,1599,0.0319,0.15219,2291
519,0.01275,0.09717605160425771,969,0.002092,0.2606278450050883,1565,0.006049,0.45153,2232
534,0.052241,0.0609139459038858,1016,0.067128,0.06779621344538382,1588,0.019605,0.25758,2285
506,0.002501,0.13905581029067357,990,0.012741,0.1548546539760021,1570,0.008002,0.40158,2297
532,0.044502,0.06505180923841214,993,0.015952,0.14229463445134527,1605,0.040808,0.12226,2282
531,0.041003,0.06719778406910008,997,0.02129,0.12658592461451013,1565,0.006049,0.45153,2267
528,0.031587,0.07395111427328879,967,0.001722,0.2721863629482276,1571,0.008412,0.40015,2270
522,0.017592,0.08892693333344363,1014,0.06028,0.0728056174696529,1603,0.037519,0.14832,2295
523,0.019568,0.08629150947747893,999,0.024403,0.11917618755716608,1594,0.02572,0.18643,2276
514,0.007146,0.11208988336077409,982,0.00671,0.19156813642141995,1579,0.012812,0.30817,2291
514,0.007146,0.11208988336077409,986,0.009392,0.17263202146860682,1557,0.00386,0.54722,2259
517,0.010187,0.10296509556568055,974,0.003392,0.2327719264074534,1528,0.00054,0.79821,2290
522,0.017592,0.08892693333344363,1007,0.040545,0.09246325633583473,1575,0.010438,0.35256,2257
528,0.031587,0.07395111427328879,986,0.009392,0.17263202146860682,1570,0.008002,0.40158,2295
534,0.052241,0.0609139459038858,989,0.011784,0.1591890450684071,1583,0.015542,0.30283,2290
529,0.034503,0.07164685292425027,1010,0.048204,0.08362570274381714,1595,0.026909,0.18542,2272
521,0.015881,0.09161922121937276,1000,0.026039,0.11558202443498841,1590,0.021501,0.22131,2292
527,0.028861,0.07630927785866647,999,0.024403,0.11917618755716608,1595,0.026909,0.18542,2292
522,0.017592,0.08892693333344363,997,0.02129,0.12658592461451013,1572,0.008891,0.39839,2269
524,0.02167,0.08371250648363103,1012,0.053995,0.07808020250936908,1565,0.006049,0.45153,2277
531,0.041003,0.06719778406910008,995,0.018428,0.13429188775212894,1553,0.003059,0.59378,2220
526,0.026259,0.07872188529824783,1008,0.042959,0.08944736102149425,1551,0.002709,0.5966,2268
506,0.002501,0.13905581029067357,996,0.019844,0.1304018254689262,1603,0.037519,0.14832,2300
496,0.00049,0.1781919045355587,986,0.009392,0.17263202146860682,1527,0.000498,0.79927,2244
521,0.015881,0.09161922121937276,991,0.013703,0.15059400098504225,1615,0.059909,0.07469,2262
531,0.041003,0.06719778406910008,1002,0.029719,0.10861396516586448,1535,0.000895,0.72837,2267
535,0.056514,0.0589208016905911,975,0.00369,0.22738818989218357,1599,0.0319,0.15219,2296
532,0.044502,0.06505180923841214,974,0.003392,0.2327719264074534,1563,0.005377,0.49641,2260
499,0.000833,0.16582144211067898,967,0.001722,0.2721863629482276,1509,0.000124,0.88475,2286
532,0.044502,0.06505180923841214,1014,0.06028,0.0728056174696529,1570,0.008002,0.40158,2277
533,0.048258,0.06295740354060068,992,0.014832,0.14640728029505454,1550,0.002533,0.59829,2277
504,0.001879,0.1464013056895814,976,0.004013,0.22206934473661805,1501,5.8e-05,0.92171,2213
523,0.019568,0.08629150947747893,984,0.007966,0.1819569959217331,1561,0.004774,0.49948,2243
511,0.004881,0.12175058188744681,977,0.004388,0.21681633205714562,1563,0.005377,0.49641,2280
530,0.037632,0.06939593476131409,994,0.017146,0.1382561561189221,1570,0.008002,0.40158,2271
510,0.004268,0.1250908756684736,977,0.004388,0.21681633205714562,1589,0.020539,0.22261,2261
530,0.037632,0.06939593476131409,981,0.006171,0.19647964118820407,1589,0.020539,0.22261,2290
516,0.009099,0.10594756054488935,983,0.007318,0.186727058016664,1572,0.008891,0.39839,2259
517,0.010187,0.10296509556568055,964,0.001244,0.2899385501920277,1571,0.008412,0.40015,2298
496,0.00049,0.1781919045355587,968,0.00189,0.266378594648863,1542,0.001472,0.68557,2274
506,0.002501,0.13905581029067357,934,4e-05,0.48552290192907654,1560,0.004523,0.50116,2300
528,0.031587,0.07395111427328879,993,0.015952,0.14229463445134527,1608,0.045945,0.1199,2285
518,0.011439,0.10004136818048001,985,0.008669,0.17725848744970762,1542,0.001472,0.68557,2289
507,0.002863,0.13547385676804075,980,0.005703,0.20146093105263113,1591,0.022435,0.22018,2283
514,0.007146,0.11208988336077409,976,0.004013,0.22206934473661805,1592,0.023531,0.21899,2284
526,0.026259,0.07872188529824783,975,0.00369,0.22738818989218357,1581,0.014124,0.30552,2273
517,0.010187,0.10296509556568055,979,0.005218,0.20651131130799644,1585,0.01703,0.26134,2294
487,8e-05,0.21844195353390974,976,0.004013,0.22206934473661805,1564,0.005697,0.45301,2266
511,0.004881,0.12175058188744681,1004,0.033659,0.10193759807570915,1569,0.007588,0.40304,2271
519,0.01275,0.09717605160425771,995,0.018428,0.13429188775212894,1583,0.015542,0.30283,2300
507,0.002863,0.13547385676804075,1004,0.033659,0.10193759807570915,1568,0.007169,0.44727,2270
511,0.004881,0.12175058188744681,967,0.001722,0.2721863629482276,1532,0.000712,0.76421,2244
531,0.041003,0.06719778406910008,1014,0.06028,0.0728056174696529,1566,0.006415,0.4501,2218
495,0.000401,0.18243367889979958,973,0.003098,0.23821956795561378,1575,0.010438,0.35256,2292
530,0.037632,0.06939593476131409,1004,0.033659,0.10193759807570915,1586,0.017872,0.25989,2288
502,0.001373,0.15398866884503148,967,0.001722,0.2721863629482276,1570,0.008002,0.40158,2281
519,0.01275,0.09717605160425771,998,0.02282,0.12284409201506367,1589,0.020539,0.22261,2271
523,0.019568,0.08629150947747893,998,0.02282,0.12284409201506367,1607,0.044143,0.12065,2269
524,0.02167,0.08371250648363103,995,0.018428,0.13429188775212894,1597,0.029314,0.18339,2294
502,0.001373,0.15398866884503148,996,0.019844,0.1304018254689262,1562,0.005052,0.49791,2249
521,0.015881,0.09161922121937276,968,0.00189,0.266378594648863,1534,0.000821,0.72949,2226
521,0.015881,0.09161922121937276,1006,0.038133,0.09554993085534054,1596,0.028082,0.18432,2283
522,0.017592,0.08892693333344363,990,0.012741,0.1548546539760021,1573,0.009359,0.39689,2280
497,0.000587,0.17400907450419242,972,0.002811,0.2437300834521658,1567,0.006766,0.44869,2239
517,0.010187,0.10296509556568055,1015,0.063715,0.0702681444955853,1592,0.023531,0.21899,2298
527,0.028861,0.07630927785866647,976,0.004013,0.22206934473661805,1551,0.002709,0.5966,2298
522,0.017592,0.08892693333344363,985,0.008669,0.17725848744970762,1569,0.007588,0.40304,2296
514,0.007146,0.11208988336077409,961,0.000944,0.30815454978779394,1572,0.008891,0.39839,2297
510,0.004268,0.1250908756684736,961,0.000944,0.30815454978779394,1504,8e-05,0.90518,2221
534,0.052241,0.0609139459038858,994,0.017146,0.1382561561189221,1538,0.001101,0.72452,2210
527,0.028861,0.07630927785866647,974,0.003392,0.2327719264074534,1613,0.055648,0.09458,2270
520,0.014267,0.09436879441500223,983,0.007318,0.186727058016664,1593,0.0246,0.21777,2300
528,0.031587,0.07395111427328879,1007,0.040545,0.09246325633583473,1614,0.057732,0.07535,2296
524,0.02167,0.08371250648363103,971,0.002533,0.2493023934405924,1587,0.01874,0.25879,2299
492,0.000231,0.1955090947935819,946,0.000178,0.4046831880700783,1505,8.6e-05,0.90449,2202
533,0.048258,0.06295740354060068,1006,0.038133,0.09554993085534054,1597,0.029314,0.18339,2264
523,0.019568,0.08629150947747893,975,0.00369,0.22738818989218357,1605,0.040808,0.12226,2281
526,0.026259,0.07872188529824783,982,0.00671,0.19156813642141995,1608,0.045945,0.1199,2295
517,0.010187,0.10296509556568055,985,0.008669,0.17725848744970762,1546,0.001944,0.64278,2293
520,0.014267,0.09436879441500223,1006,0.038133,0.09554993085534054,1586,0.017872,0.25989,2283
526,0.026259,0.07872188529824783,995,0.018428,0.13429188775212894,1540,0.001266,0.68798,2222
502,0.001373,0.15398866884503148,958,0.000679,0.32679388198607784,1592,0.023531,0.21899,2279
525,0.02388,0.0811894600154765,1007,0.040545,0.09246325633583473,1566,0.006415,0.4501,2233
531,0.041003,0.06719778406910008,1001,0.027857,0.11206137253379161,1594,0.02572,0.18643,2296
500,0.000991,0.16181715370253355,1007,0.040545,0.09246325633583473,1549,0.002376,0.59962,2241
520,0.014267,0.09436879441500223,966,0.001548,0.27804984797236265,1607,0.044143,0.12065,2279
509,0.00377,0.1284914524482879,970,0.002319,0.2549353721501601,1567,0.006766,0.44869,2294
535,0.056514,0.0589208016905911,997,0.02129,0.12658592461451013,1566,0.006415,0.4501,2296
534,0.052241,0.0609139459038858,962,0.001048,0.30203345299501594,1561,0.004774,0.49948,2298
519,0.01275,0.09717605160425771,984,0.007966,0.1819569959217331,1584,0.016284,0.26259,2291
509,0.00377,0.1284914524482879,967,0.001722,0.2721863629482276,1571,0.008412,0.40015,2253
499,0.000833,0.16582144211067898,959,0.000756,0.3205363547882977,1518,0.000247,0.85731,2250
529,0.034503,0.07164685292425027,973,0.003098,0.23821956795561378,1485,1.4e-05,0.96059,2177
502,0.001373,0.15398866884503148,1002,0.029719,0.10861396516586448,1544,0.00172,0.64544,2276
534,0.052241,0.0609139459038858,984,0.007966,0.1819569959217331,1569,0.007588,0.40304,2266
522,0.017592,0.08892693333344363,986,0.009392,0.17263202146860682,1519,0.000276,0.83347,2251
509,0.00377,0.1284914524482879,945,0.000163,0.41135248284901643,1554,0.00322,0.55197,2281
530,0.037632,0.06939593476131409,1001,0.027857,0.11206137253379161,1584,0.016284,0.26259,2286
531,0.041003,0.06719778406910008,990,0.012741,0.1548546539760021,1548,0.002223,0.63986,2290
529,0.034503,0.07164685292425027,984,0.007966,0.1819569959217331,1578,0.012181,0.34839,2290
532,0.044502,0.06505180923841214,1002,0.029719,0.10861396516586448,1572,0.008891,0.39839,2269
508,0.003275,0.1319524201119132,987,0.010134,0.16807804111208538,1560,0.004523,0.50116,2247
524,0.02167,0.08371250648363103,1002,0.029719,0.10861396516586448,1571,0.008412,0.40015,2268
535,0.056514,0.0589208016905911,978,0.004839,0.21163004105402708,1577,0.011537,0.34986,2284
515,0.008088,0.10898906461665049,1011,0.051058,0.08081874884681862,1543,0.001585,0.68419,2300
530,0.037632,0.06939593476131409,1002,0.029719,0.10861396516586448,1559,0.004308,0.50272,2296
529,0.034503,0.07164685292425027,1003,0.031643,0.1052394915244936,1612,0.053611,0.09518,2299
528,0.031587,0.07395111427328879,997,0.02129,0.12658592461451013,1560,0.004523,0.50116,2237
529,0.034503,0.07164685292425027,998,0.02282,0.12284409201506367,1609,0.04783,0.09745,2291
517,0.010187,0.10296509556568055,1000,0.026039,0.11558202443498841,1614,0.057732,0.07535,2266
518,0.011439,0.10004136818048001,963,0.001144,0.29596095314786397,1558,0.004082,0.54556,2260
519,0.01275,0.09717605160425771,1007,0.040545,0.09246325633583473,1559,0.004308,0.50272,2300
520,0.014267,0.09436879441500223,1005,0.03579,0.09870788939133658,1574,0.009869,0.35407,2226
484,3.6e-05,0.23286213723941201,986,0.009392,0.17263202146860682,1502,6.5e-05,0.9212,2293
535,0.056514,0.0589208016905911,984,0.007966,0.1819569959217331,1567,0.006766,0.44869,2284
523,0.019568,0.08629150947747893,1015,0.063715,0.0702681444955853,1617,0.064436,0.07357,2294
513,0.006334,0.11525026582437176,974,0.003392,0.2327719264074534,1558,0.004082,0.54556,2295
520,0.014267,0.09436879441500223,962,0.001048,0.30203345299501594,1553,0.003059,0.59378,2275
514,0.007146,0.11208988336077409,959,0.000756,0.3205363547882977,1519,0.000276,0.83347,2186
526,0.026259,0.07872188529824783,962,0.001048,0.30203345299501594,1585,0.01703,0.26134,2267
526,0.026259,0.07872188529824783,1007,0.040545,0.09246325633583473,1562,0.005052,0.49791,2259
517,0.010187,0.10296509556568055,976,0.004013,0.22206934473661805,1535,0.000895,0.72837,2242
520,0.014267,0.09436879441500223,991,0.013703,0.15059400098504225,1595,0.026909,0.18542,2268
517,0.010187,0.10296509556568055,983,0.007318,0.186727058016664,1544,0.00172,0.64544,2266
532,0.044502,0.06505180923841214,983,0.007318,0.186727058016664,1570,0.008002,0.40158,2292
527,0.028861,0.07630927785866647,957,0.000615,0.3330936531441198,1547,0.002073,0.64148,2294
526,0.026259,0.07872188529824783,978,0.004839,0.21163004105402708,1564,0.005697,0.45301,2292
504,0.001879,0.1464013056895814,1006,0.038133,0.09554993085534054,1575,0.010438,0.35256,2277
535,0.056514,0.0589208016905911,988,0.010923,0.16359693617424872,1565,0.006049,0.45153,2292
528,0.031587,0.07395111427328879,996,0.019844,0.1304018254689262,1563,0.005377,0.49641,2280
518,0.011439,0.10004136818048001,966,0.001548,0.27804984797236265,1563,0.005377,0.49641,2285
518,0.011439,0.10004136818048001,973,0.003098,0.23821956795561378,1533,0.000768,0.76307,2255
520,0.014267,0.09436879441500223,996,0.019844,0.1304018254689262,1574,0.009869,0.35407,2285
514,0.007146,0.11208988336077409,952,0.000352,0.36516680772409843,1591,0.022435,0.22018,2213
533,0.048258,0.06295740354060068,978,0.004839,0.21163004105402708,1520,0.000294,0.83244,2207
501,0.001176,0.157872837837039,973,0.003098,0.23821956795561378,1564,0.005697,0.45301,2262
521,0.015881,0.09161922121937276,1005,0.03579,0.09870788939133658,1611,0.051602,0.09602,2253
533,0.048258,0.06295740354060068,972,0.002811,0.2437300834521658,1553,0.003059,0.59378,2270
524,0.02167,0.08371250648363103,980,0.005703,0.20146093105263113,1557,0.00386,0.54722,2294
525,0.02388,0.0811894600154765,968,0.00189,0.266378594648863,1573,0.009359,0.39689,2300
510,0.004268,0.1250908756684736,987,0.010134,0.16807804111208538,1600,0.033204,0.15109,2257
523,0.019568,0.08629150947747893,986,0.009392,0.17263202146860682,1554,0.00322,0.55197,2260
525,0.02388,0.0811894600154765,985,0.008669,0.17725848744970762,1530,0.000623,0.76669,2192
514,0.007146,0.11208988336077409,991,0.013703,0.15059400098504225,1555,0.00341,0.55038,2252
525,0.02388,0.0811894600154765,978,0.004839,0.21163004105402708,1563,0.005377,0.49641,2270
500,0.000991,0.16181715370253355,979,0.005218,0.20651131130799644,1519,0.000276,0.83347,2221
517,0.010187,0.10296509556568055,1016,0.067128,0.06779621344538382,1589,0.020539,0.22261,2299
523,0.019568,0.08629150947747893,990,0.012741,0.1548546539760021,1582,0.014835,0.30422,2242
533,0.048258,0.06295740354060068,1000,0.026039,0.11558202443498841,1564,0.005697,0.45301,2251
524,0.02167,0.08371250648363103,984,0.007966,0.1819569959217331,1540,0.001266,0.68798,2257
527,0.028861,0.07630927785866647,1014,0.06028,0.0728056174696529,1588,0.019605,0.25758,2275
525,0.02388,0.0811894600154765,977,0.004388,0.21681633205714562,1567,0.006766,0.44869,2269
524,0.02167,0.08371250648363103,974,0.003392,0.2327719264074534,1575,0.010438,0.35256,2297
513,0.006334,0.11525026582437176,986,0.009392,0.17263202146860682,1598,0.030566,0.18239,2295
517,0.010187,0.10296509556568055,969,0.002092,0.2606278450050883,1552,0.002885,0.5952,2254
514,0.007146,0.11208988336077409,1005,0.03579,0.09870788939133658,1569,0.007588,0.40304,2276
511,0.004881,0.12175058188744681,985,0.008669,0.17725848744970762,1557,0.00386,0.54722,2279
533,0.048258,0.06295740354060068,998,0.02282,0.12284409201506367,1599,0.0319,0.15219,2286
501,0.001176,0.157872837837039,977,0.004388,0.21681633205714562,1539,0.00118,0.68915,2211
525,0.02388,0.0811894600154765,994,0.017146,0.1382561561189221,1568,0.007169,0.44727,2260
528,0.031587,0.07395111427328879,975,0.00369,0.22738818989218357,1543,0.001585,0.68419,2272
524,0.02167,0.08371250648363103,1006,0.038133,0.09554993085534054,1535,0.000895,0.72837,2242
530,0.037632,0.06939593476131409,1000,0.026039,0.11558202443498841,1544,0.00172,0.64544,2221
516,0.009099,0.10594756054488935,1007,0.040545,0.09246325633583473,1609,0.04783,0.09745,2284
515,0.008088,0.10898906461665049,1008,0.042959,0.08944736102149425,1571,0.008412,0.40015,2278
523,0.019568,0.08629150947747893,988,0.010923,0.16359693617424872,1590,0.021501,0.22131,2232
531,0.041003,0.06719778406910008,1014,0.06028,0.0728056174696529,1589,0.020539,0.22261,2296
523,0.019568,0.08629150947747893,1005,0.03579,0.09870788939133658,1561,0.004774,0.49948,2298
508,0.003275,0.1319524201119132,960,0.000843,0.3143227082258305,1570,0.008002,0.40158,2237
524,0.02167,0.08371250648363103,1003,0.031643,0.1052394915244936,1548,0.002223,0.63986,2280
527,0.028861,0.07630927785866647,971,0.002533,0.2493023934405924,1555,0.00341,0.55038,2277
518,0.011439,0.10004136818048001,967,0.001722,0.2721863629482276,1560,0.004523,0.50116,2282
522,0.017592,0.08892693333344363,978,0.004839,0.21163004105402708,1568,0.007169,0.44727,2265
531,0.041003,0.06719778406910008,1000,0.026039,0.11558202443498841,1571,0.008412,0.40015,2285
534,0.052241,0.0609139459038858,1015,0.063715,0.0702681444955853,1540,0.001266,0.68798,2197
519,0.01275,0.09717605160425771,967,0.001722,0.2721863629482276,1552,0.002885,0.5952,2249
534,0.052241,0.0609139459038858,1015,0.063715,0.0702681444955853,1608,0.045945,0.1199,2300
500,0.000991,0.16181715370253355,992,0.014832,0.14640728029505454,1538,0.001101,0.72452,2260
514,0.007146,0.11208988336077409,985,0.008669,0.17725848744970762,1546,0.001944,0.64278,2278
529,0.034503,0.07164685292425027,985,0.008669,0.17725848744970762,1557,0.00386,0.54722,2238
526,0.026259,0.07872188529824783,1000,0.026039,0.11558202443498841,1586,0.017872,0.25989,2253
494,0.000337,0.18673405706935078,968,0.00189,0.266378594648863,1516,0.000214,0.85899,2203
528,0.031587,0.07395111427328879,986,0.009392,0.17263202146860682,1525,0.00043,0.80163,2263
515,0.008088,0.10898906461665049,971,0.002533,0.2493023934405924,1581,0.014124,0.30552,2278
527,0.028861,0.07630927785866647,983,0.007318,0.186727058016664,1566,0.006415,0.4501,2293
531,0.041003,0.06719778406910008,1012,0.053995,0.07808020250936908,1614,0.057732,0.07535,2296
518,0.011439,0.10004136818048001,1002,0.029719,0.10861396516586448,1592,0.023531,0.21899,2285
517,0.010187,0.10296509556568055,938,7.2e-05,0.45845306034348055,1550,0.002533,0.59829,2287
518,0.011439,0.10004136818048001,1000,0.026039,0.11558202443498841,1525,0.00043,0.80163,2282
531,0.041003,0.06719778406910008,989,0.011784,0.1591890450684071,1586,0.017872,0.25989,2258
519,0.01275,0.09717605160425771,969,0.002092,0.2606278450050883,1593,0.0246,0.21777,2280
504,0.001879,0.1464013056895814,959,0.000756,0.3205363547882977,1549,0.002376,0.59962,2256
526,0.026259,0.07872188529824783,980,0.005703,0.20146093105263113,1533,0.000768,0.76307,2230
534,0.052241,0.0609139459038858,1000,0.026039,0.11558202443498841,1536,0.000971,0.72714,2298
505,0.002143,0.14269829788659802,967,0.001722,0.2721863629482276,1579,0.012812,0.30817,2296
534,0.052241,0.0609139459038858,993,0.015952,0.14229463445134527,1534,0.000821,0.72949,2181
534,0.052241,0.0609139459038858,977,0.004388,0.21681633205714562,1574,0.009869,0.35407,2291
508,0.003275,0.1319524201119132,1006,0.038133,0.09554993085534054,1597,0.029314,0.18339,2264
514,0.007146,0.11208988336077409,984,0.007966,0.1819569959217331,1566,0.006415,0.4501,2273
533,0.048258,0.06295740354060068,982,0.00671,0.19156813642141995,1612,0.053611,0.09518,2299
530,0.037632,0.06939593476131409,993,0.015952,0.14229463445134527,1567,0.006766,0.44869,2294
533,0.048258,0.06295740354060068,998,0.02282,0.12284409201506367,1541,0.001371,0.68676,2243
528,0.031587,0.07395111427328879,966,0.001548,0.27804984797236265,1598,0.030566,0.18239,2300
517,0.010187,0.10296509556568055,1004,0.033659,0.10193759807570915,1578,0.012181,0.34839,2300
524,0.02167,0.08371250648363103,980,0.005703,0.20146093105263113,1565,0.006049,0.45153,2267
521,0.015881,0.09161922121937276,966,0.001548,0.27804984797236265,1566,0.006415,0.4501,2252
531,0.041003,0.06719778406910008,1002,0.029719,0.10861396516586448,1547,0.002073,0.64148,2239
514,0.007146,0.11208988336077409,973,0.003098,0.23821956795561378,1566,0.006415,0.4501,2298
518,0.011439,0.10004136818048001,999,0.024403,0.11917618755716608,1562,0.005052,0.49791,2244
521,0.015881,0.09161922121937276,974,0.003392,0.2327719264074534,1557,0.00386,0.54722,2284
519,0.01275,0.09717605160425771,955,0.000481,0.34581323026975197,1535,0.000895,0.72837,2267
524,0.02167,0.08371250648363103,1016,0.067128,0.06779621344538382,1605,0.040808,0.12226,2297
515,0.008088,0.10898906461665049,994,0.017146,0.1382561561189221,1608,0.045945,0.1199,2275
534,0.052241,0.0609139459038858,964,0.001244,0.2899385501920277,1572,0.008891,0.39839,2299
534,0.052241,0.0609139459038858,1008,0.042959,0.08944736102149425,1618,0.066798,0.07304,2300
506,0.002501,0.13905581029067357,978,0.004839,0.21163004105402708,1549,0.002376,0.59962,2296
532,0.044502,0.06505180923841214,936,5.4e-05,0.4719855611914937,1552,0.002885,0.5952,2279
533,0.048258,0.06295740354060068,967,0.001722,0.2721863629482276,1586,0.017872,0.25989,2295
534,0.052241,0.0609139459038858,1006,0.038133,0.09554993085534054,1566,0.006415,0.4501,2273
533,0.048258,0.06295740354060068,1011,0.051058,0.08081874884681862,1589,0.020539,0.22261,2291
520,0.014267,0.09436879441500223,1003,0.031643,0.1052394915244936,1543,0.001585,0.68419,2265
533,0.048258,0.06295740354060068,989,0.011784,0.1591890450684071,1610,0.049684,0.09661,2297
533,0.048258,0.06295740354060068,994,0.017146,0.1382561561189221,1532,0.000712,0.76421,2294
520,0.014267,0.09436879441500223,978,0.004839,0.21163004105402708,1569,0.007588,0.40304,2276
521,0.015881,0.09161922121937276,965,0.001382,0.28396770626223383,1525,0.00043,0.80163,2252
515,0.008088,0.10898906461665049,984,0.007966,0.1819569959217331,1524,0.000406,0.80267,2243
512,0.005586,0.1184704339272214,971,0.002533,0.2493023934405924,1561,0.004774,0.49948,2283
524,0.02167,0.08371250648363103,969,0.002092,0.2606278450050883,1523,0.000381,0.82997,2250
521,0.015881,0.09161922121937276,981,0.006171,0.19647964118820407,1547,0.002073,0.64148,2239
521,0.015881,0.09161922121937276,1015,0.063715,0.0702681444955853,1573,0.009359,0.39689,2236
533,0.048258,0.06295740354060068,1005,0.03579,0.09870788939133658,1573,0.009359,0.39689,2280
528,0.031587,0.07395111427328879,962,0.001048,0.30203345299501594,1541,0.001371,0.68676,2243
530,0.037632,0.06939593476131409,995,0.018428,0.13429188775212894,1510,0.000134,0.88401,2262
526,0.026259,0.07872188529824783,1010,0.048204,0.08362570274381714,1548,0.002223,0.63986,2295
528,0.031587,0.07395111427328879,966,0.001548,0.27804984797236265,1558,0.004082,0.54556,2295
529,0.034503,0.07164685292425027,985,0.008669,0.17725848744970762,1538,0.001101,0.72452,2265
507,0.002863,0.13547385676804075,959,0.000756,0.3205363547882977,1571,0.008412,0.40015,2263
532,0.044502,0.06505180923841214,987,0.010134,0.16807804111208538,1561,0.004774,0.49948,2288
520,0.014267,0.09436879441500223,1006,0.038133,0.09554993085534054,1601,0.034595,0.15017,2293
533,0.048258,0.06295740354060068,1015,0.063715,0.0702681444955853,1600,0.033204,0.15109,2297
525,0.02388,0.0811894600154765,967,0.001722,0.2721863629482276,1530,0.000623,0.76669,2222
509,0.00377,0.1284914524482879,995,0.018428,0.13429188775212894,1563,0.005377,0.49641,2255
530,0.037632,0.06939593476131409,998,0.02282,0.12284409201506367,1564,0.005697,0.45301,2251
516,0.009099,0.10594756054488935,980,0.005703,0.20146093105263113,1587,0.01874,0.25879,2294
503,0.001616,0.15016478838205044,988,0.010923,0.16359693617424872,1519,0.000276,0.83347,2266
532,0.044502,0.06505180923841214,1012,0.053995,0.07808020250936908,1612,0.053611,0.09518,2299
525,0.02388,0.0811894600154765,984,0.007966,0.1819569959217331,1578,0.012181,0.34839,2260
532,0.044502,0.06505180923841214,990,0.012741,0.1548546539760021,1568,0.007169,0.44727,2300
508,0.003275,0.1319524201119132,984,0.007966,0.1819569959217331,1562,0.005052,0.49791,2264
531,0.041003,0.06719778406910008,986,0.009392,0.17263202146860682,1611,0.051602,0.09602,2283
504,0.001879,0.1464013056895814,970,0.002319,0.2549353721501601,1568,0.007169,0.44727,2300
527,0.028861,0.07630927785866647,980,0.005703,0.20146093105263113,1549,0.002376,0.59962,2246
528,0.031587,0.07395111427328879,1014,0.06028,0.0728056174696529,1618,0.066798,0.07304,2290
525,0.02388,0.0811894600154765,990,0.012741,0.1548546539760021,1613,0.055648,0.09458,2295
523,0.019568,0.08629150947747893,980,0.005703,0.20146093105263113,1589,0.020539,0.22261,2296
518,0.011439,0.10004136818048001,976,0.004013,0.22206934473661805,1582,0.014835,0.30422,2294
534,0.052241,0.0609139459038858,994,0.017146,0.1382561561189221,1592,0.023531,0.21899,2284
524,0.02167,0.08371250648363103,983,0.007318,0.186727058016664,1522,0.000347,0.8308,2270
528,0.031587,0.07395111427328879,1013,0.05705,0.07540939284217735,1599,0.0319,0.15219,2276
531,0.041003,0.06719778406910008,978,0.004839,0.21163004105402708,1554,0.00322,0.55197,2221
534,0.052241,0.0609139459038858,1006,0.038133,0.09554993085534054,1549,0.002376,0.59962,2281
518,0.011439,0.10004136818048001,1011,0.051058,0.08081874884681862,1569,0.007588,0.40304,2276
528,0.031587,0.07395111427328879,983,0.007318,0.186727058016664,1560,0.004523,0.50116,2294
518,0.011439,0.10004136818048001,974,0.003392,0.2327719264074534,1544,0.00172,0.64544,2256
528,0.031587,0.07395111427328879,975,0.00369,0.22738818989218357,1559,0.004308,0.50272,2276
535,0.056514,0.0589208016905911,980,0.005703,0.20146093105263113,1539,0.00118,0.68915,2239
516,0.009099,0.10594756054488935,990,0.012741,0.1548546539760021,1505,8.6e-05,0.90449,2222
498,0.000707,0.16988549582495266,985,0.008669,0.17725848744970762,1573,0.009359,0.39689,2263
525,0.02388,0.0811894600154765,968,0.00189,0.266378594648863,1584,0.016284,0.26259,2281
533,0.048258,0.06295740354060068,1012,0.053995,0.07808020250936908,1573,0.009359,0.39689,2285
521,0.015881,0.09161922121937276,981,0.006171,0.19647964118820407,1562,0.005052,0.49791,2249
524,0.02167,0.08371250648363103,977,0.004388,0.21681633205714562,1584,0.016284,0.26259,2296
513,0.006334,0.11525026582437176,987,0.010134,0.16807804111208538,1597,0.029314,0.18339,2239
513,0.006334,0.11525026582437176,973,0.003098,0.23821956795561378,1545,0.001831,0.64414,2267
520,0.014267,0.09436879441500223,987,0.010134,0.16807804111208538,1528,0.00054,0.79821,2265
532,0.044502,0.06505180923841214,1000,0.026039,0.11558202443498841,1579,0.012812,0.30817,2271
525,0.02388,0.0811894600154765,976,0.004013,0.22206934473661805,1581,0.014124,0.30552,2268
528,0.031587,0.07395111427328879,984,0.007966,0.1819569959217331,1608,0.045945,0.1199,2295
523,0.019568,0.08629150947747893,1011,0.051058,0.08081874884681862,1585,0.01703,0.26134,2267
513,0.006334,0.11525026582437176,1002,0.029719,0.10861396516586448,1553,0.003059,0.59378,2295
524,0.02167,0.08371250648363103,978,0.004839,0.21163004105402708,1559,0.004308,0.50272,2276
525,0.02388,0.0811894600154765,999,0.024403,0.11917618755716608,1616,0.062132,0.07412,2253
509,0.00377,0.1284914524482879,996,0.019844,0.1304018254689262,1608,0.045945,0.1199,2285
510,0.004268,0.1250908756684736,1014,0.06028,0.0728056174696529,1552,0.002885,0.5952,2274
510,0.004268,0.1250908756684736,974,0.003392,0.2327719264074534,1603,0.037519,0.14832,2280
531,0.041003,0.06719778406910008,1009,0.045482,0.08650170261383684,1577,0.011537,0.34986,2294
499,0.000833,0.16582144211067898,974,0.003392,0.2327719264074534,1568,0.007169,0.44727,2270
532,0.044502,0.06505180923841214,986,0.009392,0.17263202146860682,1530,0.000623,0.76669,2232
510,0.004268,0.1250908756684736,971,0.002533,0.2493023934405924,1530,0.000623,0.76669,2247
519,0.01275,0.09717605160425771,980,0.005703,0.20146093105263113,1554,0.00322,0.55197,2291
525,0.02388,0.0811894600154765,1000,0.026039,0.11558202443498841,1565,0.006049,0.45153,2272
520,0.014267,0.09436879441500223,991,0.013703,0.15059400098504225,1579,0.012812,0.30817,2286
535,0.056514,0.0589208016905911,1015,0.063715,0.0702681444955853,1571,0.008412,0.40015,2278
512,0.005586,0.1184704339272214,1001,0.027857,0.11206137253379161,1574,0.009869,0.35407,2256
534,0.052241,0.0609139459038858,1002,0.029719,0.10861396516586448,1612,0.053611,0.09518,2284
523,0.019568,0.08629150947747893,990,0.012741,0.1548546539760021,1543,0.001585,0.68419,2290
530,0.037632,0.06939593476131409,1006,0.038133,0.09554993085534054,1569,0.007588,0.40304,2296
527,0.028861,0.07630927785866647,1016,0.067128,0.06779621344538382,1559,0.004308,0.50272,2241
531,0.041003,0.06719778406910008,986,0.009392,0.17263202146860682,1603,0.037519,0.14832,2300
517,0.010187,0.10296509556568055,975,0.00369,0.22738818989218357,1524,0.000406,0.80267,2196
525,0.02388,0.0811894600154765,976,0.004013,0.22206934473661805,1583,0.015542,0.30283,2285
530,0.037632,0.06939593476131409,988,0.010923,0.16359693617424872,1586,0.017872,0.25989,2263
532,0.044502,0.06505180923841214,999,0.024403,0.11917618755716608,1600,0.033204,0.15109,2257
507,0.002863,0.13547385676804075,988,0.010923,0.16359693617424872,1535,0.000895,0.72837,2247
531,0.041003,0.06719778406910008,998,0.02282,0.12284409201506367,1573,0.009359,0.39689,2295
525,0.02388,0.0811894600154765,1011,0.051058,0.08081874884681862,1609,0.04783,0.09745,2294
534,0.052241,0.0609139459038858,1007,0.040545,0.09246325633583473,1587,0.01874,0.25879,2289
527,0.028861,0.07630927785866647,974,0.003392,0.2327719264074534,1597,0.029314,0.18339,2274
502,0.001373,0.15398866884503148,959,0.000756,0.3205363547882977,1543,0.001585,0.68419,2290
531,0.041003,0.06719778406910008,989,0.011784,0.1591890450684071,1520,0.000294,0.83244,2262
514,0.007146,0.11208988336077409,1010,0.048204,0.08362570274381714,1535,0.000895,0.72837,2212
516,0.009099,0.10594756054488935,1015,0.063715,0.0702681444955853,1599,0.0319,0.15219,2276
527,0.028861,0.07630927785866647,976,0.004013,0.22206934473661805,1564,0.005697,0.45301,2246
528,0.031587,0.07395111427328879,995,0.018428,0.13429188775212894,1573,0.009359,0.39689,2250
527,0.028861,0.07630927785866647,1013,0.05705,0.07540939284217735,1571,0.008412,0.40015,2288
535,0.056514,0.0589208016905911,990,0.012741,0.1548546539760021,1553,0.003059,0.59378,2295
535,0.056514,0.0589208016905911,1008,0.042959,0.08944736102149425,1572,0.008891,0.39839,2289
522,0.017592,0.08892693333344363,986,0.009392,0.17263202146860682,1571,0.008412,0.40015,2293
533,0.048258,0.06295740354060068,1002,0.029719,0.10861396516586448,1558,0.004082,0.54556,2281
535,0.056514,0.0589208016905911,1005,0.03579,0.09870788939133658,1548,0.002223,0.63986,2300
527,0.028861,0.07630927785866647,978,0.004839,0.21163004105402708,1606,0.042451,0.12152,2298
500,0.000991,0.16181715370253355,980,0.005703,0.20146093105263113,1525,0.00043,0.80163,2287
518,0.011439,0.10004136818048001,969,0.002092,0.2606278450050883,1529,0.000576,0.76786,2261
529,0.034503,0.07164685292425027,960,0.000843,0.3143227082258305,1523,0.000381,0.82997,2220
519,0.01275,0.09717605160425771,997,0.02129,0.12658592461451013,1607,0.044143,0.12065,2289
521,0.015881,0.09161922121937276,990,0.012741,0.1548546539760021,1553,0.003059,0.59378,2241
534,0.052241,0.0609139459038858,989,0.011784,0.1591890450684071,1520,0.000294,0.83244,2287
531,0.041003,0.06719778406910008,967,0.001722,0.2721863629482276,1517,0.000227,0.85809,2269
503,0.001616,0.15016478838205044,944,0.00014,0.41804049157208395,1549,0.002376,0.59962,2225
533,0.048258,0.06295740354060068,977,0.004388,0.21681633205714562,1549,0.002376,0.59962,2266
510,0.004268,0.1250908756684736,965,0.001382,0.28396770626223383,1555,0.00341,0.55038,2255
527,0.028861,0.07630927785866647,987,0.010134,0.16807804111208538,1577,0.011537,0.34986,2299
530,0.037632,0.06939593476131409,990,0.012741,0.1548546539760021,1551,0.002709,0.5966,2288
510,0.004268,0.1250908756684736,986,0.009392,0.17263202146860682,1549,0.002376,0.59962,2271
527,0.028861,0.07630927785866647,988,0.010923,0.16359693617424872,1592,0.023531,0.21899,2274
481,1.6e-05,0.24775598735528612,982,0.00671,0.19156813642141995,1596,0.028082,0.18432,2278
535,0.056514,0.0589208016905911,1003,0.031643,0.1052394915244936,1592,0.023531,0.21899,2294
524,0.02167,0.08371250648363103,976,0.004013,0.22206934473661805,1553,0.003059,0.59378,2285
525,0.02388,0.0811894600154765,982,0.00671,0.19156813642141995,1546,0.001944,0.64278,2238
513,0.006334,0.11525026582437176,932,2.7e-05,0.49904957211526424,1577,0.011537,0.34986,2254
502,0.001373,0.15398866884503148,954,0.000428,0.3522296143951197,1563,0.005377,0.49641,2245
533,0.048258,0.06295740354060068,985,0.008669,0.17725848744970762,1552,0.002885,0.5952,2234
534,0.052241,0.0609139459038858,1013,0.05705,0.07540939284217735,1527,0.000498,0.79927,2229
529,0.034503,0.07164685292425027,1014,0.06028,0.0728056174696529,1578,0.012181,0.34839,2280
526,0.026259,0.07872188529824783,1003,0.031643,0.1052394915244936,1611,0.051602,0.09602,2298
534,0.052241,0.0609139459038858,1009,0.045482,0.08650170261383684,1553,0.003059,0.59378,2300
525,0.02388,0.0811894600154765,963,0.001144,0.29596095314786397,1459,2e-06,0.98986,2181
530,0.037632,0.06939593476131409,989,0.011784,0.1591890450684071,1585,0.01703,0.26134,2286
524,0.02167,0.08371250648363103,1016,0.067128,0.06779621344538382,1569,0.007588,0.40304,2286
521,0.015881,0.09161922121937276,1003,0.031643,0.1052394915244936,1613,0.055648,0.09458,2265
531,0.041003,0.06719778406910008,996,0.019844,0.1304018254689262,1573,0.009359,0.39689,2230
512,0.005586,0.1184704339272214,983,0.007318,0.186727058016664,1572,0.008891,0.39839,2249
524,0.02167,0.08371250648363103,1000,0.026039,0.11558202443498841,1600,0.033204,0.15109,2297
534,0.052241,0.0609139459038858,977,0.004388,0.21681633205714562,1545,0.001831,0.64414,2262
513,0.006334,0.11525026582437176,974,0.003392,0.2327719264074534,1562,0.005052,0.49791,2289
508,0.003275,0.1319524201119132,969,0.002092,0.2606278450050883,1532,0.000712,0.76421,2244
515,0.008088,0.10898906461665049,969,0.002092,0.2606278450050883,1531,0.000666,0.76548,2258
516,0.009099,0.10594756054488935,952,0.000352,0.36516680772409843,1511,0.000146,0.88335,2283
535,0.056514,0.0589208016905911,1006,0.038133,0.09554993085534054,1574,0.009869,0.35407,2291
511,0.004881,0.12175058188744681,1002,0.029719,0.10861396516586448,1579,0.012812,0.30817,2296
528,0.031587,0.07395111427328879,988,0.010923,0.16359693617424872,1547,0.002073,0.64148,2299
517,0.010187,0.10296509556568055,1003,0.031643,0.1052394915244936,1556,0.003609,0.54886,2298
532,0.044502,0.06505180923841214,1002,0.029719,0.10861396516586448,1587,0.01874,0.25879,2299
520,0.014267,0.09436879441500223,959,0.000756,0.3205363547882977,1536,0.000971,0.72714,2239
505,0.002143,0.14269829788659802,980,0.005703,0.20146093105263113,1587,0.01874,0.25879,2289
527,0.028861,0.07630927785866647,990,0.012741,0.1548546539760021,1587,0.01874,0.25879,2289
532,0.044502,0.06505180923841214,1008,0.042959,0.08944736102149425,1535,0.000895,0.72837,2227
530,0.037632,0.06939593476131409,1003,0.031643,0.1052394915244936,1609,0.04783,0.09745,2286
502,0.001373,0.15398866884503148,1013,0.05705,0.07540939284217735,1593,0.0246,0.21777,2275
531,0.041003,0.06719778406910008,1014,0.06028,0.0728056174696529,1582,0.014835,0.30422,2219
520,0.014267,0.09436879441500223,983,0.007318,0.186727058016664,1590,0.021501,0.22131,2287
523,0.019568,0.08629150947747893,979,0.005218,0.20651131130799644,1559,0.004308,0.50272,2291
487,8e-05,0.21844195353390974,923,7e-06,0.5593802997472992,1516,0.000214,0.85899,2269
520,0.014267,0.09436879441500223,994,0.017146,0.1382561561189221,1580,0.013493,0.30675,2262
527,0.028861,0.07630927785866647,986,0.009392,0.17263202146860682,1545,0.001831,0.64414,2262
499,0.000833,0.16582144211067898,956,0.000556,0.33943400101766535,1571,0.008412,0.40015,2278
506,0.002501,0.13905581029067357,1015,0.063715,0.0702681444955853,1577,0.011537,0.34986,2289
522,0.017592,0.08892693333344363,962,0.001048,0.30203345299501594,1539,0.00118,0.68915,2281
525,0.02388,0.0811894600154765,987,0.010134,0.16807804111208538,1565,0.006049,0.45153,2282
531,0.041003,0.06719778406910008,986,0.009392,0.17263202146860682,1552,0.002885,0.5952,2259
522,0.017592,0.08892693333344363,987,0.010134,0.16807804111208538,1569,0.007588,0.40304,2266
513,0.006334,0.11525026582437176,972,0.002811,0.2437300834521658,1512,0.000161,0.88264,2124
522,0.017592,0.08892693333344363,982,0.00671,0.19156813642141995,1549,0.002376,0.59962,2276
533,0.048258,0.06295740354060068,997,0.02129,0.12658592461451013,1549,0.002376,0.59962,2286
492,0.000231,0.1955090947935819,952,0.000352,0.36516680772409843,1551,0.002709,0.5966,2261
501,0.001176,0.157872837837039,970,0.002319,0.2549353721501601,1586,0.017872,0.25989,2228
527,0.028861,0.07630927785866647,987,0.010134,0.16807804111208538,1555,0.00341,0.55038,2272
506,0.002501,0.13905581029067357,1016,0.067128,0.06779621344538382,1585,0.01703,0.26134,2297
519,0.01275,0.09717605160425771,994,0.017146,0.1382561561189221,1615,0.059909,0.07469,2272
530,0.037632,0.06939593476131409,998,0.02282,0.12284409201506367,1569,0.007588,0.40304,2266
527,0.028861,0.07630927785866647,999,0.024403,0.11917618755716608,1521,0.000318,0.83168,2231
497,0.000587,0.17400907450419242,1001,0.027857,0.11206137253379161,1594,0.02572,0.18643,2300
520,0.014267,0.09436879441500223,1011,0.051058,0.08081874884681862,1571,0.008412,0.40015,2298
512,0.005586,0.1184704339272214,994,0.017146,0.1382561561189221,1581,0.014124,0.30552,2273
530,0.037632,0.06939593476131409,1013,0.05705,0.07540939284217735,1606,0.042451,0.12152,2268
507,0.002863,0.13547385676804075,979,0.005218,0.20651131130799644,1546,0.001944,0.64278,2268
526,0.026259,0.07872188529824783,994,0.017146,0.1382561561189221,1601,0.034595,0.15017,2248
535,0.056514,0.0589208016905911,1012,0.053995,0.07808020250936908,1600,0.033204,0.15109,2292
535,0.056514,0.0589208016905911,1015,0.063715,0.0702681444955853,1603,0.037519,0.14832,2285
521,0.015881,0.09161922121937276,1015,0.063715,0.0702681444955853,1586,0.017872,0.25989,2283
532,0.044502,0.06505180923841214,1010,0.048204,0.08362570274381714,1594,0.02572,0.18643,2296
524,0.02167,0.08371250648363103,974,0.003392,0.2327719264074534,1527,0.000498,0.79927,2214
526,0.026259,0.07872188529824783,997,0.02129,0.12658592461451013,1565,0.006049,0.45153,2279
534,0.052241,0.0609139459038858,974,0.003392,0.2327719264074534,1508,0.000112,0.90257,2250
520,0.014267,0.09436879441500223,1010,0.048204,0.08362570274381714,1604,0.039127,0.12314,2271
530,0.037632,0.06939593476131409,986,0.009392,0.17263202146860682,1559,0.004308,0.50272,2246
493,0.000287,0.19109266493958718,972,0.002811,0.2437300834521658,1513,0.000174,0.88183,2255
535,0.056514,0.0589208016905911,996,0.019844,0.1304018254689262,1607,0.044143,0.12065,2289
528,0.031587,0.07395111427328879,981,0.006171,0.19647964118820407,1553,0.003059,0.59378,2295
505,0.002143,0.14269829788659802,1005,0.03579,0.09870788939133658,1555,0.00341,0.55038,2292
528,0.031587,0.07395111427328879,995,0.018428,0.13429188775212894,1559,0.004308,0.50272,2300
511,0.004881,0.12175058188744681,970,0.002319,0.2549353721501601,1526,0.00046,0.80044,2232
511,0.004881,0.12175058188744681,1001,0.027857,0.11206137253379161,1598,0.030566,0.18239,2275
515,0.008088,0.10898906461665049,968,0.00189,0.266378594648863,1563,0.005377,0.49641,2251
525,0.02388,0.0811894600154765,983,0.007318,0.186727058016664,1577,0.011537,0.34986,2284
524,0.02167,0.08371250648363103,999,0.024403,0.11917618755716608,1525,0.00043,0.80163,2187
534,0.052241,0.0609139459038858,1000,0.026039,0.11558202443498841,1601,0.034595,0.15017,2268
524,0.02167,0.08371250648363103,972,0.002811,0.2437300834521658,1510,0.000134,0.88401,2269
531,0.041003,0.06719778406910008,988,0.010923,0.16359693617424872,1562,0.005052,0.49791,2284
529,0.034503,0.07164685292425027,1009,0.045482,0.08650170261383684,1567,0.006766,0.44869,2300
523,0.019568,0.08629150947747893,992,0.014832,0.14640728029505454,1590,0.021501,0.22131,2277
517,0.010187,0.10296509556568055,996,0.019844,0.1304018254689262,1589,0.020539,0.22261,2276
519,0.01275,0.09717605160425771,977,0.004388,0.21681633205714562,1546,0.001944,0.64278,2298
525,0.02388,0.0811894600154765,1000,0.026039,0.11558202443498841,1552,0.002885,0.5952,2284
504,0.001879,0.1464013056895814,983,0.007318,0.186727058016664,1556,0.003609,0.54886,2283
507,0.002863,0.13547385676804075,965,0.001382,0.28396770626223383,1541,0.001371,0.68676,2283
523,0.019568,0.08629150947747893,1010,0.048204,0.08362570274381714,1587,0.01874,0.25879,2270
535,0.056514,0.0589208016905911,1009,0.045482,0.08650170261383684,1602,0.036068,0.14929,2289
519,0.01275,0.09717605160425771,1005,0.03579,0.09870788939133658,1572,0.008891,0.39839,2299
535,0.056514,0.0589208016905911,1008,0.042959,0.08944736102149425,1609,0.04783,0.09745,2266
521,0.015881,0.09161922121937276,991,0.013703,0.15059400098504225,1613,0.055648,0.09458,2300
531,0.041003,0.06719778406910008,1009,0.045482,0.08650170261383684,1599,0.0319,0.15219,2296
534,0.052241,0.0609139459038858,987,0.010134,0.16807804111208538,1575,0.010438,0.35256,2282
525,0.02388,0.0811894600154765,980,0.005703,0.20146093105263113,1589,0.020539,0.22261,2291
511,0.004881,0.12175058188744681,978,0.004839,0.21163004105402708,1577,0.011537,0.34986,2284
505,0.002143,0.14269829788659802,995,0.018428,0.13429188775212894,1583,0.015542,0.30283,2295
533,0.048258,0.06295740354060068,970,0.002319,0.2549353721501601,1589,0.020539,0.22261,2276
527,0.028861,0.07630927785866647,996,0.019844,0.1304018254689262,1549,0.002376,0.59962,2271
515,0.008088,0.10898906461665049,975,0.00369,0.22738818989218357,1516,0.000214,0.85899,2173
519,0.01275,0.09717605160425771,999,0.024403,0.11917618755716608,1557,0.00386,0.54722,2249
513,0.006334,0.11525026582437176,987,0.010134,0.16807804111208538,1566,0.006415,0.4501,2258
530,0.037632,0.06939593476131409,984,0.007966,0.1819569959217331,1569,0.007588,0.40304,2241
513,0.006334,0.11525026582437176,972,0.002811,0.2437300834521658,1525,0.00043,0.80163,2202
527,0.028861,0.07630927785866647,1004,0.033659,0.10193759807570915,1603,0.037519,0.14832,2295
519,0.01275,0.09717605160425771,1000,0.026039,0.11558202443498841,1590,0.021501,0.22131,2272
517,0.010187,0.10296509556568055,982,0.00671,0.19156813642141995,1542,0.001472,0.68557,2264
526,0.026259,0.07872188529824783,1008,0.042959,0.08944736102149425,1562,0.005052,0.49791,2234
531,0.041003,0.06719778406910008,1003,0.031643,0.1052394915244936,1574,0.009869,0.35407,2291
534,0.052241,0.0609139459038858,997,0.02129,0.12658592461451013,1600,0.033204,0.15109,2287
524,0.02167,0.08371250648363103,989,0.011784,0.1591890450684071,1573,0.009359,0.39689,2275
516,0.009099,0.10594756054488935,983,0.007318,0.186727058016664,1587,0.01874,0.25879,2269
522,0.017592,0.08892693333344363,989,0.011784,0.1591890450684071,1585,0.01703,0.26134,2267
522,0.017592,0.08892693333344363,1002,0.029719,0.10861396516586448,1573,0.009359,0.39689,2285
526,0.026259,0.07872188529824783,990,0.012741,0.1548546539760021,1533,0.000768,0.76307,2230
523,0.019568,0.08629150947747893,960,0.000843,0.3143227082258305,1570,0.008002,0.40158,2294
523,0.019568,0.08629150947747893,981,0.006171,0.19647964118820407,1578,0.012181,0.34839,2285
516,0.009099,0.10594756054488935,969,0.002092,0.2606278450050883,1546,0.001944,0.64278,2263
535,0.056514,0.0589208016905911,994,0.017146,0.1382561561189221,1580,0.013493,0.30675,2272
523,0.019568,0.08629150947747893,1003,0.031643,0.1052394915244936,1617,0.064436,0.07357,2274
503,0.001616,0.15016478838205044,1005,0.03579,0.09870788939133658,1557,0.00386,0.54722,2284
514,0.007146,0.11208988336077409,1014,0.06028,0.0728056174696529,1570,0.008002,0.40158,2267
529,0.034503,0.07164685292425027,992,0.014832,0.14640728029505454,1574,0.009869,0.35407,2246
519,0.01275,0.09717605160425771,981,0.006171,0.19647964118820407,1559,0.004308,0.50272,2269
535,0.056514,0.0589208016905911,992,0.014832,0.14640728029505454,1543,0.001585,0.68419,2285
534,0.052241,0.0609139459038858,1004,0.033659,0.10193759807570915,1573,0.009359,0.39689,2287
532,0.044502,0.06505180923841214,1014,0.06028,0.0728056174696529,1551,0.002709,0.5966,2238
511,0.004881,0.12175058188744681,973,0.003098,0.23821956795561378,1463,4e-06,0.98941,2200
520,0.014267,0.09436879441500223,970,0.002319,0.2549353721501601,1581,0.014124,0.30552,2233
497,0.000587,0.17400907450419242,973,0.003098,0.23821956795561378,1584,0.016284,0.26259,2271
524,0.02167,0.08371250648363103,982,0.00671,0.19156813642141995,1541,0.001371,0.68676,2258
494,0.000337,0.18673405706935078,957,0.000615,0.3330936531441198,1534,0.000821,0.72949,2241
517,0.010187,0.10296509556568055,1001,0.027857,0.11206137253379161,1570,0.008002,0.40158,2262
528,0.031587,0.07395111427328879,1006,0.038133,0.09554993085534054,1567,0.006766,0.44869,2294
519,0.01275,0.09717605160425771,1003,0.031643,0.1052394915244936,1586,0.017872,0.25989,2288
524,0.02167,0.08371250648363103,1012,0.053995,0.07808020250936908,1590,0.021501,0.22131,2262
518,0.011439,0.10004136818048001,983,0.007318,0.186727058016664,1559,0.004308,0.50272,2291
527,0.028861,0.07630927785866647,955,0.000481,0.34581323026975197,1491,2.6e-05,0.94975,2218
535,0.056514,0.0589208016905911,980,0.005703,0.20146093105263113,1602,0.036068,0.14929,2284
511,0.004881,0.12175058188744681,966,0.001548,0.27804984797236265,1578,0.012181,0.34839,2285
534,0.052241,0.0609139459038858,1016,0.067128,0.06779621344538382,1556,0.003609,0.54886,2283
522,0.017592,0.08892693333344363,975,0.00369,0.22738818989218357,1532,0.000712,0.76421,2242
530,0.037632,0.06939593476131409,960,0.000843,0.3143227082258305,1541,0.001371,0.68676,2243
526,0.026259,0.07872188529824783,993,0.015952,0.14229463445134527,1565,0.006049,0.45153,2257
521,0.015881,0.09161922121937276,993,0.015952,0.14229463445134527,1589,0.020539,0.22261,2291
532,0.044502,0.06505180923841214,987,0.010134,0.16807804111208538,1550,0.002533,0.59829,2277
523,0.019568,0.08629150947747893,979,0.005218,0.20651131130799644,1521,0.000318,0.83168,2222
519,0.01275,0.09717605160425771,981,0.006171,0.19647964118820407,1586,0.017872,0.25989,2283
511,0.004881,0.12175058188744681,998,0.02282,0.12284409201506367,1613,0.055648,0.09458,2280
497,0.000587,0.17400907450419242,995,0.018428,0.13429188775212894,1566,0.006415,0.4501,2248
506,0.002501,0.13905581029067357,988,0.010923,0.16359693617424872,1554,0.00322,0.55197,2266
528,0.031587,0.07395111427328879,997,0.02129,0.12658592461451013,1593,0.0246,0.21777,2295
518,0.011439,0.10004136818048001,1016,0.067128,0.06779621344538382,1575,0.010438,0.35256,2272
527,0.028861,0.07630927785866647,996,0.019844,0.1304018254689262,1567,0.006766,0.44869,2279
515,0.008088,0.10898906461665049,977,0.004388,0.21681633205714562,1590,0.021501,0.22131,2282
519,0.01275,0.09717605160425771,973,0.003098,0.23821956795561378,1554,0.00322,0.55197,2246
529,0.034503,0.07164685292425027,1012,0.053995,0.07808020250936908,1579,0.012812,0.30817,2291
503,0.001616,0.15016478838205044,995,0.018428,0.13429188775212894,1570,0.008002,0.40158,2274
522,0.017592,0.08892693333344363,995,0.018428,0.13429188775212894,1556,0.003609,0.54886,2298
516,0.009099,0.10594756054488935,956,0.000556,0.33943400101766535,1522,0.000347,0.8308,2259
513,0.006334,0.11525026582437176,976,0.004013,0.22206934473661805,1528,0.00054,0.79821,2240
530,0.037632,0.06939593476131409,973,0.003098,0.23821956795561378,1573,0.009359,0.39689,2300
516,0.009099,0.10594756054488935,982,0.00671,0.19156813642141995,1585,0.01703,0.26134,2292
531,0.041003,0.06719778406910008,992,0.014832,0.14640728029505454,1589,0.020539,0.22261,2221
507,0.002863,0.13547385676804075,966,0.001548,0.27804984797236265,1566,0.006415,0.4501,2226
496,0.00049,0.1781919045355587,961,0.000944,0.30815454978779394,1532,0.000712,0.76421,2209
510,0.004268,0.1250908756684736,990,0.012741,0.1548546539760021,1558,0.004082,0.54556,2280
517,0.010187,0.10296509556568055,975,0.00369,0.22738818989218357,1531,0.000666,0.76548,2223
528,0.031587,0.07395111427328879,985,0.008669,0.17725848744970762,1548,0.002223,0.63986,2280
505,0.002143,0.14269829788659802,950,0.000294,0.37823128228654707,1540,0.001266,0.68798,2267
505,0.002143,0.14269829788659802,966,0.001548,0.27804984797236265,1600,0.033204,0.15109,2297
529,0.034503,0.07164685292425027,985,0.008669,0.17725848744970762,1519,0.000276,0.83347,2276
534,0.052241,0.0609139459038858,1004,0.033659,0.10193759807570915,1595,0.026909,0.18542,2287
517,0.010187,0.10296509556568055,973,0.003098,0.23821956795561378,1546,0.001944,0.64278,2278
520,0.014267,0.09436879441500223,1013,0.05705,0.07540939284217735,1554,0.00322,0.55197,2251
529,0.034503,0.07164685292425027,983,0.007318,0.186727058016664,1571,0.008412,0.40015,2203
528,0.031587,0.07395111427328879,993,0.015952,0.14229463445134527,1580,0.013493,0.30675,2299
518,0.011439,0.10004136818048001,971,0.002533,0.2493023934405924,1591,0.022435,0.22018,2268
534,0.052241,0.0609139459038858,1000,0.026039,0.11558202443498841,1549,0.002376,0.59962,2291
532,0.044502,0.06505180923841214,1009,0.045482,0.08650170261383684,1573,0.009359,0.39689,2280
526,0.026259,0.07872188529824783,987,0.010134,0.16807804111208538,1590,0.021501,0.22131,2287
521,0.015881,0.09161922121937276,949,0.000264,0.3848066872939196,1502,6.5e-05,0.9212,2179
535,0.056514,0.0589208016905911,996,0.019844,0.1304018254689262,1570,0.008002,0.40158,2237
522,0.017592,0.08892693333344363,961,0.000944,0.30815454978779394,1578,0.012181,0.34839,2275
535,0.056514,0.0589208016905911,1002,0.029719,0.10861396516586448,1571,0.008412,0.40015,2283
525,0.02388,0.0811894600154765,994,0.017146,0.1382561561189221,1555,0.00341,0.55038,2273
527,0.028861,0.07630927785866647,986,0.009392,0.17263202146860682,1571,0.008412,0.40015,2291
514,0.007146,0.11208988336077409,992,0.014832,0.14640728029505454,1550,0.002533,0.59829,2252
521,0.015881,0.09161922121937276,961,0.000944,0.30815454978779394,1529,0.000576,0.76786,2296
523,0.019568,0.08629150947747893,1003,0.031643,0.1052394915244936,1586,0.017872,0.25989,2298
529,0.034503,0.07164685292425027,995,0.018428,0.13429188775212894,1536,0.000971,0.72714,2293
517,0.010187,0.10296509556568055,967,0.001722,0.2721863629482276,1543,0.001585,0.68419,2245
524,0.02167,0.08371250648363103,980,0.005703,0.20146093105263113,1614,0.057732,0.07535,2281
530,0.037632,0.06939593476131409,991,0.013703,0.15059400098504225,1570,0.008002,0.40158,2292
529,0.034503,0.07164685292425027,997,0.02129,0.12658592461451013,1613,0.055648,0.09458,2270
513,0.006334,0.11525026582437176,982,0.00671,0.19156813642141995,1580,0.013493,0.30675,2290
508,0.003275,0.1319524201119132,971,0.002533,0.2493023934405924,1561,0.004774,0.49948,2293
530,0.037632,0.06939593476131409,976,0.004013,0.22206934473661805,1560,0.004523,0.50116,2247
506,0.002501,0.13905581029067357,1004,0.033659,0.10193759807570915,1581,0.014124,0.30552,2298
529,0.034503,0.07164685292425027,987,0.010134,0.16807804111208538,1579,0.012812,0.30817,2231
533,0.048258,0.06295740354060068,1010,0.048204,0.08362570274381714,1594,0.02572,0.18643,2276
518,0.011439,0.10004136818048001,1001,0.027857,0.11206137253379161,1547,0.002073,0.64148,2234
500,0.000991,0.16181715370253355,993,0.015952,0.14229463445134527,1552,0.002885,0.5952,2288
527,0.028861,0.07630927785866647,974,0.003392,0.2327719264074534,1578,0.012181,0.34839,2295
510,0.004268,0.1250908756684736,967,0.001722,0.2721863629482276,1594,0.02572,0.18643,2296
510,0.004268,0.1250908756684736,995,0.018428,0.13429188775212894,1601,0.034595,0.15017,2298
534,0.052241,0.0609139459038858,973,0.003098,0.23821956795561378,1586,0.017872,0.25989,2283
531,0.041003,0.06719778406910008,989,0.011784,0.1591890450684071,1587,0.01874,0.25879,2264
534,0.052241,0.0609139459038858,978,0.004839,0.21163004105402708,1599,0.0319,0.15219,2276
503,0.001616,0.15016478838205044,953,0.00039,0.3586813990073307,1505,8.6e-05,0.90449,2167
535,0.056514,0.0589208016905911,1006,0.038133,0.09554993085534054,1614,0.057732,0.07535,2296
527,0.028861,0.07630927785866647,976,0.004013,0.22206934473661805,1582,0.014835,0.30422,2288
534,0.052241,0.0609139459038858,988,0.010923,0.16359693617424872,1588,0.019605,0.25758,2260
510,0.004268,0.1250908756684736,958,0.000679,0.32679388198607784,1529,0.000576,0.76786,2266
524,0.02167,0.08371250648363103,1011,0.051058,0.08081874884681862,1569,0.007588,0.40304,2286
518,0.011439,0.10004136818048001,978,0.004839,0.21163004105402708,1603,0.037519,0.14832,2300
517,0.010187,0.10296509556568055,972,0.002811,0.2437300834521658,1577,0.011537,0.34986,2259
535,0.056514,0.0589208016905911,1014,0.06028,0.0728056174696529,1586,0.017872,0.25989,2298
525,0.02388,0.0811894600154765,999,0.024403,0.11917618755716608,1571,0.008412,0.40015,2293
525,0.02388,0.0811894600154765,999,0.024403,0.11917618755716608,1556,0.003609,0.54886,2278
531,0.041003,0.06719778406910008,989,0.011784,0.1591890450684071,1544,0.00172,0.64544,2286
513,0.006334,0.11525026582437176,1015,0.063715,0.0702681444955853,1595,0.026909,0.18542,2242
527,0.028861,0.07630927785866647,1004,0.033659,0.10193759807570915,1525,0.00043,0.80163,2237
534,0.052241,0.0609139459038858,1014,0.06028,0.0728056174696529,1605,0.040808,0.12226,2287
513,0.006334,0.11525026582437176,998,0.02282,0.12284409201506367,1550,0.002533,0.59829,2287
524,0.02167,0.08371250648363103,1000,0.026039,0.11558202443498841,1572,0.008891,0.39839,2254
502,0.001373,0.15398866884503148,982,0.00671,0.19156813642141995,1565,0.006049,0.45153,2245
534,0.052241,0.0609139459038858,1005,0.03579,0.09870788939133658,1584,0.016284,0.26259,2284
519,0.01275,0.09717605160425771,987,0.010134,0.16807804111208538,1563,0.005377,0.49641,2300
533,0.048258,0.06295740354060068,1003,0.031643,0.1052394915244936,1554,0.00322,0.55197,2296
535,0.056514,0.0589208016905911,1006,0.038133,0.09554993085534054,1571,0.008412,0.40015,2263
522,0.017592,0.08892693333344363,971,0.002533,0.2493023934405924,1613,0.055648,0.09458,2300
510,0.004268,0.1250908756684736,978,0.004839,0.21163004105402708,1558,0.004082,0.54556,2265
532,0.044502,0.06505180923841214,969,0.002092,0.2606278450050883,1613,0.055648,0.09458,2300
531,0.041003,0.06719778406910008,1002,0.029719,0.10861396516586448,1568,0.007169,0.44727,2250
521,0.015881,0.09161922121937276,988,0.010923,0.16359693617424872,1559,0.004308,0.50272,2250
532,0.044502,0.06505180923841214,1006,0.038133,0.09554993085534054,1585,0.01703,0.26134,2282
530,0.037632,0.06939593476131409,998,0.02282,0.12284409201506367,1562,0.005052,0.49791,2280
521,0.015881,0.09161922121937276,993,0.015952,0.14229463445134527,1538,0.001101,0.72452,2240
503,0.001616,0.15016478838205044,977,0.004388,0.21681633205714562,1555,0.00341,0.55038,2242
501,0.001176,0.157872837837039,997,0.02129,0.12658592461451013,1605,0.040808,0.12226,2270
522,0.017592,0.08892693333344363,971,0.002533,0.2493023934405924,1515,0.000198,0.85989,2187
507,0.002863,0.13547385676804075,972,0.002811,0.2437300834521658,1606,0.042451,0.12152,2288
524,0.02167,0.08371250648363103,1010,0.048204,0.08362570274381714,1579,0.012812,0.30817,2296
531,0.041003,0.06719778406910008,995,0.018428,0.13429188775212894,1585,0.01703,0.26134,2257
510,0.004268,0.1250908756684736,962,0.001048,0.30203345299501594,1536,0.000971,0.72714,2248
509,0.00377,0.1284914524482879,1009,0.045482,0.08650170261383684,1606,0.042451,0.12152,2288
518,0.011439,0.10004136818048001,983,0.007318,0.186727058016664,1509,0.000124,0.88475,2232
533,0.048258,0.06295740354060068,977,0.004388,0.21681633205714562,1553,0.003059,0.59378,2280
522,0.017592,0.08892693333344363,974,0.003392,0.2327719264074534,1581,0.014124,0.30552,2273
507,0.002863,0.13547385676804075,1006,0.038133,0.09554993085534054,1587,0.01874,0.25879,2284
495,0.000401,0.18243367889979958,951,0.000321,0.37168404174874053,1576,0.010979,0.35135,2298
525,0.02388,0.0811894600154765,989,0.011784,0.1591890450684071,1499,5e-05,0.9229,2231
531,0.041003,0.06719778406910008,980,0.005703,0.20146093105263113,1563,0.005377,0.49641,2275
523,0.019568,0.08629150947747893,1002,0.029719,0.10861396516586448,1584,0.016284,0.26259,2291
518,0.011439,0.10004136818048001,994,0.017146,0.1382561561189221,1599,0.0319,0.15219,2296
526,0.026259,0.07872188529824783,972,0.002811,0.2437300834521658,1596,0.028082,0.18432,2294
531,0.041003,0.06719778406910008,1007,0.040545,0.09246325633583473,1610,0.049684,0.09661,2297
520,0.014267,0.09436879441500223,968,0.00189,0.266378594648863,1568,0.007169,0.44727,2260
525,0.02388,0.0811894600154765,982,0.00671,0.19156813642141995,1554,0.00322,0.55197,2271
522,0.017592,0.08892693333344363,997,0.02129,0.12658592461451013,1573,0.009359,0.39689,2285
530,0.037632,0.06939593476131409,992,0.014832,0.14640728029505454,1576,0.010979,0.35135,2278
524,0.02167,0.08371250648363103,967,0.001722,0.2721863629482276,1589,0.020539,0.22261,2276
510,0.004268,0.1250908756684736,1005,0.03579,0.09870788939133658,1580,0.013493,0.30675,2287
520,0.014267,0.09436879441500223,962,0.001048,0.30203345299501594,1577,0.011537,0.34986,2289
532,0.044502,0.06505180923841214,983,0.007318,0.186727058016664,1547,0.002073,0.64148,2284
532,0.044502,0.06505180923841214,982,0.00671,0.19156813642141995,1541,0.001371,0.68676,2273
530,0.037632,0.06939593476131409,984,0.007966,0.1819569959217331,1552,0.002885,0.5952,2189
535,0.056514,0.0589208016905911,1000,0.026039,0.11558202443498841,1603,0.037519,0.14832,2289
531,0.041003,0.06719778406910008,999,0.024403,0.11917618755716608,1576,0.010979,0.35135,2283
534,0.052241,0.0609139459038858,997,0.02129,0.12658592461451013,1609,0.04783,0.09745,2295
517,0.010187,0.10296509556568055,999,0.024403,0.11917618755716608,1577,0.011537,0.34986,2276
523,0.019568,0.08629150947747893,982,0.00671,0.19156813642141995,1537,0.001032,0.72583,2239
521,0.015881,0.09161922121937276,951,0.000321,0.37168404174874053,1554,0.00322,0.55197,2251
526,0.026259,0.07872188529824783,1003,0.031643,0.1052394915244936,1599,0.0319,0.15219,2296
515,0.008088,0.10898906461665049,946,0.000178,0.4046831880700783,1604,0.039127,0.12314,2289
528,0.031587,0.07395111427328879,980,0.005703,0.20146093105263113,1543,0.001585,0.68419,2240
534,0.052241,0.0609139459038858,1009,0.045482,0.08650170261383684,1597,0.029314,0.18339,2289
529,0.034503,0.07164685292425027,1006,0.038133,0.09554993085534054,1583,0.015542,0.30283,2291
524,0.02167,0.08371250648363103,977,0.004388,0.21681633205714562,1559,0.004308,0.50272,2276
531,0.041003,0.06719778406910008,1011,0.051058,0.08081874884681862,1597,0.029314,0.18339,2289
529,0.034503,0.07164685292425027,971,0.002533,0.2493023934405924,1564,0.005697,0.45301,2271
524,0.02167,0.08371250648363103,959,0.000756,0.3205363547882977,1559,0.004308,0.50272,2271
500,0.000991,0.16181715370253355,965,0.001382,0.28396770626223383,1561,0.004774,0.49948,2258
528,0.031587,0.07395111427328879,1010,0.048204,0.08362570274381714,1602,0.036068,0.14929,2299
525,0.02388,0.0811894600154765,992,0.014832,0.14640728029505454,1561,0.004774,0.49948,2233
535,0.056514,0.0589208016905911,1005,0.03579,0.09870788939133658,1609,0.04783,0.09745,2292
517,0.010187,0.10296509556568055,972,0.002811,0.2437300834521658,1551,0.002709,0.5966,2238
522,0.017592,0.08892693333344363,983,0.007318,0.186727058016664,1546,0.001944,0.64278,2223
529,0.034503,0.07164685292425027,986,0.009392,0.17263202146860682,1527,0.000498,0.79927,2229
534,0.052241,0.0609139459038858,997,0.02129,0.12658592461451013,1607,0.044143,0.12065,2294
494,0.000337,0.18673405706935078,944,0.00014,0.41804049157208395,1580,0.013493,0.30675,2287
523,0.019568,0.08629150947747893,994,0.017146,0.1382561561189221,1576,0.010979,0.35135,2248
520,0.014267,0.09436879441500223,1006,0.038133,0.09554993085534054,1606,0.042451,0.12152,2288
500,0.000991,0.16181715370253355,959,0.000756,0.3205363547882977,1562,0.005052,0.49791,2264
528,0.031587,0.07395111427328879,1001,0.027857,0.11206137253379161,1577,0.011537,0.34986,2274
516,0.009099,0.10594756054488935,1009,0.045482,0.08650170261383684,1588,0.019605,0.25758,2255
512,0.005586,0.1184704339272214,1007,0.040545,0.09246325633583473,1536,0.000971,0.72714,2258
532,0.044502,0.06505180923841214,1006,0.038133,0.09554993085534054,1578,0.012181,0.34839,2280
523,0.019568,0.08629150947747893,1004,0.033659,0.10193759807570915,1584,0.016284,0.26259,2286
524,0.02167,0.08371250648363103,1003,0.031643,0.1052394915244936,1592,0.023531,0.21899,2284
525,0.02388,0.0811894600154765,998,0.02282,0.12284409201506367,1564,0.005697,0.45301,2261
525,0.02388,0.0811894600154765,975,0.00369,0.22738818989218357,1535,0.000895,0.72837,2232
524,0.02167,0.08371250648363103,992,0.014832,0.14640728029505454,1574,0.009869,0.35407,2281
519,0.01275,0.09717605160425771,990,0.012741,0.1548546539760021,1567,0.006766,0.44869,2299
505,0.002143,0.14269829788659802,958,0.000679,0.32679388198607784,1551,0.002709,0.5966,2248
514,0.007146,0.11208988336077409,1004,0.033659,0.10193759807570915,1544,0.00172,0.64544,2221
526,0.026259,0.07872188529824783,1012,0.053995,0.07808020250936908,1583,0.015542,0.30283,2292
533,0.048258,0.06295740354060068,1009,0.045482,0.08650170261383684,1616,0.062132,0.07412,2293
492,0.000231,0.1955090947935819,968,0.00189,0.266378594648863,1564,0.005697,0.45301,2281
518,0.011439,0.10004136818048001,1015,0.063715,0.0702681444955853,1577,0.011537,0.34986,2279
505,0.002143,0.14269829788659802,967,0.001722,0.2721863629482276,1584,0.016284,0.26259,2291
519,0.01275,0.09717605160425771,984,0.007966,0.1819569959217331,1573,0.009359,0.39689,2270
519,0.01275,0.09717605160425771,1005,0.03579,0.09870788939133658,1596,0.028082,0.18432,2293
485,4.7e-05,0.22800182754911544,981,0.006171,0.19647964118820407,1506,9.4e-05,0.90376,2278
532,0.044502,0.06505180923841214,975,0.00369,0.22738818989218357,1501,5.8e-05,0.92171,2258
520,0.014267,0.09436879441500223,969,0.002092,0.2606278450050883,1569,0.007588,0.40304,2251
526,0.026259,0.07872188529824783,995,0.018428,0.13429188775212894,1558,0.004082,0.54556,2290
529,0.034503,0.07164685292425027,1007,0.040545,0.09246325633583473,1603,0.037519,0.14832,2300
535,0.056514,0.0589208016905911,1012,0.053995,0.07808020250936908,1598,0.030566,0.18239,2300
531,0.041003,0.06719778406910008,1009,0.045482,0.08650170261383684,1587,0.01874,0.25879,2244
534,0.052241,0.0609139459038858,992,0.014832,0.14640728029505454,1609,0.04783,0.09745,2251
534,0.052241,0.0609139459038858,999,0.024403,0.11917618755716608,1587,0.01874,0.25879,2279
526,0.026259,0.07872188529824783,1012,0.053995,0.07808020250936908,1588,0.019605,0.25758,2280
513,0.006334,0.11525026582437176,988,0.010923,0.16359693617424872,1557,0.00386,0.54722,2279
519,0.01275,0.09717605160425771,991,0.013703,0.15059400098504225,1575,0.010438,0.35256,2297
533,0.048258,0.06295740354060068,978,0.004839,0.21163004105402708,1510,0.000134,0.88401,2257
523,0.019568,0.08629150947747893,957,0.000615,0.3330936531441198,1573,0.009359,0.39689,2245
525,0.02388,0.0811894600154765,994,0.017146,0.1382561561189221,1536,0.000971,0.72714,2233
526,0.026259,0.07872188529824783,980,0.005703,0.20146093105263113,1525,0.00043,0.80163,2247
509,0.00377,0.1284914524482879,940,9.2e-05,0.44494097119019543,1521,0.000318,0.83168,2253
528,0.031587,0.07395111427328879,976,0.004013,0.22206934473661805,1573,0.009359,0.39689,2280
515,0.008088,0.10898906461665049,997,0.02129,0.12658592461451013,1518,0.000247,0.85731,2230
521,0.015881,0.09161922121937276,1001,0.027857,0.11206137253379161,1608,0.045945,0.1199,2280
522,0.017592,0.08892693333344363,967,0.001722,0.2721863629482276,1527,0.000498,0.79927,2244
525,0.02388,0.0811894600154765,983,0.007318,0.186727058016664,1576,0.010979,0.35135,2263
526,0.026259,0.07872188529824783,970,0.002319,0.2549353721501601,1580,0.013493,0.30675,2280
514,0.007146,0.11208988336077409,976,0.004013,0.22206934473661805,1544,0.00172,0.64544,2281
531,0.041003,0.06719778406910008,1005,0.03579,0.09870788939133658,1541,0.001371,0.68676,2283
505,0.002143,0.14269829788659802,992,0.014832,0.14640728029505454,1583,0.015542,0.30283,2260
525,0.02388,0.0811894600154765,990,0.012741,0.1548546539760021,1580,0.013493,0.30675,2222
504,0.001879,0.1464013056895814,973,0.003098,0.23821956795561378,1547,0.002073,0.64148,2294
522,0.017592,0.08892693333344363,1015,0.063715,0.0702681444955853,1550,0.002533,0.59829,2242
535,0.056514,0.0589208016905911,1000,0.026039,0.11558202443498841,1613,0.055648,0.09458,2300
507,0.002863,0.13547385676804075,966,0.001548,0.27804984797236265,1598,0.030566,0.18239,2280
526,0.026259,0.07872188529824783,996,0.019844,0.1304018254689262,1583,0.015542,0.30283,2270
505,0.002143,0.14269829788659802,975,0.00369,0.22738818989218357,1548,0.002223,0.63986,2265
526,0.026259,0.07872188529824783,1005,0.03579,0.09870788939133658,1584,0.016284,0.26259,2281
533,0.048258,0.06295740354060068,988,0.010923,0.16359693617424872,1552,0.002885,0.5952,2284
532,0.044502,0.06505180923841214,996,0.019844,0.1304018254689262,1528,0.00054,0.79821,2250
520,0.014267,0.09436879441500223,968,0.00189,0.266378594648863,1552,0.002885,0.5952,2299
518,0.011439,0.10004136818048001,980,0.005703,0.20146093105263113,1567,0.006766,0.44869,2274
533,0.048258,0.06295740354060068,969,0.002092,0.2606278450050883,1569,0.007588,0.40304,2256
535,0.056514,0.0589208016905911,993,0.015952,0.14229463445134527,1566,0.006415,0.4501,2283
493,0.000287,0.19109266493958718,955,0.000481,0.34581323026975197,1602,0.036068,0.14929,2299
524,0.02167,0.08371250648363103,973,0.003098,0.23821956795561378,1601,0.034595,0.15017,2268
533,0.048258,0.06295740354060068,984,0.007966,0.1819569959217331,1591,0.022435,0.22018,2298
514,0.007146,0.11208988336077409,1011,0.051058,0.08081874884681862,1608,0.045945,0.1199,2289
523,0.019568,0.08629150947747893,986,0.009392,0.17263202146860682,1530,0.000623,0.76669,2197
518,0.011439,0.10004136818048001,1005,0.03579,0.09870788939133658,1550,0.002533,0.59829,2262
528,0.031587,0.07395111427328879,1000,0.026039,0.11558202443498841,1582,0.014835,0.30422,2214
533,0.048258,0.06295740354060068,1007,0.040545,0.09246325633583473,1565,0.006049,0.45153,2277
533,0.048258,0.06295740354060068,988,0.010923,0.16359693617424872,1582,0.014835,0.30422,2284
526,0.026259,0.07872188529824783,1012,0.053995,0.07808020250936908,1604,0.039127,0.12314,2300
535,0.056514,0.0589208016905911,1005,0.03579,0.09870788939133658,1593,0.0246,0.21777,2284
523,0.019568,0.08629150947747893,980,0.005703,0.20146093105263113,1588,0.019605,0.25758,2289
512,0.005586,0.1184704339272214,972,0.002811,0.2437300834521658,1592,0.023531,0.21899,2279
518,0.011439,0.10004136818048001,992,0.014832,0.14640728029505454,1570,0.008002,0.40158,2262
509,0.00377,0.1284914524482879,991,0.013703,0.15059400098504225,1553,0.003059,0.59378,2300
529,0.034503,0.07164685292425027,996,0.019844,0.1304018254689262,1588,0.019605,0.25758,2255
518,0.011439,0.10004136818048001,969,0.002092,0.2606278450050883,1557,0.00386,0.54722,2299
533,0.048258,0.06295740354060068,971,0.002533,0.2493023934405924,1548,0.002223,0.63986,2240
498,0.000707,0.16988549582495266,979,0.005218,0.20651131130799644,1583,0.015542,0.30283,2297
530,0.037632,0.06939593476131409,1009,0.045482,0.08650170261383684,1571,0.008412,0.40015,2244
519,0.01275,0.09717605160425771,1007,0.040545,0.09246325633583473,1597,0.029314,0.18339,2294
526,0.026259,0.07872188529824783,943,0.000125,0.4247452836207227,1552,0.002885,0.5952,2274
532,0.044502,0.06505180923841214,938,7.2e-05,0.45845306034348055,1463,4e-06,0.98941,2145
513,0.006334,0.11525026582437176,1008,0.042959,0.08944736102149425,1593,0.0246,0.21777,2300
490,0.000152,0.20451362154857902,942,0.000107,0.4314649222194688,1538,0.001101,0.72452,2265
528,0.031587,0.07395111427328879,1008,0.042959,0.08944736102149425,1513,0.000174,0.88183,2294
512,0.005586,0.1184704339272214,1004,0.033659,0.10193759807570915,1528,0.00054,0.79821,2215
498,0.000707,0.16988549582495266,978,0.004839,0.21163004105402708,1544,0.00172,0.64544,2246
521,0.015881,0.09161922121937276,985,0.008669,0.17725848744970762,1571,0.008412,0.40015,2298
523,0.019568,0.08629150947747893,997,0.02129,0.12658592461451013,1562,0.005052,0.49791,2254
526,0.026259,0.07872188529824783,1007,0.040545,0.09246325633583473,1558,0.004082,0.54556,2285
530,0.037632,0.06939593476131409,982,0.00671,0.19156813642141995,1547,0.002073,0.64148,2299
525,0.02388,0.0811894600154765,971,0.002533,0.2493023934405924,1553,0.003059,0.59378,2275
526,0.026259,0.07872188529824783,993,0.015952,0.14229463445134527,1595,0.026909,0.18542,2282
505,0.002143,0.14269829788659802,1000,0.026039,0.11558202443498841,1530,0.000623,0.76669,2237
525,0.02388,0.0811894600154765,987,0.010134,0.16807804111208538,1575,0.010438,0.35256,2247
524,0.02167,0.08371250648363103,1002,0.029719,0.10861396516586448,1572,0.008891,0.39839,2286
528,0.031587,0.07395111427328879,997,0.02129,0.12658592461451013,1540,0.001266,0.68798,2257
523,0.019568,0.08629150947747893,978,0.004839,0.21163004105402708,1545,0.001831,0.64414,2258
528,0.031587,0.07395111427328879,987,0.010134,0.16807804111208538,1555,0.00341,0.55038,2217
530,0.037632,0.06939593476131409,1015,0.063715,0.0702681444955853,1600,0.033204,0.15109,2254
523,0.019568,0.08629150947747893,995,0.018428,0.13429188775212894,1586,0.017872,0.25989,2238
524,0.02167,0.08371250648363103,1014,0.06028,0.0728056174696529,1593,0.0246,0.21777,2300
533,0.048258,0.06295740354060068,995,0.018428,0.13429188775212894,1609,0.04783,0.09745,2291
521,0.015881,0.09161922121937276,972,0.002811,0.2437300834521658,1580,0.013493,0.30675,2297
529,0.034503,0.07164685292425027,999,0.024403,0.11917618755716608,1578,0.012181,0.34839,2295
509,0.00377,0.1284914524482879,978,0.004839,0.21163004105402708,1582,0.014835,0.30422,2279
512,0.005586,0.1184704339272214,992,0.014832,0.14640728029505454,1567,0.006766,0.44869,2259
509,0.00377,0.1284914524482879,992,0.014832,0.14640728029505454,1539,0.00118,0.68915,2211
522,0.017592,0.08892693333344363,956,0.000556,0.33943400101766535,1515,0.000198,0.85989,2292
535,0.056514,0.0589208016905911,982,0.00671,0.19156813642141995,1508,0.000112,0.90257,2255
507,0.002863,0.13547385676804075,951,0.000321,0.37168404174874053,1545,0.001831,0.64414,2287
502,0.001373,0.15398866884503148,1005,0.03579,0.09870788939133658,1576,0.010979,0.35135,2273
525,0.02388,0.0811894600154765,997,0.02129,0.12658592461451013,1609,0.04783,0.09745,2291
529,0.034503,0.07164685292425027,977,0.004388,0.21681633205714562,1555,0.00341,0.55038,2297
531,0.041003,0.06719778406910008,1011,0.051058,0.08081874884681862,1603,0.037519,0.14832,2300
528,0.031587,0.07395111427328879,987,0.010134,0.16807804111208538,1578,0.012181,0.34839,2295
528,0.031587,0.07395111427328879,992,0.014832,0.14640728029505454,1557,0.00386,0.54722,2278
524,0.02167,0.08371250648363103,992,0.014832,0.14640728029505454,1543,0.001585,0.68419,2295
533,0.048258,0.06295740354060068,987,0.010134,0.16807804111208538,1603,0.037519,0.14832,2295
523,0.019568,0.08629150947747893,959,0.000756,0.3205363547882977,1493,3e-05,0.94887,2235
523,0.019568,0.08629150947747893,957,0.000615,0.3330936531441198,1526,0.00046,0.80044,2243
514,0.007146,0.11208988336077409,997,0.02129,0.12658592461451013,1578,0.012181,0.34839,2295
534,0.052241,0.0609139459038858,983,0.007318,0.186727058016664,1557,0.00386,0.54722,2279
489,0.000122,0.20910073511053187,1002,0.029719,0.10861396516586448,1552,0.002885,0.5952,2299
532,0.044502,0.06505180923841214,1000,0.026039,0.11558202443498841,1588,0.019605,0.25758,2295
535,0.056514,0.0589208016905911,1006,0.038133,0.09554993085534054,1602,0.036068,0.14929,2229
511,0.004881,0.12175058188744681,979,0.005218,0.20651131130799644,1558,0.004082,0.54556,2265
508,0.003275,0.1319524201119132,949,0.000264,0.3848066872939196,1482,1.2e-05,0.96859,2244
530,0.037632,0.06939593476131409,988,0.010923,0.16359693617424872,1576,0.010979,0.35135,2228
506,0.002501,0.13905581029067357,996,0.019844,0.1304018254689262,1549,0.002376,0.59962,2271
517,0.010187,0.10296509556568055,938,7.2e-05,0.45845306034348055,1564,0.005697,0.45301,2296
531,0.041003,0.06719778406910008,973,0.003098,0.23821956795561378,1547,0.002073,0.64148,2249
512,0.005586,0.1184704339272214,946,0.000178,0.4046831880700783,1538,0.001101,0.72452,2270
521,0.015881,0.09161922121937276,1005,0.03579,0.09870788939133658,1598,0.030566,0.18239,2300
531,0.041003,0.06719778406910008,987,0.010134,0.16807804111208538,1588,0.019605,0.25758,2259
527,0.028861,0.07630927785866647,982,0.00671,0.19156813642141995,1577,0.011537,0.34986,2299
524,0.02167,0.08371250648363103,995,0.018428,0.13429188775212894,1590,0.021501,0.22131,2282
528,0.031587,0.07395111427328879,983,0.007318,0.186727058016664,1509,0.000124,0.88475,2171
499,0.000833,0.16582144211067898,962,0.001048,0.30203345299501594,1594,0.02572,0.18643,2296
524,0.02167,0.08371250648363103,959,0.000756,0.3205363547882977,1529,0.000576,0.76786,2281
531,0.041003,0.06719778406910008,1005,0.03579,0.09870788939133658,1564,0.005697,0.45301,2276
529,0.034503,0.07164685292425027,972,0.002811,0.2437300834521658,1550,0.002533,0.59829,2272
499,0.000833,0.16582144211067898,939,8.1e-05,0.4516934879135729,1552,0.002885,0.5952,2279
504,0.001879,0.1464013056895814,996,0.019844,0.1304018254689262,1557,0.00386,0.54722,2269
508,0.003275,0.1319524201119132,983,0.007318,0.186727058016664,1549,0.002376,0.59962,2271
512,0.005586,0.1184704339272214,973,0.003098,0.23821956795561378,1536,0.000971,0.72714,2243
530,0.037632,0.06939593476131409,986,0.009392,0.17263202146860682,1547,0.002073,0.64148,2244
528,0.031587,0.07395111427328879,995,0.018428,0.13429188775212894,1553,0.003059,0.59378,2300
531,0.041003,0.06719778406910008,999,0.024403,0.11917618755716608,1558,0.004082,0.54556,2300
528,0.031587,0.07395111427328879,966,0.001548,0.27804984797236265,1550,0.002533,0.59829,2247
535,0.056514,0.0589208016905911,983,0.007318,0.186727058016664,1560,0.004523,0.50116,2295
532,0.044502,0.06505180923841214,1012,0.053995,0.07808020250936908,1581,0.014124,0.30552,2283
508,0.003275,0.1319524201119132,960,0.000843,0.3143227082258305,1512,0.000161,0.88264,2284
523,0.019568,0.08629150947747893,970,0.002319,0.2549353721501601,1576,0.010979,0.35135,2288
523,0.019568,0.08629150947747893,993,0.015952,0.14229463445134527,1605,0.040808,0.12226,2252
525,0.02388,0.0811894600154765,992,0.014832,0.14640728029505454,1556,0.003609,0.54886,2293
532,0.044502,0.06505180923841214,968,0.00189,0.266378594648863,1498,4.6e-05,0.9365,2140
530,0.037632,0.06939593476131409,996,0.019844,0.1304018254689262,1559,0.004308,0.50272,2266
523,0.019568,0.08629150947747893,995,0.018428,0.13429188775212894,1600,0.033204,0.15109,2272
530,0.037632,0.06939593476131409,1001,0.027857,0.11206137253379161,1577,0.011537,0.34986,2264
524,0.02167,0.08371250648363103,1012,0.053995,0.07808020250936908,1618,0.066798,0.07304,2295
520,0.014267,0.09436879441500223,1013,0.05705,0.07540939284217735,1587,0.01874,0.25879,2276
526,0.026259,0.07872188529824783,979,0.005218,0.20651131130799644,1576,0.010979,0.35135,2298
533,0.048258,0.06295740354060068,990,0.012741,0.1548546539760021,1562,0.005052,0.49791,2299
486,6.1e-05,0.2231948750466054,956,0.000556,0.33943400101766535,1528,0.00054,0.79821,2265
519,0.01275,0.09717605160425771,963,0.001144,0.29596095314786397,1528,0.00054,0.79821,2225
531,0.041003,0.06719778406910008,993,0.015952,0.14229463445134527,1577,0.011537,0.34986,2274
527,0.028861,0.07630927785866647,991,0.013703,0.15059400098504225,1559,0.004308,0.50272,2256
535,0.056514,0.0589208016905911,992,0.014832,0.14640728029505454,1530,0.000623,0.76669,2262
521,0.015881,0.09161922121937276,968,0.00189,0.266378594648863,1565,0.006049,0.45153,2297
530,0.037632,0.06939593476131409,996,0.019844,0.1304018254689262,1600,0.033204,0.15109,2287
535,0.056514,0.0589208016905911,1006,0.038133,0.09554993085534054,1560,0.004523,0.50116,2237
534,0.052241,0.0609139459038858,965,0.001382,0.28396770626223383,1569,0.007588,0.40304,2281
530,0.037632,0.06939593476131409,1007,0.040545,0.09246325633583473,1601,0.034595,0.15017,2273
526,0.026259,0.07872188529824783,998,0.02282,0.12284409201506367,1612,0.053611,0.09518,2274
519,0.01275,0.09717605160425771,982,0.00671,0.19156813642141995,1590,0.021501,0.22131,2277
529,0.034503,0.07164685292425027,989,0.011784,0.1591890450684071,1535,0.000895,0.72837,2267
526,0.026259,0.07872188529824783,1002,0.029719,0.10861396516586448,1562,0.005052,0.49791,2293
514,0.007146,0.11208988336077409,1015,0.063715,0.0702681444955853,1572,0.008891,0.39839,2274
531,0.041003,0.06719778406910008,985,0.008669,0.17725848744970762,1553,0.003059,0.59378,2265
527,0.028861,0.07630927785866647,991,0.013703,0.15059400098504225,1556,0.003609,0.54886,2298
523,0.019568,0.08629150947747893,979,0.005218,0.20651131130799644,1565,0.006049,0.45153,2287
534,0.052241,0.0609139459038858,1004,0.033659,0.10193759807570915,1580,0.013493,0.30675,2297
523,0.019568,0.08629150947747893,966,0.001548,0.27804984797236265,1554,0.00322,0.55197,2285
530,0.037632,0.06939593476131409,978,0.004839,0.21163004105402708,1578,0.012181,0.34839,2245
531,0.041003,0.06719778406910008,983,0.007318,0.186727058016664,1543,0.001585,0.68419,2260
527,0.028861,0.07630927785866647,981,0.006171,0.19647964118820407,1607,0.044143,0.12065,2279
530,0.037632,0.06939593476131409,988,0.010923,0.16359693617424872,1557,0.00386,0.54722,2229
528,0.031587,0.07395111427328879,984,0.007966,0.1819569959217331,1594,0.02572,0.18643,2291
532,0.044502,0.06505180923841214,1016,0.067128,0.06779621344538382,1576,0.010979,0.35135,2278
526,0.026259,0.07872188529824783,986,0.009392,0.17263202146860682,1542,0.001472,0.68557,2259
507,0.002863,0.13547385676804075,949,0.000264,0.3848066872939196,1509,0.000124,0.88475,2259
531,0.041003,0.06719778406910008,988,0.010923,0.16359693617424872,1524,0.000406,0.80267,2296
522,0.017592,0.08892693333344363,1000,0.026039,0.11558202443498841,1578,0.012181,0.34839,2300
518,0.011439,0.10004136818048001,997,0.02129,0.12658592461451013,1577,0.011537,0.34986,2294
530,0.037632,0.06939593476131409,966,0.001548,0.27804984797236265,1552,0.002885,0.5952,2290
532,0.044502,0.06505180923841214,986,0.009392,0.17263202146860682,1589,0.020539,0.22261,2296
531,0.041003,0.06719778406910008,987,0.010134,0.16807804111208538,1570,0.008002,0.40158,2282
529,0.034503,0.07164685292425027,1008,0.042959,0.08944736102149425,1615,0.059909,0.07469,2279
535,0.056514,0.0589208016905911,987,0.010134,0.16807804111208538,1610,0.049684,0.09661,2287
535,0.056514,0.0589208016905911,1009,0.045482,0.08650170261383684,1536,0.000971,0.72714,2293
527,0.028861,0.07630927785866647,969,0.002092,0.2606278450050883,1568,0.007169,0.44727,2265
524,0.02167,0.08371250648363103,983,0.007318,0.186727058016664,1568,0.007169,0.44727,2285
532,0.044502,0.06505180923841214,976,0.004013,0.22206934473661805,1536,0.000971,0.72714,2253
515,0.008088,0.10898906461665049,988,0.010923,0.16359693617424872,1596,0.028082,0.18432,2288
504,0.001879,0.1464013056895814,976,0.004013,0.22206934473661805,1550,0.002533,0.59829,2212
522,0.017592,0.08892693333344363,996,0.019844,0.1304018254689262,1584,0.016284,0.26259,2276
517,0.010187,0.10296509556568055,981,0.006171,0.19647964118820407,1532,0.000712,0.76421,2249
524,0.02167,0.08371250648363103,984,0.007966,0.1819569959217331,1533,0.000768,0.76307,2300
533,0.048258,0.06295740354060068,1007,0.040545,0.09246325633583473,1589,0.020539,0.22261,2271
528,0.031587,0.07395111427328879,980,0.005703,0.20146093105263113,1538,0.001101,0.72452,2295
528,0.031587,0.07395111427328879,974,0.003392,0.2327719264074534,1572,0.008891,0.39839,2279
527,0.028861,0.07630927785866647,1008,0.042959,0.08944736102149425,1599,0.0319,0.15219,2286
524,0.02167,0.08371250648363103,973,0.003098,0.23821956795561378,1578,0.012181,0.34839,2285
529,0.034503,0.07164685292425027,1009,0.045482,0.08650170261383684,1572,0.008891,0.39839,2299
517,0.010187,0.10296509556568055,975,0.00369,0.22738818989218357,1557,0.00386,0.54722,2299
518,0.011439,0.10004136818048001,968,0.00189,0.266378594648863,1546,0.001944,0.64278,2278
530,0.037632,0.06939593476131409,971,0.002533,0.2493023934405924,1542,0.001472,0.68557,2274
517,0.010187,0.10296509556568055,973,0.003098,0.23821956795561378,1606,0.042451,0.12152,2283
521,0.015881,0.09161922121937276,995,0.018428,0.13429188775212894,1555,0.00341,0.55038,2261
510,0.004268,0.1250908756684736,955,0.000481,0.34581323026975197,1520,0.000294,0.83244,2230
533,0.048258,0.06295740354060068,1011,0.051058,0.08081874884681862,1572,0.008891,0.39839,2300
533,0.048258,0.06295740354060068,992,0.014832,0.14640728029505454,1535,0.000895,0.72837,2272
525,0.02388,0.0811894600154765,979,0.005218,0.20651131130799644,1543,0.001585,0.68419,2242
523,0.019568,0.08629150947747893,967,0.001722,0.2721863629482276,1584,0.016284,0.26259,2271
506,0.002501,0.13905581029067357,954,0.000428,0.3522296143951197,1539,0.00118,0.68915,2271
534,0.052241,0.0609139459038858,983,0.007318,0.186727058016664,1602,0.036068,0.14929,2279
502,0.001373,0.15398866884503148,969,0.002092,0.2606278450050883,1574,0.009869,0.35407,2261
535,0.056514,0.0589208016905911,979,0.005218,0.20651131130799644,1579,0.012812,0.30817,2261
519,0.01275,0.09717605160425771,986,0.009392,0.17263202146860682,1611,0.051602,0.09602,2293
533,0.048258,0.06295740354060068,1013,0.05705,0.07540939284217735,1613,0.055648,0.09458,2287
518,0.011439,0.10004136818048001,1012,0.053995,0.07808020250936908,1601,0.034595,0.15017,2298
527,0.028861,0.07630927785866647,1015,0.063715,0.0702681444955853,1612,0.053611,0.09518,2294
484,3.6e-05,0.23286213723941201,929,1.9e-05,0.519285992838305,1522,0.000347,0.8308,2219
530,0.037632,0.06939593476131409,1012,0.053995,0.07808020250936908,1565,0.006049,0.45153,2262
514,0.007146,0.11208988336077409,953,0.00039,0.3586813990073307,1541,0.001371,0.68676,2268
523,0.019568,0.08629150947747893,1001,0.027857,0.11206137253379161,1593,0.0246,0.21777,2295
535,0.056514,0.0589208016905911,976,0.004013,0.22206934473661805,1568,0.007169,0.44727,2285
522,0.017592,0.08892693333344363,987,0.010134,0.16807804111208538,1584,0.016284,0.26259,2271
497,0.000587,0.17400907450419242,949,0.000264,0.3848066872939196,1552,0.002885,0.5952,2270
528,0.031587,0.07395111427328879,1011,0.051058,0.08081874884681862,1592,0.023531,0.21899,2254
518,0.011439,0.10004136818048001,966,0.001548,0.27804984797236265,1558,0.004082,0.54556,2290
514,0.007146,0.11208988336077409,973,0.003098,0.23821956795561378,1569,0.007588,0.40304,2266
519,0.01275,0.09717605160425771,976,0.004013,0.22206934473661805,1606,0.042451,0.12152,2278
529,0.034503,0.07164685292425027,1016,0.067128,0.06779621344538382,1563,0.005377,0.49641,2282
518,0.011439,0.10004136818048001,969,0.002092,0.2606278450050883,1570,0.008002,0.40158,2287
535,0.056514,0.0589208016905911,988,0.010923,0.16359693617424872,1583,0.015542,0.30283,2255
520,0.014267,0.09436879441500223,987,0.010134,0.16807804111208538,1562,0.005052,0.49791,2269
521,0.015881,0.09161922121937276,989,0.011784,0.1591890450684071,1567,0.006766,0.44869,2289
521,0.015881,0.09161922121937276,998,0.02282,0.12284409201506367,1612,0.053611,0.09518,2296
509,0.00377,0.1284914524482879,947,0.000198,0.3980345242726012,1579,0.012812,0.30817,2296
506,0.002501,0.13905581029067357,995,0.018428,0.13429188775212894,1547,0.002073,0.64148,2294
521,0.015881,0.09161922121937276,982,0.00671,0.19156813642141995,1584,0.016284,0.26259,2291
518,0.011439,0.10004136818048001,998,0.02282,0.12284409201506367,1592,0.023531,0.21899,2239
531,0.041003,0.06719778406910008,999,0.024403,0.11917618755716608,1587,0.01874,0.25879,2274
523,0.019568,0.08629150947747893,1006,0.038133,0.09554993085534054,1598,0.030566,0.18239,2290
533,0.048258,0.06295740354060068,972,0.002811,0.2437300834521658,1559,0.004308,0.50272,2296
507,0.002863,0.13547385676804075,981,0.006171,0.19647964118820407,1536,0.000971,0.72714,2263
533,0.048258,0.06295740354060068,989,0.011784,0.1591890450684071,1588,0.019605,0.25758,2300
497,0.000587,0.17400907450419242,978,0.004839,0.21163004105402708,1536,0.000971,0.72714,2223
506,0.002501,0.13905581029067357,998,0.02282,0.12284409201506367,1548,0.002223,0.63986,2290
534,0.052241,0.0609139459038858,986,0.009392,0.17263202146860682,1582,0.014835,0.30422,2274
530,0.037632,0.06939593476131409,994,0.017146,0.1382561561189221,1583,0.015542,0.30283,2265
520,0.014267,0.09436879441500223,995,0.018428,0.13429188775212894,1541,0.001371,0.68676,2273
514,0.007146,0.11208988336077409,1010,0.048204,0.08362570274381714,1575,0.010438,0.35256,2287
531,0.041003,0.06719778406910008,999,0.024403,0.11917618755716608,1566,0.006415,0.4501,2293
521,0.015881,0.09161922121937276,992,0.014832,0.14640728029505454,1582,0.014835,0.30422,2245
516,0.009099,0.10594756054488935,985,0.008669,0.17725848744970762,1556,0.003609,0.54886,2283
526,0.026259,0.07872188529824783,973,0.003098,0.23821956795561378,1543,0.001585,0.68419,2300
500,0.000991,0.16181715370253355,982,0.00671,0.19156813642141995,1564,0.005697,0.45301,2296
514,0.007146,0.11208988336077409,968,0.00189,0.266378594648863,1612,0.053611,0.09518,2299
505,0.002143,0.14269829788659802,1003,0.031643,0.1052394915244936,1576,0.010979,0.35135,2253
527,0.028861,0.07630927785866647,994,0.017146,0.1382561561189221,1572,0.008891,0.39839,2274
530,0.037632,0.06939593476131409,1005,0.03579,0.09870788939133658,1556,0.003609,0.54886,2253
504,0.001879,0.1464013056895814,977,0.004388,0.21681633205714562,1560,0.004523,0.50116,2242
518,0.011439,0.10004136818048001,975,0.00369,0.22738818989218357,1599,0.0319,0.15219,2277
535,0.056514,0.0589208016905911,1004,0.033659,0.10193759807570915,1526,0.00046,0.80044,2253
522,0.017592,0.08892693333344363,1009,0.045482,0.08650170261383684,1602,0.036068,0.14929,2284
533,0.048258,0.06295740354060068,1005,0.03579,0.09870788939133658,1587,0.01874,0.25879,2289
523,0.019568,0.08629150947747893,994,0.017146,0.1382561561189221,1602,0.036068,0.14929,2285
530,0.037632,0.06939593476131409,985,0.008669,0.17725848744970762,1596,0.028082,0.18432,2298
532,0.044502,0.06505180923841214,998,0.02282,0.12284409201506367,1595,0.026909,0.18542,2292
526,0.026259,0.07872188529824783,1012,0.053995,0.07808020250936908,1554,0.00322,0.55197,2254
509,0.00377,0.1284914524482879,987,0.010134,0.16807804111208538,1563,0.005377,0.49641,2298
506,0.002501,0.13905581029067357,964,0.001244,0.2899385501920277,1600,0.033204,0.15109,2292
511,0.004881,0.12175058188744681,1002,0.029719,0.10861396516586448,1604,0.039127,0.12314,2296
532,0.044502,0.06505180923841214,991,0.013703,0.15059400098504225,1599,0.0319,0.15219,2286
526,0.026259,0.07872188529824783,972,0.002811,0.2437300834521658,1566,0.006415,0.4501,2273
505,0.002143,0.14269829788659802,954,0.000428,0.3522296143951197,1501,5.8e-05,0.92171,2298
526,0.026259,0.07872188529824783,976,0.004013,0.22206934473661805,1613,0.055648,0.09458,2295
525,0.02388,0.0811894600154765,982,0.00671,0.19156813642141995,1529,0.000576,0.76786,2246
492,0.000231,0.1955090947935819,985,0.008669,0.17725848744970762,1542,0.001472,0.68557,2286
521,0.015881,0.09161922121937276,987,0.010134,0.16807804111208538,1536,0.000971,0.72714,2262
516,0.009099,0.10594756054488935,1013,0.05705,0.07540939284217735,1606,0.042451,0.12152,2293
503,0.001616,0.15016478838205044,973,0.003098,0.23821956795561378,1607,0.044143,0.12065,2289
535,0.056514,0.0589208016905911,1004,0.033659,0.10193759807570915,1601,0.034595,0.15017,2298
533,0.048258,0.06295740354060068,994,0.017146,0.1382561561189221,1548,0.002223,0.63986,2250
516,0.009099,0.10594756054488935,986,0.009392,0.17263202146860682,1549,0.002376,0.59962,2298
535,0.056514,0.0589208016905911,995,0.018428,0.13429188775212894,1552,0.002885,0.5952,2204
523,0.019568,0.08629150947747893,995,0.018428,0.13429188775212894,1595,0.026909,0.18542,2287
533,0.048258,0.06295740354060068,1002,0.029719,0.10861396516586448,1595,0.026909,0.18542,2282
524,0.02167,0.08371250648363103,990,0.012741,0.1548546539760021,1582,0.014835,0.30422,2267
482,2.3e-05,0.2427399713041942,999,0.024403,0.11917618755716608,1543,0.001585,0.68419,2253
532,0.044502,0.06505180923841214,1009,0.045482,0.08650170261383684,1569,0.007588,0.40304,2291
533,0.048258,0.06295740354060068,1003,0.031643,0.1052394915244936,1563,0.005377,0.49641,2300
529,0.034503,0.07164685292425027,1012,0.053995,0.07808020250936908,1598,0.030566,0.18239,2292
525,0.02388,0.0811894600154765,1006,0.038133,0.09554993085534054,1606,0.042451,0.12152,2298
516,0.009099,0.10594756054488935,1005,0.03579,0.09870788939133658,1541,0.001371,0.68676,2208
535,0.056514,0.0589208016905911,1014,0.06028,0.0728056174696529,1584,0.016284,0.26259,2295
527,0.028861,0.07630927785866647,962,0.001048,0.30203345299501594,1491,2.6e-05,0.94975,2235
521,0.015881,0.09161922121937276,1011,0.051058,0.08081874884681862,1607,0.044143,0.12065,2294
517,0.010187,0.10296509556568055,982,0.00671,0.19156813642141995,1572,0.008891,0.39839,2274
529,0.034503,0.07164685292425027,1007,0.040545,0.09246325633583473,1574,0.009869,0.35407,2256
504,0.001879,0.1464013056895814,954,0.000428,0.3522296143951197,1544,0.00172,0.64544,2285
485,4.7e-05,0.22800182754911544,990,0.012741,0.1548546539760021,1538,0.001101,0.72452,2235
534,0.052241,0.0609139459038858,988,0.010923,0.16359693617424872,1574,0.009869,0.35407,2254
534,0.052241,0.0609139459038858,998,0.02282,0.12284409201506367,1572,0.008891,0.39839,2254
516,0.009099,0.10594756054488935,980,0.005703,0.20146093105263113,1564,0.005697,0.45301,2296
533,0.048258,0.06295740354060068,997,0.02129,0.12658592461451013,1553,0.003059,0.59378,2225
508,0.003275,0.1319524201119132,937,6.1e-05,0.46521773458796734,1494,3.6e-05,0.93819,2231
528,0.031587,0.07395111427328879,990,0.012741,0.1548546539760021,1584,0.016284,0.26259,2286
529,0.034503,0.07164685292425027,976,0.004013,0.22206934473661805,1587,0.01874,0.25879,2294
522,0.017592,0.08892693333344363,961,0.000944,0.30815454978779394,1509,0.000124,0.88475,2276
527,0.028861,0.07630927785866647,985,0.008669,0.17725848744970762,1583,0.015542,0.30283,2225
533,0.048258,0.06295740354060068,1007,0.040545,0.09246325633583473,1607,0.044143,0.12065,2269
519,0.01275,0.09717605160425771,999,0.024403,0.11917618755716608,1578,0.012181,0.34839,2285
523,0.019568,0.08629150947747893,991,0.013703,0.15059400098504225,1570,0.008002,0.40158,2275
512,0.005586,0.1184704339272214,1007,0.040545,0.09246325633583473,1545,0.001831,0.64414,2252
519,0.01275,0.09717605160425771,984,0.007966,0.1819569959217331,1543,0.001585,0.68419,2295
515,0.008088,0.10898906461665049,1002,0.029719,0.10861396516586448,1567,0.006766,0.44869,2299
535,0.056514,0.0589208016905911,992,0.014832,0.14640728029505454,1531,0.000666,0.76548,2278
532,0.044502,0.06505180923841214,984,0.007966,0.1819569959217331,1568,0.007169,0.44727,2275
518,0.011439,0.10004136818048001,1014,0.06028,0.0728056174696529,1548,0.002223,0.63986,2285
517,0.010187,0.10296509556568055,977,0.004388,0.21681633205714562,1597,0.029314,0.18339,2224
506,0.002501,0.13905581029067357,985,0.008669,0.17725848744970762,1557,0.00386,0.54722,2239
527,0.028861,0.07630927785866647,977,0.004388,0.21681633205714562,1586,0.017872,0.25989,2288
522,0.017592,0.08892693333344363,978,0.004839,0.21163004105402708,1533,0.000768,0.76307,2255
508,0.003275,0.1319524201119132,988,0.010923,0.16359693617424872,1572,0.008891,0.39839,2284
529,0.034503,0.07164685292425027,961,0.000944,0.30815454978779394,1575,0.010438,0.35256,2267
527,0.028861,0.07630927785866647,1012,0.053995,0.07808020250936908,1599,0.0319,0.15219,2276
532,0.044502,0.06505180923841214,1003,0.031643,0.1052394915244936,1587,0.01874,0.25879,2259
526,0.026259,0.07872188529824783,992,0.014832,0.14640728029505454,1552,0.002885,0.5952,2273
526,0.026259,0.07872188529824783,979,0.005218,0.20651131130799644,1559,0.004308,0.50272,2231
517,0.010187,0.10296509556568055,1002,0.029719,0.10861396516586448,1540,0.001266,0.68798,2237
526,0.026259,0.07872188529824783,977,0.004388,0.21681633205714562,1593,0.0246,0.21777,2290
514,0.007146,0.11208988336077409,965,0.001382,0.28396770626223383,1527,0.000498,0.79927,2294
534,0.052241,0.0609139459038858,998,0.02282,0.12284409201506367,1599,0.0319,0.15219,2246
507,0.002863,0.13547385676804075,978,0.004839,0.21163004105402708,1599,0.0319,0.15219,2281
519,0.01275,0.09717605160425771,1001,0.027857,0.11206137253379161,1573,0.009359,0.39689,2300
501,0.001176,0.157872837837039,1006,0.038133,0.09554993085534054,1598,0.030566,0.18239,2300
532,0.044502,0.06505180923841214,991,0.013703,0.15059400098504225,1571,0.008412,0.40015,2283
530,0.037632,0.06939593476131409,996,0.019844,0.1304018254689262,1554,0.00322,0.55197,2286
520,0.014267,0.09436879441500223,1000,0.026039,0.11558202443498841,1602,0.036068,0.14929,2269
525,0.02388,0.0811894600154765,1003,0.031643,0.1052394915244936,1550,0.002533,0.59829,2252
533,0.048258,0.06295740354060068,989,0.011784,0.1591890450684071,1571,0.008412,0.40015,2288
525,0.02388,0.0811894600154765,1007,0.040545,0.09246325633583473,1519,0.000276,0.83347,2281
535,0.056514,0.0589208016905911,995,0.018428,0.13429188775212894,1584,0.016284,0.26259,2296
529,0.034503,0.07164685292425027,990,0.012741,0.1548546539760021,1546,0.001944,0.64278,2268
524,0.02167,0.08371250648363103,989,0.011784,0.1591890450684071,1540,0.001266,0.68798,2267
502,0.001373,0.15398866884503148,1011,0.051058,0.08081874884681862,1541,0.001371,0.68676,2263
518,0.011439,0.10004136818048001,1003,0.031643,0.1052394915244936,1543,0.001585,0.68419,2280
512,0.005586,0.1184704339272214,998,0.02282,0.12284409201506367,1617,0.064436,0.07357,2259
523,0.019568,0.08629150947747893,984,0.007966,0.1819569959217331,1608,0.045945,0.1199,2275
523,0.019568,0.08629150947747893,991,0.013703,0.15059400098504225,1592,0.023531,0.21899,2279
523,0.019568,0.08629150947747893,984,0.007966,0.1819569959217331,1511,0.000146,0.88335,2297
507,0.002863,0.13547385676804075,992,0.014832,0.14640728029505454,1538,0.001101,0.72452,2165
528,0.031587,0.07395111427328879,1016,0.067128,0.06779621344538382,1602,0.036068,0.14929,2279
503,0.001616,0.15016478838205044,958,0.000679,0.32679388198607784,1575,0.010438,0.35256,2252
524,0.02167,0.08371250648363103,996,0.019844,0.1304018254689262,1550,0.002533,0.59829,2272
514,0.007146,0.11208988336077409,966,0.001548,0.27804984797236265,1553,0.003059,0.59378,2255
524,0.02167,0.08371250648363103,1014,0.06028,0.0728056174696529,1547,0.002073,0.64148,2254
522,0.017592,0.08892693333344363,973,0.003098,0.23821956795561378,1506,9.4e-05,0.90376,2223
531,0.041003,0.06719778406910008,980,0.005703,0.20146093105263113,1559,0.004308,0.50272,2256
516,0.009099,0.10594756054488935,1002,0.029719,0.10861396516586448,1511,0.000146,0.88335,2183
520,0.014267,0.09436879441500223,1015,0.063715,0.0702681444955853,1568,0.007169,0.44727,2255
524,0.02167,0.08371250648363103,995,0.018428,0.13429188775212894,1561,0.004774,0.49948,2278
529,0.034503,0.07164685292425027,1004,0.033659,0.10193759807570915,1611,0.051602,0.09602,2283
520,0.014267,0.09436879441500223,998,0.02282,0.12284409201506367,1565,0.006049,0.45153,2292
520,0.014267,0.09436879441500223,981,0.006171,0.19647964118820407,1520,0.000294,0.83244,2222
511,0.004881,0.12175058188744681,998,0.02282,0.12284409201506367,1544,0.00172,0.64544,2241
535,0.056514,0.0589208016905911,996,0.019844,0.1304018254689262,1522,0.000347,0.8308,2239
521,0.015881,0.09161922121937276,1004,0.033659,0.10193759807570915,1600,0.033204,0.15109,2292
524,0.02167,0.08371250648363103,955,0.000481,0.34581323026975197,1571,0.008412,0.40015,2263
535,0.056514,0.0589208016905911,1010,0.048204,0.08362570274381714,1568,0.007169,0.44727,2300
528,0.031587,0.07395111427328879,984,0.007966,0.1819569959217331,1542,0.001472,0.68557,2264
531,0.041003,0.06719778406910008,977,0.004388,0.21681633205714562,1567,0.006766,0.44869,2274
523,0.019568,0.08629150947747893,995,0.018428,0.13429188775212894,1533,0.000768,0.76307,2270
511,0.004881,0.12175058188744681,984,0.007966,0.1819569959217331,1493,3e-05,0.94887,2210
534,0.052241,0.0609139459038858,972,0.002811,0.2437300834521658,1581,0.014124,0.30552,2298
525,0.02388,0.0811894600154765,960,0.000843,0.3143227082258305,1554,0.00322,0.55197,2291
526,0.026259,0.07872188529824783,983,0.007318,0.186727058016664,1503,7e-05,0.9206,2285
516,0.009099,0.10594756054488935,968,0.00189,0.266378594648863,1549,0.002376,0.59962,2266
528,0.031587,0.07395111427328879,966,0.001548,0.27804984797236265,1532,0.000712,0.76421,2221
505,0.002143,0.14269829788659802,969,0.002092,0.2606278450050883,1558,0.004082,0.54556,2290
525,0.02388,0.0811894600154765,994,0.017146,0.1382561561189221,1560,0.004523,0.50116,2257
532,0.044502,0.06505180923841214,1011,0.051058,0.08081874884681862,1603,0.037519,0.14832,2300
488,9.5e-05,0.21374370414555238,963,0.001144,0.29596095314786397,1538,0.001101,0.72452,2250
508,0.003275,0.1319524201119132,993,0.015952,0.14229463445134527,1592,0.023531,0.21899,2279
532,0.044502,0.06505180923841214,1015,0.063715,0.0702681444955853,1569,0.007588,0.40304,2281
530,0.037632,0.06939593476131409,996,0.019844,0.1304018254689262,1592,0.023531,0.21899,2274
514,0.007146,0.11208988336077409,959,0.000756,0.3205363547882977,1575,0.010438,0.35256,2282
513,0.006334,0.11525026582437176,938,7.2e-05,0.45845306034348055,1548,0.002223,0.63986,2270
526,0.026259,0.07872188529824783,998,0.02282,0.12284409201506367,1562,0.005052,0.49791,2279
507,0.002863,0.13547385676804075,977,0.004388,0.21681633205714562,1520,0.000294,0.83244,2219
500,0.000991,0.16181715370253355,976,0.004013,0.22206934473661805,1522,0.000347,0.8308,2284
522,0.017592,0.08892693333344363,975,0.00369,0.22738818989218357,1552,0.002885,0.5952,2284
511,0.004881,0.12175058188744681,970,0.002319,0.2549353721501601,1560,0.004523,0.50116,2287
513,0.006334,0.11525026582437176,959,0.000756,0.3205363547882977,1536,0.000971,0.72714,2278
520,0.014267,0.09436879441500223,974,0.003392,0.2327719264074534,1546,0.001944,0.64278,2263
500,0.000991,0.16181715370253355,982,0.00671,0.19156813642141995,1564,0.005697,0.45301,2253
511,0.004881,0.12175058188744681,982,0.00671,0.19156813642141995,1561,0.004774,0.49948,2288
521,0.015881,0.09161922121937276,982,0.00671,0.19156813642141995,1581,0.014124,0.30552,2293
514,0.007146,0.11208988336077409,998,0.02282,0.12284409201506367,1582,0.014835,0.30422,2279
506,0.002501,0.13905581029067357,982,0.00671,0.19156813642141995,1545,0.001831,0.64414,2287
524,0.02167,0.08371250648363103,991,0.013703,0.15059400098504225,1594,0.02572,0.18643,2286
504,0.001879,0.1464013056895814,1011,0.051058,0.08081874884681862,1605,0.040808,0.12226,2292
512,0.005586,0.1184704339272214,982,0.00671,0.19156813642141995,1518,0.000247,0.85731,2185
509,0.00377,0.1284914524482879,947,0.000198,0.3980345242726012,1547,0.002073,0.64148,2279
534,0.052241,0.0609139459038858,1012,0.053995,0.07808020250936908,1614,0.057732,0.07535,2286
520,0.014267,0.09436879441500223,997,0.02129,0.12658592461451013,1583,0.015542,0.30283,2300
513,0.006334,0.11525026582437176,996,0.019844,0.1304018254689262,1593,0.0246,0.21777,2285
531,0.041003,0.06719778406910008,965,0.001382,0.28396770626223383,1534,0.000821,0.72949,2271
515,0.008088,0.10898906461665049,955,0.000481,0.34581323026975197,1531,0.000666,0.76548,2268
528,0.031587,0.07395111427328879,953,0.00039,0.3586813990073307,1562,0.005052,0.49791,2224
525,0.02388,0.0811894600154765,1012,0.053995,0.07808020250936908,1615,0.059909,0.07469,2292
521,0.015881,0.09161922121937276,969,0.002092,0.2606278450050883,1522,0.000347,0.8308,2249
531,0.041003,0.06719778406910008,981,0.006171,0.19647964118820407,1555,0.00341,0.55038,2277
510,0.004268,0.1250908756684736,992,0.014832,0.14640728029505454,1610,0.049684,0.09661,2287
530,0.037632,0.06939593476131409,991,0.013703,0.15059400098504225,1589,0.020539,0.22261,2288
530,0.037632,0.06939593476131409,990,0.012741,0.1548546539760021,1590,0.021501,0.22131,2292
529,0.034503,0.07164685292425027,1000,0.026039,0.11558202443498841,1530,0.000623,0.76669,2252
532,0.044502,0.06505180923841214,1002,0.029719,0.10861396516586448,1616,0.062132,0.07412,2298
531,0.041003,0.06719778406910008,1002,0.029719,0.10861396516586448,1616,0.062132,0.07412,2293
529,0.034503,0.07164685292425027,970,0.002319,0.2549353721501601,1568,0.007169,0.44727,2290
528,0.031587,0.07395111427328879,1004,0.033659,0.10193759807570915,1599,0.0319,0.15219,2271
529,0.034503,0.07164685292425027,984,0.007966,0.1819569959217331,1576,0.010979,0.35135,2288
510,0.004268,0.1250908756684736,989,0.011784,0.1591890450684071,1611,0.051602,0.09602,2263
534,0.052241,0.0609139459038858,1009,0.045482,0.08650170261383684,1558,0.004082,0.54556,2265
509,0.00377,0.1284914524482879,971,0.002533,0.2493023934405924,1548,0.002223,0.63986,2300
513,0.006334,0.11525026582437176,1006,0.038133,0.09554993085534054,1568,0.007169,0.44727,2270
517,0.010187,0.10296509556568055,998,0.02282,0.12284409201506367,1545,0.001831,0.64414,2272
524,0.02167,0.08371250648363103,1011,0.051058,0.08081874884681862,1582,0.014835,0.30422,2264
517,0.010187,0.10296509556568055,1004,0.033659,0.10193759807570915,1561,0.004774,0.49948,2263
509,0.00377,0.1284914524482879,1006,0.038133,0.09554993085534054,1605,0.040808,0.12226,2282
514,0.007146,0.11208988336077409,983,0.007318,0.186727058016664,1567,0.006766,0.44869,2254
516,0.009099,0.10594756054488935,1007,0.040545,0.09246325633583473,1573,0.009359,0.39689,2280
511,0.004881,0.12175058188744681,997,0.02129,0.12658592461451013,1576,0.010979,0.35135,2273
533,0.048258,0.06295740354060068,976,0.004013,0.22206934473661805,1598,0.030566,0.18239,2275
529,0.034503,0.07164685292425027,1016,0.067128,0.06779621344538382,1600,0.033204,0.15109,2291
524,0.02167,0.08371250648363103,978,0.004839,0.21163004105402708,1552,0.002885,0.5952,2278
491,0.000191,0.19998290530061782,981,0.006171,0.19647964118820407,1566,0.006415,0.4501,2293
517,0.010187,0.10296509556568055,948,0.000231,0.3914083937021998,1545,0.001831,0.64414,2282
535,0.056514,0.0589208016905911,997,0.02129,0.12658592461451013,1577,0.011537,0.34986,2254
512,0.005586,0.1184704339272214,993,0.015952,0.14229463445134527,1597,0.029314,0.18339,2294
518,0.011439,0.10004136818048001,987,0.010134,0.16807804111208538,1593,0.0246,0.21777,2245
521,0.015881,0.09161922121937276,1005,0.03579,0.09870788939133658,1563,0.005377,0.49641,2255
529,0.034503,0.07164685292425027,1006,0.038133,0.09554993085534054,1589,0.020539,0.22261,2269
527,0.028861,0.07630927785866647,994,0.017146,0.1382561561189221,1544,0.00172,0.64544,2256
524,0.02167,0.08371250648363103,1009,0.045482,0.08650170261383684,1561,0.004774,0.49948,2268
535,0.056514,0.0589208016905911,1008,0.042959,0.08944736102149425,1610,0.049684,0.09661,2287
508,0.003275,0.1319524201119132,1007,0.040545,0.09246325633583473,1606,0.042451,0.12152,2243
517,0.010187,0.10296509556568055,961,0.000944,0.30815454978779394,1571,0.008412,0.40015,2273
528,0.031587,0.07395111427328879,973,0.003098,0.23821956795561378,1559,0.004308,0.50272,2281
506,0.002501,0.13905581029067357,1010,0.048204,0.08362570274381714,1591,0.022435,0.22018,2288
503,0.001616,0.15016478838205044,1000,0.026039,0.11558202443498841,1549,0.002376,0.59962,2286
532,0.044502,0.06505180923841214,989,0.011784,0.1591890450684071,1618,0.066798,0.07304,2295
530,0.037632,0.06939593476131409,1007,0.040545,0.09246325633583473,1608,0.045945,0.1199,2300
530,0.037632,0.06939593476131409,986,0.009392,0.17263202146860682,1541,0.001371,0.68676,2278
533,0.048258,0.06295740354060068,1007,0.040545,0.09246325633583473,1572,0.008891,0.39839,2274
509,0.00377,0.1284914524482879,957,0.000615,0.3330936531441198,1547,0.002073,0.64148,2254
524,0.02167,0.08371250648363103,973,0.003098,0.23821956795561378,1549,0.002376,0.59962,2241
524,0.02167,0.08371250648363103,1002,0.029719,0.10861396516586448,1616,0.062132,0.07412,2278
533,0.048258,0.06295740354060068,1006,0.038133,0.09554993085534054,1541,0.001371,0.68676,2278
514,0.007146,0.11208988336077409,1003,0.031643,0.1052394915244936,1588,0.019605,0.25758,2260
508,0.003275,0.1319524201119132,996,0.019844,0.1304018254689262,1551,0.002709,0.5966,2273
518,0.011439,0.10004136818048001,983,0.007318,0.186727058016664,1560,0.004523,0.50116,2277
509,0.00377,0.1284914524482879,988,0.010923,0.16359693617424872,1597,0.029314,0.18339,2284
524,0.02167,0.08371250648363103,979,0.005218,0.20651131130799644,1568,0.007169,0.44727,2275
519,0.01275,0.09717605160425771,961,0.000944,0.30815454978779394,1573,0.009359,0.39689,2270
513,0.006334,0.11525026582437176,998,0.02282,0.12284409201506367,1571,0.008412,0.40015,2268
529,0.034503,0.07164685292425027,998,0.02282,0.12284409201506367,1610,0.049684,0.09661,2292
527,0.028861,0.07630927785866647,972,0.002811,0.2437300834521658,1605,0.040808,0.12226,2297
501,0.001176,0.157872837837039,955,0.000481,0.34581323026975197,1539,0.00118,0.68915,2251
522,0.017592,0.08892693333344363,971,0.002533,0.2493023934405924,1587,0.01874,0.25879,2229
524,0.02167,0.08371250648363103,976,0.004013,0.22206934473661805,1614,0.057732,0.07535,2276
530,0.037632,0.06939593476131409,1007,0.040545,0.09246325633583473,1590,0.021501,0.22131,2282
527,0.028861,0.07630927785866647,975,0.00369,0.22738818989218357,1486,1.7e-05,0.96029,2212
533,0.048258,0.06295740354060068,985,0.008669,0.17725848744970762,1572,0.008891,0.39839,2285
509,0.00377,0.1284914524482879,982,0.00671,0.19156813642141995,1604,0.039127,0.12314,2300
527,0.028861,0.07630927785866647,998,0.02282,0.12284409201506367,1613,0.055648,0.09458,2265
511,0.004881,0.12175058188744681,998,0.02282,0.12284409201506367,1600,0.033204,0.15109,2292
503,0.001616,0.15016478838205044,961,0.000944,0.30815454978779394,1573,0.009359,0.39689,2300
531,0.041003,0.06719778406910008,1013,0.05705,0.07540939284217735,1590,0.021501,0.22131,2257
522,0.017592,0.08892693333344363,977,0.004388,0.21681633205714562,1576,0.010979,0.35135,2293
534,0.052241,0.0609139459038858,1010,0.048204,0.08362570274381714,1583,0.015542,0.30283,2280
509,0.00377,0.1284914524482879,983,0.007318,0.186727058016664,1581,0.014124,0.30552,2298
530,0.037632,0.06939593476131409,1002,0.029719,0.10861396516586448,1566,0.006415,0.4501,2283
514,0.007146,0.11208988336077409,1007,0.040545,0.09246325633583473,1608,0.045945,0.1199,2300
534,0.052241,0.0609139459038858,973,0.003098,0.23821956795561378,1498,4.6e-05,0.9365,2255
534,0.052241,0.0609139459038858,993,0.015952,0.14229463445134527,1551,0.002709,0.5966,2293
533,0.048258,0.06295740354060068,1011,0.051058,0.08081874884681862,1595,0.026909,0.18542,2287
519,0.01275,0.09717605160425771,994,0.017146,0.1382561561189221,1568,0.007169,0.44727,2280
514,0.007146,0.11208988336077409,1007,0.040545,0.09246325633583473,1588,0.019605,0.25758,2270
516,0.009099,0.10594756054488935,980,0.005703,0.20146093105263113,1573,0.009359,0.39689,2250
526,0.026259,0.07872188529824783,975,0.00369,0.22738818989218357,1567,0.006766,0.44869,2240
530,0.037632,0.06939593476131409,983,0.007318,0.186727058016664,1581,0.014124,0.30552,2293
520,0.014267,0.09436879441500223,983,0.007318,0.186727058016664,1535,0.000895,0.72837,2267
533,0.048258,0.06295740354060068,1007,0.040545,0.09246325633583473,1564,0.005697,0.45301,2286
513,0.006334,0.11525026582437176,1016,0.067128,0.06779621344538382,1565,0.006049,0.45153,2282
533,0.048258,0.06295740354060068,1008,0.042959,0.08944736102149425,1564,0.005697,0.45301,2292
523,0.019568,0.08629150947747893,976,0.004013,0.22206934473661805,1596,0.028082,0.18432,2268
533,0.048258,0.06295740354060068,993,0.015952,0.14229463445134527,1556,0.003609,0.54886,2298
527,0.028861,0.07630927785866647,975,0.00369,0.22738818989218357,1574,0.009869,0.35407,2256
518,0.011439,0.10004136818048001,978,0.004839,0.21163004105402708,1615,0.059909,0.07469,2297
517,0.010187,0.10296509556568055,973,0.003098,0.23821956795561378,1513,0.000174,0.88183,2250
523,0.019568,0.08629150947747893,980,0.005703,0.20146093105263113,1566,0.006415,0.4501,2279
520,0.014267,0.09436879441500223,983,0.007318,0.186727058016664,1575,0.010438,0.35256,2297
533,0.048258,0.06295740354060068,990,0.012741,0.1548546539760021,1579,0.012812,0.30817,2286
532,0.044502,0.06505180923841214,1011,0.051058,0.08081874884681862,1560,0.004523,0.50116,2263
518,0.011439,0.10004136818048001,1006,0.038133,0.09554993085534054,1520,0.000294,0.83244,2262
533,0.048258,0.06295740354060068,993,0.015952,0.14229463445134527,1584,0.016284,0.26259,2276
534,0.052241,0.0609139459038858,993,0.015952,0.14229463445134527,1531,0.000666,0.76548,2208
509,0.00377,0.1284914524482879,959,0.000756,0.3205363547882977,1532,0.000712,0.76421,2269
512,0.005586,0.1184704339272214,981,0.006171,0.19647964118820407,1575,0.010438,0.35256,2292
511,0.004881,0.12175058188744681,961,0.000944,0.30815454978779394,1583,0.015542,0.30283,2285
529,0.034503,0.07164685292425027,1005,0.03579,0.09870788939133658,1597,0.029314,0.18339,2294
532,0.044502,0.06505180923841214,967,0.001722,0.2721863629482276,1601,0.034595,0.15017,2293
524,0.02167,0.08371250648363103,1008,0.042959,0.08944736102149425,1587,0.01874,0.25879,2299
519,0.01275,0.09717605160425771,988,0.010923,0.16359693617424872,1536,0.000971,0.72714,2274
519,0.01275,0.09717605160425771,996,0.019844,0.1304018254689262,1600,0.033204,0.15109,2292
535,0.056514,0.0589208016905911,1009,0.045482,0.08650170261383684,1595,0.026909,0.18542,2277
503,0.001616,0.15016478838205044,968,0.00189,0.266378594648863,1538,0.001101,0.72452,2275
534,0.052241,0.0609139459038858,1005,0.03579,0.09870788939133658,1563,0.005377,0.49641,2270
533,0.048258,0.06295740354060068,986,0.009392,0.17263202146860682,1561,0.004774,0.49948,2298
532,0.044502,0.06505180923841214,972,0.002811,0.2437300834521658,1596,0.028082,0.18432,2298
525,0.02388,0.0811894600154765,996,0.019844,0.1304018254689262,1566,0.006415,0.4501,2218
531,0.041003,0.06719778406910008,936,5.4e-05,0.4719855611914937,1503,7e-05,0.9206,2270
517,0.010187,0.10296509556568055,981,0.006171,0.19647964118820407,1565,0.006049,0.45153,2272
526,0.026259,0.07872188529824783,999,0.024403,0.11917618755716608,1597,0.029314,0.18339,2289
532,0.044502,0.06505180923841214,1013,0.05705,0.07540939284217735,1593,0.0246,0.21777,2260
511,0.004881,0.12175058188744681,999,0.024403,0.11917618755716608,1596,0.028082,0.18432,2288
522,0.017592,0.08892693333344363,1005,0.03579,0.09870788939133658,1544,0.00172,0.64544,2221
530,0.037632,0.06939593476131409,1006,0.038133,0.09554993085534054,1567,0.006766,0.44869,2264
533,0.048258,0.06295740354060068,972,0.002811,0.2437300834521658,1590,0.021501,0.22131,2297
525,0.02388,0.0811894600154765,1000,0.026039,0.11558202443498841,1592,0.023531,0.21899,2299
524,0.02167,0.08371250648363103,1004,0.033659,0.10193759807570915,1572,0.008891,0.39839,2249
533,0.048258,0.06295740354060068,988,0.010923,0.16359693617424872,1542,0.001472,0.68557,2234
523,0.019568,0.08629150947747893,995,0.018428,0.13429188775212894,1616,0.062132,0.07412,2268
532,0.044502,0.06505180923841214,986,0.009392,0.17263202146860682,1603,0.037519,0.14832,2285
513,0.006334,0.11525026582437176,1003,0.031643,0.1052394915244936,1605,0.040808,0.12226,2282
493,0.000287,0.19109266493958718,1004,0.033659,0.10193759807570915,1573,0.009359,0.39689,2277
523,0.019568,0.08629150947747893,984,0.007966,0.1819569959217331,1577,0.011537,0.34986,2294
528,0.031587,0.07395111427328879,1007,0.040545,0.09246325633583473,1606,0.042451,0.12152,2288
535,0.056514,0.0589208016905911,988,0.010923,0.16359693617424872,1581,0.014124,0.30552,2259
517,0.010187,0.10296509556568055,971,0.002533,0.2493023934405924,1532,0.000712,0.76421,2248
533,0.048258,0.06295740354060068,988,0.010923,0.16359693617424872,1544,0.00172,0.64544,2272
534,0.052241,0.0609139459038858,1008,0.042959,0.08944736102149425,1615,0.059909,0.07469,2272
526,0.026259,0.07872188529824783,997,0.02129,0.12658592461451013,1597,0.029314,0.18339,2289
531,0.041003,0.06719778406910008,1012,0.053995,0.07808020250936908,1589,0.020539,0.22261,2276
507,0.002863,0.13547385676804075,978,0.004839,0.21163004105402708,1570,0.008002,0.40158,2267
521,0.015881,0.09161922121937276,1011,0.051058,0.08081874884681862,1567,0.006766,0.44869,2289
514,0.007146,0.11208988336077409,998,0.02282,0.12284409201506367,1582,0.014835,0.30422,2274
533,0.048258,0.06295740354060068,998,0.02282,0.12284409201506367,1558,0.004082,0.54556,2255
507,0.002863,0.13547385676804075,975,0.00369,0.22738818989218357,1576,0.010979,0.35135,2258
534,0.052241,0.0609139459038858,1004,0.033659,0.10193759807570915,1566,0.006415,0.4501,2298
506,0.002501,0.13905581029067357,969,0.002092,0.2606278450050883,1552,0.002885,0.5952,2284
524,0.02167,0.08371250648363103,1004,0.033659,0.10193759807570915,1613,0.055648,0.09458,2290
525,0.02388,0.0811894600154765,991,0.013703,0.15059400098504225,1542,0.001472,0.68557,2294
530,0.037632,0.06939593476131409,990,0.012741,0.1548546539760021,1541,0.001371,0.68676,2260
526,0.026259,0.07872188529824783,961,0.000944,0.30815454978779394,1560,0.004523,0.50116,2267
531,0.041003,0.06719778406910008,967,0.001722,0.2721863629482276,1596,0.028082,0.18432,2273
505,0.002143,0.14269829788659802,1004,0.033659,0.10193759807570915,1607,0.044143,0.12065,2282
528,0.031587,0.07395111427328879,986,0.009392,0.17263202146860682,1518,0.000247,0.85731,2270
517,0.010187,0.10296509556568055,999,0.024403,0.11917618755716608,1550,0.002533,0.59829,2272
523,0.019568,0.08629150947747893,970,0.002319,0.2549353721501601,1594,0.02572,0.18643,2297
529,0.034503,0.07164685292425027,995,0.018428,0.13429188775212894,1586,0.017872,0.25989,2278
525,0.02388,0.0811894600154765,975,0.00369,0.22738818989218357,1559,0.004308,0.50272,2286
521,0.015881,0.09161922121937276,1007,0.040545,0.09246325633583473,1599,0.0319,0.15219,2276
526,0.026259,0.07872188529824783,1009,0.045482,0.08650170261383684,1610,0.049684,0.09661,2299
511,0.004881,0.12175058188744681,964,0.001244,0.2899385501920277,1549,0.002376,0.59962,2267
526,0.026259,0.07872188529824783,996,0.019844,0.1304018254689262,1578,0.012181,0.34839,2285
534,0.052241,0.0609139459038858,1009,0.045482,0.08650170261383684,1573,0.009359,0.39689,2285
526,0.026259,0.07872188529824783,972,0.002811,0.2437300834521658,1579,0.012812,0.30817,2271
503,0.001616,0.15016478838205044,987,0.010134,0.16807804111208538,1562,0.005052,0.49791,2294
527,0.028861,0.07630927785866647,998,0.02282,0.12284409201506367,1532,0.000712,0.76421,2259
535,0.056514,0.0589208016905911,990,0.012741,0.1548546539760021,1595,0.026909,0.18542,2297
512,0.005586,0.1184704339272214,1003,0.031643,0.1052394915244936,1555,0.00341,0.55038,2282
519,0.01275,0.09717605160425771,966,0.001548,0.27804984797236265,1534,0.000821,0.72949,2261
528,0.031587,0.07395111427328879,976,0.004013,0.22206934473661805,1613,0.055648,0.09458,2300
523,0.019568,0.08629150947747893,1005,0.03579,0.09870788939133658,1569,0.007588,0.40304,2296
528,0.031587,0.07395111427328879,1008,0.042959,0.08944736102149425,1561,0.004774,0.49948,2297
512,0.005586,0.1184704339272214,989,0.011784,0.1591890450684071,1589,0.020539,0.22261,2291
531,0.041003,0.06719778406910008,973,0.003098,0.23821956795561378,1551,0.002709,0.5966,2263
511,0.004881,0.12175058188744681,960,0.000843,0.3143227082258305,1513,0.000174,0.88183,2220
526,0.026259,0.07872188529824783,991,0.013703,0.15059400098504225,1561,0.004774,0.49948,2213
505,0.002143,0.14269829788659802,963,0.001144,0.29596095314786397,1509,0.000124,0.88475,2186
516,0.009099,0.10594756054488935,986,0.009392,0.17263202146860682,1556,0.003609,0.54886,2288
532,0.044502,0.06505180923841214,982,0.00671,0.19156813642141995,1552,0.002885,0.5952,2244
519,0.01275,0.09717605160425771,1015,0.063715,0.0702681444955853,1563,0.005377,0.49641,2280
525,0.02388,0.0811894600154765,1002,0.029719,0.10861396516586448,1603,0.037519,0.14832,2277
534,0.052241,0.0609139459038858,979,0.005218,0.20651131130799644,1600,0.033204,0.15109,2262
518,0.011439,0.10004136818048001,998,0.02282,0.12284409201506367,1548,0.002223,0.63986,2295
520,0.014267,0.09436879441500223,983,0.007318,0.186727058016664,1543,0.001585,0.68419,2290
531,0.041003,0.06719778406910008,998,0.02282,0.12284409201506367,1617,0.064436,0.07357,2264
528,0.031587,0.07395111427328879,999,0.024403,0.11917618755716608,1593,0.0246,0.21777,2285
527,0.028861,0.07630927785866647,956,0.000556,0.33943400101766535,1552,0.002885,0.5952,2284
534,0.052241,0.0609139459038858,1000,0.026039,0.11558202443498841,1591,0.022435,0.22018,2273
519,0.01275,0.09717605160425771,980,0.005703,0.20146093105263113,1562,0.005052,0.49791,2300
504,0.001879,0.1464013056895814,973,0.003098,0.23821956795561378,1524,0.000406,0.80267,2241
522,0.017592,0.08892693333344363,976,0.004013,0.22206934473661805,1590,0.021501,0.22131,2287
519,0.01275,0.09717605160425771,995,0.018428,0.13429188775212894,1591,0.022435,0.22018,2268
523,0.019568,0.08629150947747893,1014,0.06028,0.0728056174696529,1557,0.00386,0.54722,2284
532,0.044502,0.06505180923841214,1005,0.03579,0.09870788939133658,1600,0.033204,0.15109,2282
517,0.010187,0.10296509556568055,1004,0.033659,0.10193759807570915,1616,0.062132,0.07412,2268
533,0.048258,0.06295740354060068,1000,0.026039,0.11558202443498841,1573,0.009359,0.39689,2300
513,0.006334,0.11525026582437176,995,0.018428,0.13429188775212894,1568,0.007169,0.44727,2260
532,0.044502,0.06505180923841214,977,0.004388,0.21681633205714562,1575,0.010438,0.35256,2267
532,0.044502,0.06505180923841214,993,0.015952,0.14229463445134527,1604,0.039127,0.12314,2266
534,0.052241,0.0609139459038858,991,0.013703,0.15059400098504225,1578,0.012181,0.34839,2270
523,0.019568,0.08629150947747893,948,0.000231,0.3914083937021998,1612,0.053611,0.09518,2299
533,0.048258,0.06295740354060068,1003,0.031643,0.1052394915244936,1566,0.006415,0.4501,2298
535,0.056514,0.0589208016905911,980,0.005703,0.20146093105263113,1580,0.013493,0.30675,2287
513,0.006334,0.11525026582437176,978,0.004839,0.21163004105402708,1569,0.007588,0.40304,2281
530,0.037632,0.06939593476131409,961,0.000944,0.30815454978779394,1507,0.000106,0.90318,2249
520,0.014267,0.09436879441500223,989,0.011784,0.1591890450684071,1586,0.017872,0.25989,2283
521,0.015881,0.09161922121937276,969,0.002092,0.2606278450050883,1584,0.016284,0.26259,2261
526,0.026259,0.07872188529824783,1007,0.040545,0.09246325633583473,1584,0.016284,0.26259,2261
517,0.010187,0.10296509556568055,957,0.000615,0.3330936531441198,1585,0.01703,0.26134,2292
519,0.01275,0.09717605160425771,972,0.002811,0.2437300834521658,1535,0.000895,0.72837,2232
516,0.009099,0.10594756054488935,971,0.002533,0.2493023934405924,1557,0.00386,0.54722,2289
511,0.004881,0.12175058188744681,967,0.001722,0.2721863629482276,1566,0.006415,0.4501,2298
520,0.014267,0.09436879441500223,988,0.010923,0.16359693617424872,1555,0.00341,0.55038,2247
517,0.010187,0.10296509556568055,994,0.017146,0.1382561561189221,1547,0.002073,0.64148,2214
534,0.052241,0.0609139459038858,985,0.008669,0.17725848744970762,1591,0.022435,0.22018,2298
526,0.026259,0.07872188529824783,970,0.002319,0.2549353721501601,1572,0.008891,0.39839,2289
497,0.000587,0.17400907450419242,988,0.010923,0.16359693617424872,1509,0.000124,0.88475,2224
515,0.008088,0.10898906461665049,980,0.005703,0.20146093105263113,1573,0.009359,0.39689,2292
521,0.015881,0.09161922121937276,1011,0.051058,0.08081874884681862,1608,0.045945,0.1199,2295
527,0.028861,0.07630927785866647,970,0.002319,0.2549353721501601,1548,0.002223,0.63986,2263
523,0.019568,0.08629150947747893,998,0.02282,0.12284409201506367,1588,0.019605,0.25758,2290
517,0.010187,0.10296509556568055,984,0.007966,0.1819569959217331,1561,0.004774,0.49948,2273
527,0.028861,0.07630927785866647,1016,0.067128,0.06779621344538382,1575,0.010438,0.35256,2277
532,0.044502,0.06505180923841214,992,0.014832,0.14640728029505454,1572,0.008891,0.39839,2279
532,0.044502,0.06505180923841214,994,0.017146,0.1382561561189221,1595,0.026909,0.18542,2287
522,0.017592,0.08892693333344363,988,0.010923,0.16359693617424872,1538,0.001101,0.72452,2255
529,0.034503,0.07164685292425027,1001,0.027857,0.11206137253379161,1598,0.030566,0.18239,2280
533,0.048258,0.06295740354060068,1005,0.03579,0.09870788939133658,1609,0.04783,0.09745,2261
522,0.017592,0.08892693333344363,981,0.006171,0.19647964118820407,1584,0.016284,0.26259,2281
518,0.011439,0.10004136818048001,979,0.005218,0.20651131130799644,1567,0.006766,0.44869,2299
512,0.005586,0.1184704339272214,989,0.011784,0.1591890450684071,1569,0.007588,0.40304,2271
528,0.031587,0.07395111427328879,996,0.019844,0.1304018254689262,1611,0.051602,0.09602,2268
519,0.01275,0.09717605160425771,981,0.006171,0.19647964118820407,1548,0.002223,0.63986,2206
504,0.001879,0.1464013056895814,965,0.001382,0.28396770626223383,1521,0.000318,0.83168,2213
500,0.000991,0.16181715370253355,981,0.006171,0.19647964118820407,1569,0.007588,0.40304,2281
530,0.037632,0.06939593476131409,994,0.017146,0.1382561561189221,1528,0.00054,0.79821,2265
533,0.048258,0.06295740354060068,977,0.004388,0.21681633205714562,1508,0.000112,0.90257,2215
513,0.006334,0.11525026582437176,985,0.008669,0.17725848744970762,1613,0.055648,0.09458,2260
530,0.037632,0.06939593476131409,998,0.02282,0.12284409201506367,1590,0.021501,0.22131,2287
524,0.02167,0.08371250648363103,997,0.02129,0.12658592461451013,1586,0.017872,0.25989,2298
511,0.004881,0.12175058188744681,979,0.005218,0.20651131130799644,1535,0.000895,0.72837,2267
531,0.041003,0.06719778406910008,1011,0.051058,0.08081874884681862,1605,0.040808,0.12226,2287
528,0.031587,0.07395111427328879,993,0.015952,0.14229463445134527,1522,0.000347,0.8308,2254
513,0.006334,0.11525026582437176,1005,0.03579,0.09870788939133658,1572,0.008891,0.39839,2284
515,0.008088,0.10898906461665049,996,0.019844,0.1304018254689262,1596,0.028082,0.18432,2288
535,0.056514,0.0589208016905911,998,0.02282,0.12284409201506367,1578,0.012181,0.34839,2285
508,0.003275,0.1319524201119132,971,0.002533,0.2493023934405924,1582,0.014835,0.30422,2269
531,0.041003,0.06719778406910008,1002,0.029719,0.10861396516586448,1568,0.007169,0.44727,2195
525,0.02388,0.0811894600154765,1009,0.045482,0.08650170261383684,1593,0.0246,0.21777,2262
511,0.004881,0.12175058188744681,980,0.005703,0.20146093105263113,1543,0.001585,0.68419,2255
534,0.052241,0.0609139459038858,1004,0.033659,0.10193759807570915,1591,0.022435,0.22018,2273
530,0.037632,0.06939593476131409,986,0.009392,0.17263202146860682,1540,0.001266,0.68798,2237
521,0.015881,0.09161922121937276,996,0.019844,0.1304018254689262,1543,0.001585,0.68419,2280
520,0.014267,0.09436879441500223,960,0.000843,0.3143227082258305,1605,0.040808,0.12226,2267
522,0.017592,0.08892693333344363,997,0.02129,0.12658592461451013,1584,0.016284,0.26259,2296
525,0.02388,0.0811894600154765,990,0.012741,0.1548546539760021,1597,0.029314,0.18339,2294
535,0.056514,0.0589208016905911,1010,0.048204,0.08362570274381714,1595,0.026909,0.18542,2282
528,0.031587,0.07395111427328879,1008,0.042959,0.08944736102149425,1565,0.006049,0.45153,2292
493,0.000287,0.19109266493958718,929,1.9e-05,0.519285992838305,1532,0.000712,0.76421,2294
526,0.026259,0.07872188529824783,977,0.004388,0.21681633205714562,1552,0.002885,0.5952,2279
523,0.019568,0.08629150947747893,1006,0.038133,0.09554993085534054,1580,0.013493,0.30675,2227
513,0.006334,0.11525026582437176,1000,0.026039,0.11558202443498841,1544,0.00172,0.64544,2276
510,0.004268,0.1250908756684736,977,0.004388,0.21681633205714562,1550,0.002533,0.59829,2262
526,0.026259,0.07872188529824783,978,0.004839,0.21163004105402708,1533,0.000768,0.76307,2225
521,0.015881,0.09161922121937276,943,0.000125,0.4247452836207227,1552,0.002885,0.5952,2264
527,0.028861,0.07630927785866647,964,0.001244,0.2899385501920277,1597,0.029314,0.18339,2259
529,0.034503,0.07164685292425027,995,0.018428,0.13429188775212894,1571,0.008412,0.40015,2260
531,0.041003,0.06719778406910008,970,0.002319,0.2549353721501601,1600,0.033204,0.15109,2297
526,0.026259,0.07872188529824783,1001,0.027857,0.11206137253379161,1564,0.005697,0.45301,2296
528,0.031587,0.07395111427328879,1007,0.040545,0.09246325633583473,1549,0.002376,0.59962,2211
519,0.01275,0.09717605160425771,980,0.005703,0.20146093105263113,1559,0.004308,0.50272,2216
521,0.015881,0.09161922121937276,973,0.003098,0.23821956795561378,1506,9.4e-05,0.90376,2268
517,0.010187,0.10296509556568055,977,0.004388,0.21681633205714562,1577,0.011537,0.34986,2274
532,0.044502,0.06505180923841214,1015,0.063715,0.0702681444955853,1611,0.051602,0.09602,2298
507,0.002863,0.13547385676804075,1001,0.027857,0.11206137253379161,1567,0.006766,0.44869,2296
532,0.044502,0.06505180923841214,1010,0.048204,0.08362570274381714,1561,0.004774,0.49948,2273
512,0.005586,0.1184704339272214,961,0.000944,0.30815454978779394,1548,0.002223,0.63986,2300
520,0.014267,0.09436879441500223,989,0.011784,0.1591890450684071,1566,0.006415,0.4501,2288
533,0.048258,0.06295740354060068,1004,0.033659,0.10193759807570915,1598,0.030566,0.18239,2270
525,0.02388,0.0811894600154765,1001,0.027857,0.11206137253379161,1603,0.037519,0.14832,2298
515,0.008088,0.10898906461665049,998,0.02282,0.12284409201506367,1601,0.034595,0.15017,2293
518,0.011439,0.10004136818048001,1003,0.031643,0.1052394915244936,1595,0.026909,0.18542,2277
513,0.006334,0.11525026582437176,996,0.019844,0.1304018254689262,1580,0.013493,0.30675,2282
500,0.000991,0.16181715370253355,952,0.000352,0.36516680772409843,1537,0.001032,0.72583,2239
534,0.052241,0.0609139459038858,994,0.017146,0.1382561561189221,1588,0.019605,0.25758,2290
528,0.031587,0.07395111427328879,973,0.003098,0.23821956795561378,1570,0.008002,0.40158,2242
520,0.014267,0.09436879441500223,956,0.000556,0.33943400101766535,1534,0.000821,0.72949,2251
531,0.041003,0.06719778406910008,1013,0.05705,0.07540939284217735,1578,0.012181,0.34839,2280
515,0.008088,0.10898906461665049,983,0.007318,0.186727058016664,1578,0.012181,0.34839,2275
532,0.044502,0.06505180923841214,977,0.004388,0.21681633205714562,1595,0.026909,0.18542,2272
533,0.048258,0.06295740354060068,1011,0.051058,0.08081874884681862,1563,0.005377,0.49641,2280
515,0.008088,0.10898906461665049,984,0.007966,0.1819569959217331,1574,0.009869,0.35407,2271
534,0.052241,0.0609139459038858,967,0.001722,0.2721863629482276,1580,0.013493,0.30675,2292
524,0.02167,0.08371250648363103,1007,0.040545,0.09246325633583473,1574,0.009869,0.35407,2286
520,0.014267,0.09436879441500223,992,0.014832,0.14640728029505454,1588,0.019605,0.25758,2285
534,0.052241,0.0609139459038858,1015,0.063715,0.0702681444955853,1550,0.002533,0.59829,2292
523,0.019568,0.08629150947747893,990,0.012741,0.1548546539760021,1597,0.029314,0.18339,2300
517,0.010187,0.10296509556568055,1015,0.063715,0.0702681444955853,1544,0.00172,0.64544,2256
510,0.004268,0.1250908756684736,993,0.015952,0.14229463445134527,1597,0.029314,0.18339,2294
534,0.052241,0.0609139459038858,1006,0.038133,0.09554993085534054,1590,0.021501,0.22131,2287
522,0.017592,0.08892693333344363,975,0.00369,0.22738818989218357,1602,0.036068,0.14929,2275
509,0.00377,0.1284914524482879,983,0.007318,0.186727058016664,1549,0.002376,0.59962,2281
522,0.017592,0.08892693333344363,997,0.02129,0.12658592461451013,1554,0.00322,0.55197,2261
522,0.017592,0.08892693333344363,1000,0.026039,0.11558202443498841,1588,0.019605,0.25758,2250
514,0.007146,0.11208988336077409,992,0.014832,0.14640728029505454,1572,0.008891,0.39839,2269
529,0.034503,0.07164685292425027,994,0.017146,0.1382561561189221,1569,0.007588,0.40304,2225
507,0.002863,0.13547385676804075,988,0.010923,0.16359693617424872,1596,0.028082,0.18432,2263
515,0.008088,0.10898906461665049,984,0.007966,0.1819569959217331,1568,0.007169,0.44727,2265
531,0.041003,0.06719778406910008,981,0.006171,0.19647964118820407,1544,0.00172,0.64544,2276
501,0.001176,0.157872837837039,940,9.2e-05,0.44494097119019543,1563,0.005377,0.49641,2300
511,0.004881,0.12175058188744681,1011,0.051058,0.08081874884681862,1537,0.001032,0.72583,2244
531,0.041003,0.06719778406910008,988,0.010923,0.16359693617424872,1597,0.029314,0.18339,2294
495,0.000401,0.18243367889979958,949,0.000264,0.3848066872939196,1501,5.8e-05,0.92171,2293
534,0.052241,0.0609139459038858,976,0.004013,0.22206934473661805,1538,0.001101,0.72452,2262
528,0.031587,0.07395111427328879,985,0.008669,0.17725848744970762,1568,0.007169,0.44727,2295
509,0.00377,0.1284914524482879,1004,0.033659,0.10193759807570915,1556,0.003609,0.54886,2291
503,0.001616,0.15016478838205044,1009,0.045482,0.08650170261383684,1590,0.021501,0.22131,2252
500,0.000991,0.16181715370253355,999,0.024403,0.11917618755716608,1495,3.9e-05,0.93777,2212
516,0.009099,0.10594756054488935,999,0.024403,0.11917618755716608,1605,0.040808,0.12226,2287
527,0.028861,0.07630927785866647,983,0.007318,0.186727058016664,1602,0.036068,0.14929,2294
520,0.014267,0.09436879441500223,970,0.002319,0.2549353721501601,1556,0.003609,0.54886,2300
518,0.011439,0.10004136818048001,980,0.005703,0.20146093105263113,1562,0.005052,0.49791,2287
508,0.003275,0.1319524201119132,979,0.005218,0.20651131130799644,1569,0.007588,0.40304,2281
532,0.044502,0.06505180923841214,1016,0.067128,0.06779621344538382,1586,0.017872,0.25989,2263
534,0.052241,0.0609139459038858,996,0.019844,0.1304018254689262,1575,0.010438,0.35256,2257
520,0.014267,0.09436879441500223,1002,0.029719,0.10861396516586448,1595,0.026909,0.18542,2297
498,0.000707,0.16988549582495266,993,0.015952,0.14229463445134527,1607,0.044143,0.12065,2276
527,0.028861,0.07630927785866647,979,0.005218,0.20651131130799644,1523,0.000381,0.82997,2270
504,0.001879,0.1464013056895814,957,0.000615,0.3330936531441198,1519,0.000276,0.83347,2171
517,0.010187,0.10296509556568055,952,0.000352,0.36516680772409843,1504,8e-05,0.90518,2231
527,0.028861,0.07630927785866647,1010,0.048204,0.08362570274381714,1590,0.021501,0.22131,2297
510,0.004268,0.1250908756684736,973,0.003098,0.23821956795561378,1569,0.007588,0.40304,2276
518,0.011439,0.10004136818048001,995,0.018428,0.13429188775212894,1528,0.00054,0.79821,2260
506,0.002501,0.13905581029067357,953,0.00039,0.3586813990073307,1523,0.000381,0.82997,2205
507,0.002863,0.13547385676804075,965,0.001382,0.28396770626223383,1580,0.013493,0.30675,2272
504,0.001879,0.1464013056895814,984,0.007966,0.1819569959217331,1596,0.028082,0.18432,2268
533,0.048258,0.06295740354060068,990,0.012741,0.1548546539760021,1568,0.007169,0.44727,2299
501,0.001176,0.157872837837039,1009,0.045482,0.08650170261383684,1570,0.008002,0.40158,2267
528,0.031587,0.07395111427328879,1006,0.038133,0.09554993085534054,1606,0.042451,0.12152,2293
517,0.010187,0.10296509556568055,997,0.02129,0.12658592461451013,1589,0.020539,0.22261,2295
531,0.041003,0.06719778406910008,1008,0.042959,0.08944736102149425,1532,0.000712,0.76421,2214
527,0.028861,0.07630927785866647,996,0.019844,0.1304018254689262,1596,0.028082,0.18432,2278
524,0.02167,0.08371250648363103,980,0.005703,0.20146093105263113,1540,0.001266,0.68798,2282
523,0.019568,0.08629150947747893,1006,0.038133,0.09554993085534054,1566,0.006415,0.4501,2295
526,0.026259,0.07872188529824783,987,0.010134,0.16807804111208538,1585,0.01703,0.26134,2252
531,0.041003,0.06719778406910008,999,0.024403,0.11917618755716608,1587,0.01874,0.25879,2272
518,0.011439,0.10004136818048001,983,0.007318,0.186727058016664,1559,0.004308,0.50272,2291
524,0.02167,0.08371250648363103,1015,0.063715,0.0702681444955853,1569,0.007588,0.40304,2277
508,0.003275,0.1319524201119132,974,0.003392,0.2327719264074534,1540,0.001266,0.68798,2269
520,0.014267,0.09436879441500223,995,0.018428,0.13429188775212894,1587,0.01874,0.25879,2294
505,0.002143,0.14269829788659802,987,0.010134,0.16807804111208538,1541,0.001371,0.68676,2243
504,0.001879,0.1464013056895814,932,2.7e-05,0.49904957211526424,1518,0.000247,0.85731,2215
525,0.02388,0.0811894600154765,1006,0.038133,0.09554993085534054,1578,0.012181,0.34839,2280
534,0.052241,0.0609139459038858,986,0.009392,0.17263202146860682,1552,0.002885,0.5952,2259
531,0.041003,0.06719778406910008,982,0.00671,0.19156813642141995,1538,0.001101,0.72452,2295
523,0.019568,0.08629150947747893,979,0.005218,0.20651131130799644,1576,0.010979,0.35135,2283
529,0.034503,0.07164685292425027,985,0.008669,0.17725848744970762,1526,0.00046,0.80044,2298
530,0.037632,0.06939593476131409,981,0.006171,0.19647964118820407,1582,0.014835,0.30422,2294
504,0.001879,0.1464013056895814,992,0.014832,0.14640728029505454,1569,0.007588,0.40304,2241
515,0.008088,0.10898906461665049,993,0.015952,0.14229463445134527,1595,0.026909,0.18542,2277
524,0.02167,0.08371250648363103,997,0.02129,0.12658592461451013,1564,0.005697,0.45301,2271
522,0.017592,0.08892693333344363,967,0.001722,0.2721863629482276,1532,0.000712,0.76421,2219
531,0.041003,0.06719778406910008,1011,0.051058,0.08081874884681862,1609,0.04783,0.09745,2276
496,0.00049,0.1781919045355587,976,0.004013,0.22206934473661805,1561,0.004774,0.49948,2278
507,0.002863,0.13547385676804075,994,0.017146,0.1382561561189221,1607,0.044143,0.12065,2274
503,0.001616,0.15016478838205044,1010,0.048204,0.08362570274381714,1575,0.010438,0.35256,2287
535,0.056514,0.0589208016905911,1015,0.063715,0.0702681444955853,1567,0.006766,0.44869,2194
518,0.011439,0.10004136818048001,991,0.013703,0.15059400098504225,1592,0.023531,0.21899,2279
500,0.000991,0.16181715370253355,969,0.002092,0.2606278450050883,1573,0.009359,0.39689,2280
511,0.004881,0.12175058188744681,964,0.001244,0.2899385501920277,1565,0.006049,0.45153,2247
526,0.026259,0.07872188529824783,1006,0.038133,0.09554993085534054,1588,0.019605,0.25758,2290
502,0.001373,0.15398866884503148,995,0.018428,0.13429188775212894,1555,0.00341,0.55038,2292
531,0.041003,0.06719778406910008,980,0.005703,0.20146093105263113,1576,0.010979,0.35135,2278
534,0.052241,0.0609139459038858,977,0.004388,0.21681633205714562,1526,0.00046,0.80044,2193
521,0.015881,0.09161922121937276,994,0.017146,0.1382561561189221,1562,0.005052,0.49791,2289
531,0.041003,0.06719778406910008,981,0.006171,0.19647964118820407,1548,0.002223,0.63986,2265
513,0.006334,0.11525026582437176,980,0.005703,0.20146093105263113,1608,0.045945,0.1199,2295
535,0.056514,0.0589208016905911,986,0.009392,0.17263202146860682,1607,0.044143,0.12065,2284
532,0.044502,0.06505180923841214,983,0.007318,0.186727058016664,1562,0.005052,0.49791,2264
506,0.002501,0.13905581029067357,960,0.000843,0.3143227082258305,1545,0.001831,0.64414,2247
530,0.037632,0.06939593476131409,974,0.003392,0.2327719264074534,1593,0.0246,0.21777,2275
523,0.019568,0.08629150947747893,970,0.002319,0.2549353721501601,1602,0.036068,0.14929,2284
535,0.056514,0.0589208016905911,1014,0.06028,0.0728056174696529,1588,0.019605,0.25758,2290
511,0.004881,0.12175058188744681,950,0.000294,0.37823128228654707,1504,8e-05,0.90518,2291
525,0.02388,0.0811894600154765,1001,0.027857,0.11206137253379161,1590,0.021501,0.22131,2257
530,0.037632,0.06939593476131409,998,0.02282,0.12284409201506367,1566,0.006415,0.4501,2237
531,0.041003,0.06719778406910008,966,0.001548,0.27804984797236265,1553,0.003059,0.59378,2263
525,0.02388,0.0811894600154765,989,0.011784,0.1591890450684071,1594,0.02572,0.18643,2296
518,0.011439,0.10004136818048001,961,0.000944,0.30815454978779394,1574,0.009869,0.35407,2291
532,0.044502,0.06505180923841214,993,0.015952,0.14229463445134527,1590,0.021501,0.22131,2261
513,0.006334,0.11525026582437176,974,0.003392,0.2327719264074534,1607,0.044143,0.12065,2294
515,0.008088,0.10898906461665049,1002,0.029719,0.10861396516586448,1601,0.034595,0.15017,2278
524,0.02167,0.08371250648363103,982,0.00671,0.19156813642141995,1537,0.001032,0.72583,2249
513,0.006334,0.11525026582437176,1007,0.040545,0.09246325633583473,1582,0.014835,0.30422,2289
502,0.001373,0.15398866884503148,967,0.001722,0.2721863629482276,1555,0.00341,0.55038,2267
509,0.00377,0.1284914524482879,1009,0.045482,0.08650170261383684,1568,0.007169,0.44727,2300
528,0.031587,0.07395111427328879,980,0.005703,0.20146093105263113,1573,0.009359,0.39689,2300
518,0.011439,0.10004136818048001,976,0.004013,0.22206934473661805,1593,0.0246,0.21777,2285
531,0.041003,0.06719778406910008,1006,0.038133,0.09554993085534054,1609,0.04783,0.09745,2286
532,0.044502,0.06505180923841214,1000,0.026039,0.11558202443498841,1543,0.001585,0.68419,2235
526,0.026259,0.07872188529824783,988,0.010923,0.16359693617424872,1579,0.012812,0.30817,2256
519,0.01275,0.09717605160425771,1003,0.031643,0.1052394915244936,1592,0.023531,0.21899,2289
498,0.000707,0.16988549582495266,1009,0.045482,0.08650170261383684,1566,0.006415,0.4501,2283
520,0.014267,0.09436879441500223,966,0.001548,0.27804984797236265,1546,0.001944,0.64278,2268
532,0.044502,0.06505180923841214,974,0.003392,0.2327719264074534,1559,0.004308,0.50272,2276
530,0.037632,0.06939593476131409,984,0.007966,0.1819569959217331,1540,0.001266,0.68798,2267
522,0.017592,0.08892693333344363,999,0.024403,0.11917618755716608,1520,0.000294,0.83244,2278
517,0.010187,0.10296509556568055,996,0.019844,0.1304018254689262,1563,0.005377,0.49641,2255
516,0.009099,0.10594756054488935,1007,0.040545,0.09246325633583473,1546,0.001944,0.64278,2273
531,0.041003,0.06719778406910008,1008,0.042959,0.08944736102149425,1606,0.042451,0.12152,2288
525,0.02388,0.0811894600154765,1008,0.042959,0.08944736102149425,1598,0.030566,0.18239,2300
531,0.041003,0.06719778406910008,999,0.024403,0.11917618755716608,1581,0.014124,0.30552,2299
525,0.02388,0.0811894600154765,976,0.004013,0.22206934473661805,1583,0.015542,0.30283,2270
514,0.007146,0.11208988336077409,972,0.002811,0.2437300834521658,1563,0.005377,0.49641,2290
520,0.014267,0.09436879441500223,988,0.010923,0.16359693617424872,1555,0.00341,0.55038,2277
479,8e-06,0.2579382108342338,964,0.001244,0.2899385501920277,1496,4.1e-05,0.93734,2203
535,0.056514,0.0589208016905911,984,0.007966,0.1819569959217331,1563,0.005377,0.49641,2250
532,0.044502,0.06505180923841214,1000,0.026039,0.11558202443498841,1575,0.010438,0.35256,2252
530,0.037632,0.06939593476131409,972,0.002811,0.2437300834521658,1553,0.003059,0.59378,2285
506,0.002501,0.13905581029067357,978,0.004839,0.21163004105402708,1539,0.00118,0.68915,2256
530,0.037632,0.06939593476131409,1009,0.045482,0.08650170261383684,1604,0.039127,0.12314,2256
531,0.041003,0.06719778406910008,1008,0.042959,0.08944736102149425,1604,0.039127,0.12314,2300
516,0.009099,0.10594756054488935,956,0.000556,0.33943400101766535,1559,0.004308,0.50272,2266
528,0.031587,0.07395111427328879,1007,0.040545,0.09246325633583473,1573,0.009359,0.39689,2290
505,0.002143,0.14269829788659802,1002,0.029719,0.10861396516586448,1578,0.012181,0.34839,2300
517,0.010187,0.10296509556568055,992,0.014832,0.14640728029505454,1592,0.023531,0.21899,2259
515,0.008088,0.10898906461665049,980,0.005703,0.20146093105263113,1598,0.030566,0.18239,2295
528,0.031587,0.07395111427328879,998,0.02282,0.12284409201506367,1581,0.014124,0.30552,2229
517,0.010187,0.10296509556568055,968,0.00189,0.266378594648863,1574,0.009869,0.35407,2271
524,0.02167,0.08371250648363103,979,0.005218,0.20651131130799644,1581,0.014124,0.30552,2283
534,0.052241,0.0609139459038858,979,0.005218,0.20651131130799644,1587,0.01874,0.25879,2279
528,0.031587,0.07395111427328879,998,0.02282,0.12284409201506367,1581,0.014124,0.30552,2268
507,0.002863,0.13547385676804075,992,0.014832,0.14640728029505454,1570,0.008002,0.40158,2272
506,0.002501,0.13905581029067357,973,0.003098,0.23821956795561378,1550,0.002533,0.59829,2252
514,0.007146,0.11208988336077409,954,0.000428,0.3522296143951197,1522,0.000347,0.8308,2254
535,0.056514,0.0589208016905911,1012,0.053995,0.07808020250936908,1588,0.019605,0.25758,2275
510,0.004268,0.1250908756684736,981,0.006171,0.19647964118820407,1581,0.014124,0.30552,2288
518,0.011439,0.10004136818048001,996,0.019844,0.1304018254689262,1569,0.007588,0.40304,2291
499,0.000833,0.16582144211067898,964,0.001244,0.2899385501920277,1531,0.000666,0.76548,2238
515,0.008088,0.10898906461665049,955,0.000481,0.34581323026975197,1560,0.004523,0.50116,2227
521,0.015881,0.09161922121937276,1001,0.027857,0.11206137253379161,1544,0.00172,0.64544,2276
530,0.037632,0.06939593476131409,984,0.007966,0.1819569959217331,1599,0.0319,0.15219,2296
501,0.001176,0.157872837837039,970,0.002319,0.2549353721501601,1565,0.006049,0.45153,2282
525,0.02388,0.0811894600154765,986,0.009392,0.17263202146860682,1579,0.012812,0.30817,2256
532,0.044502,0.06505180923841214,1010,0.048204,0.08362570274381714,1573,0.009359,0.39689,2295
511,0.004881,0.12175058188744681,1001,0.027857,0.11206137253379161,1541,0.001371,0.68676,2248
512,0.005586,0.1184704339272214,988,0.010923,0.16359693617424872,1550,0.002533,0.59829,2292
530,0.037632,0.06939593476131409,984,0.007966,0.1819569959217331,1578,0.012181,0.34839,2255
508,0.003275,0.1319524201119132,976,0.004013,0.22206934473661805,1512,0.000161,0.88264,2289
488,9.5e-05,0.21374370414555238,1001,0.027857,0.11206137253379161,1563,0.005377,0.49641,2295
520,0.014267,0.09436879441500223,970,0.002319,0.2549353721501601,1609,0.04783,0.09745,2296
506,0.002501,0.13905581029067357,962,0.001048,0.30203345299501594,1577,0.011537,0.34986,2289
532,0.044502,0.06505180923841214,955,0.000481,0.34581323026975197,1521,0.000318,0.83168,2263
501,0.001176,0.157872837837039,1009,0.045482,0.08650170261383684,1588,0.019605,0.25758,2290
511,0.004881,0.12175058188744681,978,0.004839,0.21163004105402708,1545,0.001831,0.64414,2212
535,0.056514,0.0589208016905911,1014,0.06028,0.0728056174696529,1578,0.012181,0.34839,2215
528,0.031587,0.07395111427328879,1014,0.06028,0.0728056174696529,1608,0.045945,0.1199,2285
519,0.01275,0.09717605160425771,955,0.000481,0.34581323026975197,1501,5.8e-05,0.92171,2252
534,0.052241,0.0609139459038858,998,0.02282,0.12284409201506367,1589,0.020539,0.22261,2261
526,0.026259,0.07872188529824783,990,0.012741,0.1548546539760021,1571,0.008412,0.40015,2293
527,0.028861,0.07630927785866647,997,0.02129,0.12658592461451013,1565,0.006049,0.45153,2262
515,0.008088,0.10898906461665049,984,0.007966,0.1819569959217331,1599,0.0319,0.15219,2271
524,0.02167,0.08371250648363103,963,0.001144,0.29596095314786397,1524,0.000406,0.80267,2209
533,0.048258,0.06295740354060068,1001,0.027857,0.11206137253379161,1578,0.012181,0.34839,2280
502,0.001373,0.15398866884503148,991,0.013703,0.15059400098504225,1573,0.009359,0.39689,2288
535,0.056514,0.0589208016905911,975,0.00369,0.22738818989218357,1573,0.009359,0.39689,2290
525,0.02388,0.0811894600154765,1012,0.053995,0.07808020250936908,1556,0.003609,0.54886,2288
508,0.003275,0.1319524201119132,978,0.004839,0.21163004105402708,1579,0.012812,0.30817,2276
511,0.004881,0.12175058188744681,992,0.014832,0.14640728029505454,1593,0.0246,0.21777,2300
525,0.02388,0.0811894600154765,989,0.011784,0.1591890450684071,1596,0.028082,0.18432,2298
531,0.041003,0.06719778406910008,999,0.024403,0.11917618755716608,1552,0.002885,0.5952,2264
520,0.014267,0.09436879441500223,973,0.003098,0.23821956795561378,1582,0.014835,0.30422,2284
531,0.041003,0.06719778406910008,954,0.000428,0.3522296143951197,1488,2e-05,0.9596,2175
531,0.041003,0.06719778406910008,1000,0.026039,0.11558202443498841,1600,0.033204,0.15109,2297
518,0.011439,0.10004136818048001,1000,0.026039,0.11558202443498841,1546,0.001944,0.64278,2273
512,0.005586,0.1184704339272214,977,0.004388,0.21681633205714562,1592,0.023531,0.21899,2286
512,0.005586,0.1184704339272214,985,0.008669,0.17725848744970762,1581,0.014124,0.30552,2288
517,0.010187,0.10296509556568055,988,0.010923,0.16359693617424872,1567,0.006766,0.44869,2264
534,0.052241,0.0609139459038858,1009,0.045482,0.08650170261383684,1583,0.015542,0.30283,2285
508,0.003275,0.1319524201119132,978,0.004839,0.21163004105402708,1559,0.004308,0.50272,2251
520,0.014267,0.09436879441500223,983,0.007318,0.186727058016664,1539,0.00118,0.68915,2231
529,0.034503,0.07164685292425027,973,0.003098,0.23821956795561378,1554,0.00322,0.55197,2300
533,0.048258,0.06295740354060068,993,0.015952,0.14229463445134527,1512,0.000161,0.88264,2219
535,0.056514,0.0589208016905911,994,0.017146,0.1382561561189221,1553,0.003059,0.59378,2290
526,0.026259,0.07872188529824783,980,0.005703,0.20146093105263113,1573,0.009359,0.39689,2295
527,0.028861,0.07630927785866647,1005,0.03579,0.09870788939133658,1612,0.053611,0.09518,2279
528,0.031587,0.07395111427328879,996,0.019844,0.1304018254689262,1596,0.028082,0.18432,2293
508,0.003275,0.1319524201119132,989,0.011784,0.1591890450684071,1585,0.01703,0.26134,2252
522,0.017592,0.08892693333344363,1010,0.048204,0.08362570274381714,1598,0.030566,0.18239,2265
511,0.004881,0.12175058188744681,985,0.008669,0.17725848744970762,1606,0.042451,0.12152,2288
533,0.048258,0.06295740354060068,1001,0.027857,0.11206137253379161,1564,0.005697,0.45301,2281
534,0.052241,0.0609139459038858,977,0.004388,0.21681633205714562,1548,0.002223,0.63986,2245
526,0.026259,0.07872188529824783,1009,0.045482,0.08650170261383684,1584,0.016284,0.26259,2296
518,0.011439,0.10004136818048001,1000,0.026039,0.11558202443498841,1553,0.003059,0.59378,2290
513,0.006334,0.11525026582437176,977,0.004388,0.21681633205714562,1594,0.02572,0.18643,2291
516,0.009099,0.10594756054488935,968,0.00189,0.266378594648863,1605,0.040808,0.12226,2287
511,0.004881,0.12175058188744681,957,0.000615,0.3330936531441198,1550,0.002533,0.59829,2272
529,0.034503,0.07164685292425027,990,0.012741,0.1548546539760021,1536,0.000971,0.72714,2253
517,0.010187,0.10296509556568055,992,0.014832,0.14640728029505454,1554,0.00322,0.55197,2276
525,0.02388,0.0811894600154765,968,0.00189,0.266378594648863,1513,0.000174,0.88183,2297
520,0.014267,0.09436879441500223,1003,0.031643,0.1052394915244936,1568,0.007169,0.44727,2270
530,0.037632,0.06939593476131409,988,0.010923,0.16359693617424872,1559,0.004308,0.50272,2286
529,0.034503,0.07164685292425027,960,0.000843,0.3143227082258305,1578,0.012181,0.34839,2255
519,0.01275,0.09717605160425771,1012,0.053995,0.07808020250936908,1592,0.023531,0.21899,2294
513,0.006334,0.11525026582437176,1000,0.026039,0.11558202443498841,1591,0.022435,0.22018,2293
494,0.000337,0.18673405706935078,968,0.00189,0.266378594648863,1595,0.026909,0.18542,2282
534,0.052241,0.0609139459038858,989,0.011784,0.1591890450684071,1607,0.044143,0.12065,2299
524,0.02167,0.08371250648363103,989,0.011784,0.1591890450684071,1582,0.014835,0.30422,2283
531,0.041003,0.06719778406910008,972,0.002811,0.2437300834521658,1517,0.000227,0.85809,2240
526,0.026259,0.07872188529824783,981,0.006171,0.19647964118820407,1564,0.005697,0.45301,2276
521,0.015881,0.09161922121937276,978,0.004839,0.21163004105402708,1574,0.009869,0.35407,2266
511,0.004881,0.12175058188744681,986,0.009392,0.17263202146860682,1575,0.010438,0.35256,2282
515,0.008088,0.10898906461665049,976,0.004013,0.22206934473661805,1554,0.00322,0.55197,2256
522,0.017592,0.08892693333344363,988,0.010923,0.16359693617424872,1559,0.004308,0.50272,2266
525,0.02388,0.0811894600154765,996,0.019844,0.1304018254689262,1585,0.01703,0.26134,2262
516,0.009099,0.10594756054488935,961,0.000944,0.30815454978779394,1531,0.000666,0.76548,2288
516,0.009099,0.10594756054488935,979,0.005218,0.20651131130799644,1550,0.002533,0.59829,2272
525,0.02388,0.0811894600154765,1011,0.051058,0.08081874884681862,1609,0.04783,0.09745,2288
508,0.003275,0.1319524201119132,956,0.000556,0.33943400101766535,1574,0.009869,0.35407,2281
501,0.001176,0.157872837837039,958,0.000679,0.32679388198607784,1564,0.005697,0.45301,2291
511,0.004881,0.12175058188744681,1001,0.027857,0.11206137253379161,1599,0.0319,0.15219,2294
535,0.056514,0.0589208016905911,991,0.013703,0.15059400098504225,1583,0.015542,0.30283,2295
530,0.037632,0.06939593476131409,982,0.00671,0.19156813642141995,1610,0.049684,0.09661,2257
503,0.001616,0.15016478838205044,969,0.002092,0.2606278450050883,1570,0.008002,0.40158,2282
534,0.052241,0.0609139459038858,1003,0.031643,0.1052394915244936,1542,0.001472,0.68557,2264
528,0.031587,0.07395111427328879,1014,0.06028,0.0728056174696529,1561,0.004774,0.49948,2248
512,0.005586,0.1184704339272214,985,0.008669,0.17725848744970762,1576,0.010979,0.35135,2263
518,0.011439,0.10004136818048001,1004,0.033659,0.10193759807570915,1614,0.057732,0.07535,2291
501,0.001176,0.157872837837039,966,0.001548,0.27804984797236265,1543,0.001585,0.68419,2242
531,0.041003,0.06719778406910008,1012,0.053995,0.07808020250936908,1600,0.033204,0.15109,2297
509,0.00377,0.1284914524482879,1015,0.063715,0.0702681444955853,1580,0.013493,0.30675,2287
530,0.037632,0.06939593476131409,1000,0.026039,0.11558202443498841,1592,0.023531,0.21899,2239
532,0.044502,0.06505180923841214,997,0.02129,0.12658592461451013,1602,0.036068,0.14929,2284
530,0.037632,0.06939593476131409,1009,0.045482,0.08650170261383684,1616,0.062132,0.07412,2253
525,0.02388,0.0811894600154765,1001,0.027857,0.11206137253379161,1577,0.011537,0.34986,2234
518,0.011439,0.10004136818048001,991,0.013703,0.15059400098504225,1584,0.016284,0.26259,2231
530,0.037632,0.06939593476131409,992,0.014832,0.14640728029505454,1567,0.006766,0.44869,2289
519,0.01275,0.09717605160425771,970,0.002319,0.2549353721501601,1598,0.030566,0.18239,2290
522,0.017592,0.08892693333344363,968,0.00189,0.266378594648863,1569,0.007588,0.40304,2266
531,0.041003,0.06719778406910008,988,0.010923,0.16359693617424872,1573,0.009359,0.39689,2230
533,0.048258,0.06295740354060068,989,0.011784,0.1591890450684071,1578,0.012181,0.34839,2280
521,0.015881,0.09161922121937276,970,0.002319,0.2549353721501601,1563,0.005377,0.49641,2275
523,0.019568,0.08629150947747893,993,0.015952,0.14229463445134527,1523,0.000381,0.82997,2250
530,0.037632,0.06939593476131409,989,0.011784,0.1591890450684071,1550,0.002533,0.59829,2297
532,0.044502,0.06505180923841214,1007,0.040545,0.09246325633583473,1559,0.004308,0.50272,2266
534,0.052241,0.0609139459038858,987,0.010134,0.16807804111208538,1550,0.002533,0.59829,2282
523,0.019568,0.08629150947747893,1009,0.045482,0.08650170261383684,1582,0.014835,0.30422,2294
532,0.044502,0.06505180923841214,984,0.007966,0.1819569959217331,1591,0.022435,0.22018,2278
508,0.003275,0.1319524201119132,960,0.000843,0.3143227082258305,1565,0.006049,0.45153,2292
526,0.026259,0.07872188529824783,997,0.02129,0.12658592461451013,1547,0.002073,0.64148,2228
514,0.007146,0.11208988336077409,970,0.002319,0.2549353721501601,1616,0.062132,0.07412,2298
529,0.034503,0.07164685292425027,1013,0.05705,0.07540939284217735,1584,0.016284,0.26259,2281
524,0.02167,0.08371250648363103,994,0.017146,0.1382561561189221,1585,0.01703,0.26134,2292
528,0.031587,0.07395111427328879,1008,0.042959,0.08944736102149425,1560,0.004523,0.50116,2252
530,0.037632,0.06939593476131409,1002,0.029719,0.10861396516586448,1605,0.040808,0.12226,2297
534,0.052241,0.0609139459038858,983,0.007318,0.186727058016664,1560,0.004523,0.50116,2257
518,0.011439,0.10004136818048001,998,0.02282,0.12284409201506367,1519,0.000276,0.83347,2251
528,0.031587,0.07395111427328879,998,0.02282,0.12284409201506367,1562,0.005052,0.49791,2293
520,0.014267,0.09436879441500223,1000,0.026039,0.11558202443498841,1581,0.014124,0.30552,2253
530,0.037632,0.06939593476131409,972,0.002811,0.2437300834521658,1564,0.005697,0.45301,2287
533,0.048258,0.06295740354060068,988,0.010923,0.16359693617424872,1568,0.007169,0.44727,2265
525,0.02388,0.0811894600154765,959,0.000756,0.3205363547882977,1562,0.005052,0.49791,2254
534,0.052241,0.0609139459038858,983,0.007318,0.186727058016664,1583,0.015542,0.30283,2260
510,0.004268,0.1250908756684736,980,0.005703,0.20146093105263113,1582,0.014835,0.30422,2234
521,0.015881,0.09161922121937276,1003,0.031643,0.1052394915244936,1572,0.008891,0.39839,2294
532,0.044502,0.06505180923841214,954,0.000428,0.3522296143951197,1583,0.015542,0.30283,2260
512,0.005586,0.1184704339272214,980,0.005703,0.20146093105263113,1542,0.001472,0.68557,2299
527,0.028861,0.07630927785866647,990,0.012741,0.1548546539760021,1607,0.044143,0.12065,2234
517,0.010187,0.10296509556568055,986,0.009392,0.17263202146860682,1578,0.012181,0.34839,2270
524,0.02167,0.08371250648363103,976,0.004013,0.22206934473661805,1596,0.028082,0.18432,2278
531,0.041003,0.06719778406910008,1011,0.051058,0.08081874884681862,1567,0.006766,0.44869,2294
535,0.056514,0.0589208016905911,1013,0.05705,0.07540939284217735,1592,0.023531,0.21899,2294
530,0.037632,0.06939593476131409,969,0.002092,0.2606278450050883,1542,0.001472,0.68557,2274
503,0.001616,0.15016478838205044,984,0.007966,0.1819569959217331,1562,0.005052,0.49791,2289
530,0.037632,0.06939593476131409,1001,0.027857,0.11206137253379161,1549,0.002376,0.59962,2291
512,0.005586,0.1184704339272214,988,0.010923,0.16359693617424872,1598,0.030566,0.18239,2265
514,0.007146,0.11208988336077409,986,0.009392,0.17263202146860682,1515,0.000198,0.85989,2292
532,0.044502,0.06505180923841214,985,0.008669,0.17725848744970762,1594,0.02572,0.18643,2281
527,0.028861,0.07630927785866647,1010,0.048204,0.08362570274381714,1521,0.000318,0.83168,2218
512,0.005586,0.1184704339272214,1010,0.048204,0.08362570274381714,1539,0.00118,0.68915,2266
529,0.034503,0.07164685292425027,986,0.009392,0.17263202146860682,1583,0.015542,0.30283,2265
526,0.026259,0.07872188529824783,985,0.008669,0.17725848744970762,1550,0.002533,0.59829,2291
522,0.017592,0.08892693333344363,1014,0.06028,0.0728056174696529,1557,0.00386,0.54722,2289
526,0.026259,0.07872188529824783,1008,0.042959,0.08944736102149425,1551,0.002709,0.5966,2283
522,0.017592,0.08892693333344363,1001,0.027857,0.11206137253379161,1551,0.002709,0.5966,2258
520,0.014267,0.09436879441500223,983,0.007318,0.186727058016664,1572,0.008891,0.39839,2274
523,0.019568,0.08629150947747893,990,0.012741,0.1548546539760021,1541,0.001371,0.68676,2248
501,0.001176,0.157872837837039,994,0.017146,0.1382561561189221,1589,0.020539,0.22261,2274
516,0.009099,0.10594756054488935,947,0.000198,0.3980345242726012,1503,7e-05,0.9206,2205
534,0.052241,0.0609139459038858,1004,0.033659,0.10193759807570915,1575,0.010438,0.35256,2262
534,0.052241,0.0609139459038858,996,0.019844,0.1304018254689262,1556,0.003609,0.54886,2268
519,0.01275,0.09717605160425771,987,0.010134,0.16807804111208538,1569,0.007588,0.40304,2283
530,0.037632,0.06939593476131409,981,0.006171,0.19647964118820407,1563,0.005377,0.49641,2285
518,0.011439,0.10004136818048001,996,0.019844,0.1304018254689262,1543,0.001585,0.68419,2260
535,0.056514,0.0589208016905911,993,0.015952,0.14229463445134527,1584,0.016284,0.26259,2266
514,0.007146,0.11208988336077409,975,0.00369,0.22738818989218357,1544,0.00172,0.64544,2279
524,0.02167,0.08371250648363103,1000,0.026039,0.11558202443498841,1586,0.017872,0.25989,2243
524,0.02167,0.08371250648363103,999,0.024403,0.11917618755716608,1552,0.002885,0.5952,2269
517,0.010187,0.10296509556568055,968,0.00189,0.266378594648863,1563,0.005377,0.49641,2271
532,0.044502,0.06505180923841214,988,0.010923,0.16359693617424872,1595,0.026909,0.18542,2277
529,0.034503,0.07164685292425027,1008,0.042959,0.08944736102149425,1549,0.002376,0.59962,2241
527,0.028861,0.07630927785866647,992,0.014832,0.14640728029505454,1604,0.039127,0.12314,2286
517,0.010187,0.10296509556568055,991,0.013703,0.15059400098504225,1607,0.044143,0.12065,2289
532,0.044502,0.06505180923841214,999,0.024403,0.11917618755716608,1580,0.013493,0.30675,2277
523,0.019568,0.08629150947747893,986,0.009392,0.17263202146860682,1589,0.020539,0.22261,2291
535,0.056514,0.0589208016905911,987,0.010134,0.16807804111208538,1552,0.002885,0.5952,2274
534,0.052241,0.0609139459038858,1009,0.045482,0.08650170261383684,1601,0.034595,0.15017,2298
512,0.005586,0.1184704339272214,996,0.019844,0.1304018254689262,1554,0.00322,0.55197,2276
518,0.011439,0.10004136818048001,972,0.002811,0.2437300834521658,1574,0.009869,0.35407,2291
498,0.000707,0.16988549582495266,973,0.003098,0.23821956795561378,1612,0.053611,0.09518,2284
505,0.002143,0.14269829788659802,993,0.015952,0.14229463445134527,1560,0.004523,0.50116,2270
515,0.008088,0.10898906461665049,979,0.005218,0.20651131130799644,1607,0.044143,0.12065,2289
526,0.026259,0.07872188529824783,976,0.004013,0.22206934473661805,1537,0.001032,0.72583,2264
513,0.006334,0.11525026582437176,977,0.004388,0.21681633205714562,1557,0.00386,0.54722,2249
513,0.006334,0.11525026582437176,980,0.005703,0.20146093105263113,1540,0.001266,0.68798,2222
513,0.006334,0.11525026582437176,1001,0.027857,0.11206137253379161,1561,0.004774,0.49948,2258
491,0.000191,0.19998290530061782,944,0.00014,0.41804049157208395,1552,0.002885,0.5952,2252
516,0.009099,0.10594756054488935,996,0.019844,0.1304018254689262,1586,0.017872,0.25989,2278
519,0.01275,0.09717605160425771,1013,0.05705,0.07540939284217735,1611,0.051602,0.09602,2280
528,0.031587,0.07395111427328879,972,0.002811,0.2437300834521658,1543,0.001585,0.68419,2275
533,0.048258,0.06295740354060068,966,0.001548,0.27804984797236265,1570,0.008002,0.40158,2287
518,0.011439,0.10004136818048001,977,0.004388,0.21681633205714562,1544,0.00172,0.64544,2241
514,0.007146,0.11208988336077409,969,0.002092,0.2606278450050883,1565,0.006049,0.45153,2287
523,0.019568,0.08629150947747893,984,0.007966,0.1819569959217331,1540,0.001266,0.68798,2292
515,0.008088,0.10898906461665049,1016,0.067128,0.06779621344538382,1591,0.022435,0.22018,2268
527,0.028861,0.07630927785866647,1004,0.033659,0.10193759807570915,1578,0.012181,0.34839,2280
504,0.001879,0.1464013056895814,974,0.003392,0.2327719264074534,1598,0.030566,0.18239,2294
519,0.01275,0.09717605160425771,992,0.014832,0.14640728029505454,1604,0.039127,0.12314,2281
511,0.004881,0.12175058188744681,949,0.000264,0.3848066872939196,1551,0.002709,0.5966,2278
524,0.02167,0.08371250648363103,956,0.000556,0.33943400101766535,1543,0.001585,0.68419,2235
518,0.011439,0.10004136818048001,988,0.010923,0.16359693617424872,1613,0.055648,0.09458,2295
527,0.028861,0.07630927785866647,979,0.005218,0.20651131130799644,1561,0.004774,0.49948,2298
532,0.044502,0.06505180923841214,983,0.007318,0.186727058016664,1603,0.037519,0.14832,2300
526,0.026259,0.07872188529824783,1011,0.051058,0.08081874884681862,1608,0.045945,0.1199,2235
530,0.037632,0.06939593476131409,977,0.004388,0.21681633205714562,1565,0.006049,0.45153,2262
515,0.008088,0.10898906461665049,984,0.007966,0.1819569959217331,1590,0.021501,0.22131,2292
520,0.014267,0.09436879441500223,980,0.005703,0.20146093105263113,1527,0.000498,0.79927,2271
514,0.007146,0.11208988336077409,978,0.004839,0.21163004105402708,1556,0.003609,0.54886,2278
530,0.037632,0.06939593476131409,1001,0.027857,0.11206137253379161,1575,0.010438,0.35256,2242
520,0.014267,0.09436879441500223,991,0.013703,0.15059400098504225,1600,0.033204,0.15109,2297
517,0.010187,0.10296509556568055,991,0.013703,0.15059400098504225,1542,0.001472,0.68557,2269
514,0.007146,0.11208988336077409,966,0.001548,0.27804984797236265,1533,0.000768,0.76307,2265
524,0.02167,0.08371250648363103,984,0.007966,0.1819569959217331,1589,0.020539,0.22261,2299
529,0.034503,0.07164685292425027,1015,0.063715,0.0702681444955853,1563,0.005377,0.49641,2280
535,0.056514,0.0589208016905911,996,0.019844,0.1304018254689262,1578,0.012181,0.34839,2290
526,0.026259,0.07872188529824783,996,0.019844,0.1304018254689262,1607,0.044143,0.12065,2264
528,0.031587,0.07395111427328879,964,0.001244,0.2899385501920277,1605,0.040808,0.12226,2258
530,0.037632,0.06939593476131409,1005,0.03579,0.09870788939133658,1607,0.044143,0.12065,2284
534,0.052241,0.0609139459038858,960,0.000843,0.3143227082258305,1551,0.002709,0.5966,2278
524,0.02167,0.08371250648363103,961,0.000944,0.30815454978779394,1545,0.001831,0.64414,2272
514,0.007146,0.11208988336077409,960,0.000843,0.3143227082258305,1564,0.005697,0.45301,2273
499,0.000833,0.16582144211067898,942,0.000107,0.4314649222194688,1514,0.000187,0.86075,2271
515,0.008088,0.10898906461665049,982,0.00671,0.19156813642141995,1599,0.0319,0.15219,2286
534,0.052241,0.0609139459038858,971,0.002533,0.2493023934405924,1563,0.005377,0.49641,2280
504,0.001879,0.1464013056895814,965,0.001382,0.28396770626223383,1595,0.026909,0.18542,2240
485,4.7e-05,0.22800182754911544,1004,0.033659,0.10193759807570915,1558,0.004082,0.54556,2265
533,0.048258,0.06295740354060068,1011,0.051058,0.08081874884681862,1550,0.002533,0.59829,2272
535,0.056514,0.0589208016905911,1000,0.026039,0.11558202443498841,1566,0.006415,0.4501,2278
526,0.026259,0.07872188529824783,1002,0.029719,0.10861396516586448,1585,0.01703,0.26134,2272
525,0.02388,0.0811894600154765,996,0.019844,0.1304018254689262,1610,0.049684,0.09661,2262
510,0.004268,0.1250908756684736,998,0.02282,0.12284409201506367,1602,0.036068,0.14929,2289
527,0.028861,0.07630927785866647,981,0.006171,0.19647964118820407,1555,0.00341,0.55038,2238
519,0.01275,0.09717605160425771,996,0.019844,0.1304018254689262,1582,0.014835,0.30422,2274
509,0.00377,0.1284914524482879,952,0.000352,0.36516680772409843,1557,0.00386,0.54722,2259
517,0.010187,0.10296509556568055,985,0.008669,0.17725848744970762,1559,0.004308,0.50272,2240
523,0.019568,0.08629150947747893,981,0.006171,0.19647964118820407,1547,0.002073,0.64148,2274
527,0.028861,0.07630927785866647,990,0.012741,0.1548546539760021,1569,0.007588,0.40304,2286
528,0.031587,0.07395111427328879,969,0.002092,0.2606278450050883,1569,0.007588,0.40304,2286
534,0.052241,0.0609139459038858,1002,0.029719,0.10861396516586448,1567,0.006766,0.44869,2289
520,0.014267,0.09436879441500223,1011,0.051058,0.08081874884681862,1539,0.00118,0.68915,2256
535,0.056514,0.0589208016905911,1008,0.042959,0.08944736102149425,1579,0.012812,0.30817,2286
518,0.011439,0.10004136818048001,963,0.001144,0.29596095314786397,1565,0.006049,0.45153,2277
508,0.003275,0.1319524201119132,961,0.000944,0.30815454978779394,1593,0.0246,0.21777,2290
533,0.048258,0.06295740354060068,1016,0.067128,0.06779621344538382,1601,0.034595,0.15017,2278
525,0.02388,0.0811894600154765,973,0.003098,0.23821956795561378,1556,0.003609,0.54886,2258
519,0.01275,0.09717605160425771,1003,0.031643,0.1052394915244936,1586,0.017872,0.25989,2296
527,0.028861,0.07630927785866647,989,0.011784,0.1591890450684071,1569,0.007588,0.40304,2281
528,0.031587,0.07395111427328879,996,0.019844,0.1304018254689262,1571,0.008412,0.40015,2294
522,0.017592,0.08892693333344363,987,0.010134,0.16807804111208538,1538,0.001101,0.72452,2230
523,0.019568,0.08629150947747893,989,0.011784,0.1591890450684071,1560,0.004523,0.50116,2297
528,0.031587,0.07395111427328879,1007,0.040545,0.09246325633583473,1567,0.006766,0.44869,2274
529,0.034503,0.07164685292425027,979,0.005218,0.20651131130799644,1555,0.00341,0.55038,2299
530,0.037632,0.06939593476131409,991,0.013703,0.15059400098504225,1569,0.007588,0.40304,2291
528,0.031587,0.07395111427328879,1004,0.033659,0.10193759807570915,1599,0.0319,0.15219,2266
528,0.031587,0.07395111427328879,972,0.002811,0.2437300834521658,1548,0.002223,0.63986,2255
532,0.044502,0.06505180923841214,1015,0.063715,0.0702681444955853,1609,0.04783,0.09745,2281
534,0.052241,0.0609139459038858,968,0.00189,0.266378594648863,1544,0.00172,0.64544,2266
522,0.017592,0.08892693333344363,1003,0.031643,0.1052394915244936,1597,0.029314,0.18339,2284
520,0.014267,0.09436879441500223,977,0.004388,0.21681633205714562,1526,0.00046,0.80044,2278
502,0.001373,0.15398866884503148,950,0.000294,0.37823128228654707,1536,0.000971,0.72714,2286
507,0.002863,0.13547385676804075,1006,0.038133,0.09554993085534054,1609,0.04783,0.09745,2276
509,0.00377,0.1284914524482879,979,0.005218,0.20651131130799644,1532,0.000712,0.76421,2199
533,0.048258,0.06295740354060068,1000,0.026039,0.11558202443498841,1602,0.036068,0.14929,2284
500,0.000991,0.16181715370253355,1001,0.027857,0.11206137253379161,1617,0.064436,0.07357,2289
531,0.041003,0.06719778406910008,1004,0.033659,0.10193759807570915,1603,0.037519,0.14832,2300
527,0.028861,0.07630927785866647,1007,0.040545,0.09246325633583473,1547,0.002073,0.64148,2229
531,0.041003,0.06719778406910008,992,0.014832,0.14640728029505454,1533,0.000768,0.76307,2245
506,0.002501,0.13905581029067357,1007,0.040545,0.09246325633583473,1579,0.012812,0.30817,2276
532,0.044502,0.06505180923841214,973,0.003098,0.23821956795561378,1594,0.02572,0.18643,2291
524,0.02167,0.08371250648363103,998,0.02282,0.12284409201506367,1584,0.016284,0.26259,2286
511,0.004881,0.12175058188744681,965,0.001382,0.28396770626223383,1558,0.004082,0.54556,2270
509,0.00377,0.1284914524482879,991,0.013703,0.15059400098504225,1591,0.022435,0.22018,2263
533,0.048258,0.06295740354060068,978,0.004839,0.21163004105402708,1576,0.010979,0.35135,2286
531,0.041003,0.06719778406910008,948,0.000231,0.3914083937021998,1559,0.004308,0.50272,2286
529,0.034503,0.07164685292425027,1002,0.029719,0.10861396516586448,1608,0.045945,0.1199,2295
526,0.026259,0.07872188529824783,1006,0.038133,0.09554993085534054,1611,0.051602,0.09602,2263
516,0.009099,0.10594756054488935,985,0.008669,0.17725848744970762,1555,0.00341,0.55038,2247
515,0.008088,0.10898906461665049,978,0.004839,0.21163004105402708,1552,0.002885,0.5952,2254
509,0.00377,0.1284914524482879,996,0.019844,0.1304018254689262,1566,0.006415,0.4501,2243
515,0.008088,0.10898906461665049,994,0.017146,0.1382561561189221,1588,0.019605,0.25758,2300
527,0.028861,0.07630927785866647,987,0.010134,0.16807804111208538,1585,0.01703,0.26134,2292
528,0.031587,0.07395111427328879,1016,0.067128,0.06779621344538382,1567,0.006766,0.44869,2249
512,0.005586,0.1184704339272214,933,3.4e-05,0.492288536606687,1558,0.004082,0.54556,2275
520,0.014267,0.09436879441500223,1007,0.040545,0.09246325633583473,1582,0.014835,0.30422,2284
481,1.6e-05,0.24775598735528612,957,0.000615,0.3330936531441198,1529,0.000576,0.76786,2221
489,0.000122,0.20910073511053187,1000,0.026039,0.11558202443498841,1600,0.033204,0.15109,2292
532,0.044502,0.06505180923841214,1009,0.045482,0.08650170261383684,1564,0.005697,0.45301,2271
512,0.005586,0.1184704339272214,978,0.004839,0.21163004105402708,1576,0.010979,0.35135,2248
511,0.004881,0.12175058188744681,965,0.001382,0.28396770626223383,1581,0.014124,0.30552,2260
529,0.034503,0.07164685292425027,1002,0.029719,0.10861396516586448,1564,0.005697,0.45301,2261
524,0.02167,0.08371250648363103,1007,0.040545,0.09246325633583473,1578,0.012181,0.34839,2285
531,0.041003,0.06719778406910008,1000,0.026039,0.11558202443498841,1537,0.001032,0.72583,2249
533,0.048258,0.06295740354060068,1004,0.033659,0.10193759807570915,1576,0.010979,0.35135,2268
534,0.052241,0.0609139459038858,977,0.004388,0.21681633205714562,1577,0.011537,0.34986,2249
520,0.014267,0.09436879441500223,958,0.000679,0.32679388198607784,1581,0.014124,0.30552,2253
527,0.028861,0.07630927785866647,982,0.00671,0.19156813642141995,1570,0.008002,0.40158,2287
523,0.019568,0.08629150947747893,997,0.02129,0.12658592461451013,1616,0.062132,0.07412,2273
523,0.019568,0.08629150947747893,1016,0.067128,0.06779621344538382,1550,0.002533,0.59829,2252
513,0.006334,0.11525026582437176,982,0.00671,0.19156813642141995,1536,0.000971,0.72714,2278
521,0.015881,0.09161922121937276,990,0.012741,0.1548546539760021,1571,0.008412,0.40015,2228
512,0.005586,0.1184704339272214,967,0.001722,0.2721863629482276,1588,0.019605,0.25758,2285
529,0.034503,0.07164685292425027,997,0.02129,0.12658592461451013,1535,0.000895,0.72837,2272
527,0.028861,0.07630927785866647,992,0.014832,0.14640728029505454,1582,0.014835,0.30422,2299
498,0.000707,0.16988549582495266,972,0.002811,0.2437300834521658,1550,0.002533,0.59829,2271
518,0.011439,0.10004136818048001,961,0.000944,0.30815454978779394,1532,0.000712,0.76421,2244
507,0.002863,0.13547385676804075,980,0.005703,0.20146093105263113,1559,0.004308,0.50272,2286
526,0.026259,0.07872188529824783,1002,0.029719,0.10861396516586448,1565,0.006049,0.45153,2241
527,0.028861,0.07630927785866647,978,0.004839,0.21163004105402708,1578,0.012181,0.34839,2280
534,0.052241,0.0609139459038858,1009,0.045482,0.08650170261383684,1604,0.039127,0.12314,2291
512,0.005586,0.1184704339272214,985,0.008669,0.17725848744970762,1519,0.000276,0.83347,2206
518,0.011439,0.10004136818048001,997,0.02129,0.12658592461451013,1558,0.004082,0.54556,2265
534,0.052241,0.0609139459038858,987,0.010134,0.16807804111208538,1607,0.044143,0.12065,2294
518,0.011439,0.10004136818048001,1008,0.042959,0.08944736102149425,1607,0.044143,0.12065,2284
484,3.6e-05,0.23286213723941201,990,0.012741,0.1548546539760021,1583,0.015542,0.30283,2285
514,0.007146,0.11208988336077409,981,0.006171,0.19647964118820407,1561,0.004774,0.49948,2228
503,0.001616,0.15016478838205044,955,0.000481,0.34581323026975197,1595,0.026909,0.18542,2292
514,0.007146,0.11208988336077409,988,0.010923,0.16359693617424872,1610,0.049684,0.09661,2297
532,0.044502,0.06505180923841214,985,0.008669,0.17725848744970762,1557,0.00386,0.54722,2272
508,0.003275,0.1319524201119132,939,8.1e-05,0.4516934879135729,1503,7e-05,0.9206,2225
499,0.000833,0.16582144211067898,916,1e-06,0.605084925146252,1540,0.001266,0.68798,2242
532,0.044502,0.06505180923841214,1013,0.05705,0.07540939284217735,1593,0.0246,0.21777,2260
535,0.056514,0.0589208016905911,988,0.010923,0.16359693617424872,1587,0.01874,0.25879,2264
509,0.00377,0.1284914524482879,985,0.008669,0.17725848744970762,1572,0.008891,0.39839,2273
528,0.031587,0.07395111427328879,1007,0.040545,0.09246325633583473,1585,0.01703,0.26134,2297
535,0.056514,0.0589208016905911,981,0.006171,0.19647964118820407,1599,0.0319,0.15219,2271
531,0.041003,0.06719778406910008,992,0.014832,0.14640728029505454,1600,0.033204,0.15109,2287
493,0.000287,0.19109266493958718,976,0.004013,0.22206934473661805,1532,0.000712,0.76421,2229
501,0.001176,0.157872837837039,982,0.00671,0.19156813642141995,1584,0.016284,0.26259,2294
532,0.044502,0.06505180923841214,993,0.015952,0.14229463445134527,1596,0.028082,0.18432,2283
512,0.005586,0.1184704339272214,989,0.011784,0.1591890450684071,1549,0.002376,0.59962,2286
527,0.028861,0.07630927785866647,995,0.018428,0.13429188775212894,1549,0.002376,0.59962,2281
497,0.000587,0.17400907450419242,962,0.001048,0.30203345299501594,1530,0.000623,0.76669,2262
534,0.052241,0.0609139459038858,1014,0.06028,0.0728056174696529,1611,0.051602,0.09602,2288
503,0.001616,0.15016478838205044,963,0.001144,0.29596095314786397,1527,0.000498,0.79927,2229
526,0.026259,0.07872188529824783,1007,0.040545,0.09246325633583473,1572,0.008891,0.39839,2259
525,0.02388,0.0811894600154765,960,0.000843,0.3143227082258305,1543,0.001585,0.68419,2250
498,0.000707,0.16988549582495266,991,0.013703,0.15059400098504225,1580,0.013493,0.30675,2262
526,0.026259,0.07872188529824783,976,0.004013,0.22206934473661805,1557,0.00386,0.54722,2264
531,0.041003,0.06719778406910008,990,0.012741,0.1548546539760021,1555,0.00341,0.55038,2297
535,0.056514,0.0589208016905911,994,0.017146,0.1382561561189221,1602,0.036068,0.14929,2274
526,0.026259,0.07872188529824783,982,0.00671,0.19156813642141995,1546,0.001944,0.64278,2298
512,0.005586,0.1184704339272214,967,0.001722,0.2721863629482276,1534,0.000821,0.72949,2237
514,0.007146,0.11208988336077409,971,0.002533,0.2493023934405924,1592,0.023531,0.21899,2299
522,0.017592,0.08892693333344363,996,0.019844,0.1304018254689262,1563,0.005377,0.49641,2275
518,0.011439,0.10004136818048001,985,0.008669,0.17725848744970762,1557,0.00386,0.54722,2279
502,0.001373,0.15398866884503148,985,0.008669,0.17725848744970762,1558,0.004082,0.54556,2255
517,0.010187,0.10296509556568055,980,0.005703,0.20146093105263113,1558,0.004082,0.54556,2280
506,0.002501,0.13905581029067357,976,0.004013,0.22206934473661805,1581,0.014124,0.30552,2248
501,0.001176,0.157872837837039,960,0.000843,0.3143227082258305,1538,0.001101,0.72452,2290
519,0.01275,0.09717605160425771,991,0.013703,0.15059400098504225,1553,0.003059,0.59378,2300
503,0.001616,0.15016478838205044,992,0.014832,0.14640728029505454,1595,0.026909,0.18542,2287
522,0.017592,0.08892693333344363,948,0.000231,0.3914083937021998,1508,0.000112,0.90257,2240
512,0.005586,0.1184704339272214,966,0.001548,0.27804984797236265,1545,0.001831,0.64414,2257
526,0.026259,0.07872188529824783,990,0.012741,0.1548546539760021,1572,0.008891,0.39839,2284
533,0.048258,0.06295740354060068,982,0.00671,0.19156813642141995,1541,0.001371,0.68676,2253
523,0.019568,0.08629150947747893,1006,0.038133,0.09554993085534054,1573,0.009359,0.39689,2245
534,0.052241,0.0609139459038858,1016,0.067128,0.06779621344538382,1605,0.040808,0.12226,2272
523,0.019568,0.08629150947747893,1011,0.051058,0.08081874884681862,1592,0.023531,0.21899,2297
522,0.017592,0.08892693333344363,998,0.02282,0.12284409201506367,1555,0.00341,0.55038,2292
533,0.048258,0.06295740354060068,995,0.018428,0.13429188775212894,1564,0.005697,0.45301,2246
535,0.056514,0.0589208016905911,1002,0.029719,0.10861396516586448,1602,0.036068,0.14929,2285
516,0.009099,0.10594756054488935,955,0.000481,0.34581323026975197,1541,0.001371,0.68676,2283
524,0.02167,0.08371250648363103,988,0.010923,0.16359693617424872,1553,0.003059,0.59378,2295
530,0.037632,0.06939593476131409,1003,0.031643,0.1052394915244936,1592,0.023531,0.21899,2264
527,0.028861,0.07630927785866647,999,0.024403,0.11917618755716608,1583,0.015542,0.30283,2285
522,0.017592,0.08892693333344363,1016,0.067128,0.06779621344538382,1585,0.01703,0.26134,2277
512,0.005586,0.1184704339272214,1001,0.027857,0.11206137253379161,1576,0.010979,0.35135,2293
520,0.014267,0.09436879441500223,988,0.010923,0.16359693617424872,1536,0.000971,0.72714,2223
517,0.010187,0.10296509556568055,947,0.000198,0.3980345242726012,1555,0.00341,0.55038,2242
520,0.014267,0.09436879441500223,983,0.007318,0.186727058016664,1576,0.010979,0.35135,2268
502,0.001373,0.15398866884503148,986,0.009392,0.17263202146860682,1536,0.000971,0.72714,2251
527,0.028861,0.07630927785866647,1008,0.042959,0.08944736102149425,1599,0.0319,0.15219,2281
521,0.015881,0.09161922121937276,943,0.000125,0.4247452836207227,1481,1.1e-05,0.96886,2233
524,0.02167,0.08371250648363103,985,0.008669,0.17725848744970762,1582,0.014835,0.30422,2290
506,0.002501,0.13905581029067357,956,0.000556,0.33943400101766535,1579,0.012812,0.30817,2271
534,0.052241,0.0609139459038858,1001,0.027857,0.11206137253379161,1559,0.004308,0.50272,2231
523,0.019568,0.08629150947747893,988,0.010923,0.16359693617424872,1552,0.002885,0.5952,2239
530,0.037632,0.06939593476131409,986,0.009392,0.17263202146860682,1612,0.053611,0.09518,2294
505,0.002143,0.14269829788659802,960,0.000843,0.3143227082258305,1540,0.001266,0.68798,2292
530,0.037632,0.06939593476131409,955,0.000481,0.34581323026975197,1581,0.014124,0.30552,2278
532,0.044502,0.06505180923841214,955,0.000481,0.34581323026975197,1565,0.006049,0.45153,2250
511,0.004881,0.12175058188744681,983,0.007318,0.186727058016664,1573,0.009359,0.39689,2285
516,0.009099,0.10594756054488935,959,0.000756,0.3205363547882977,1588,0.019605,0.25758,2290
530,0.037632,0.06939593476131409,994,0.017146,0.1382561561189221,1609,0.04783,0.09745,2291
522,0.017592,0.08892693333344363,1005,0.03579,0.09870788939133658,1542,0.001472,0.68557,2279
513,0.006334,0.11525026582437176,1003,0.031643,0.1052394915244936,1579,0.012812,0.30817,2296
526,0.026259,0.07872188529824783,988,0.010923,0.16359693617424872,1531,0.000666,0.76548,2293
523,0.019568,0.08629150947747893,963,0.001144,0.29596095314786397,1548,0.002223,0.63986,2235
532,0.044502,0.06505180923841214,968,0.00189,0.266378594648863,1552,0.002885,0.5952,2244
533,0.048258,0.06295740354060068,1010,0.048204,0.08362570274381714,1579,0.012812,0.30817,2276
522,0.017592,0.08892693333344363,988,0.010923,0.16359693617424872,1539,0.00118,0.68915,2271
503,0.001616,0.15016478838205044,965,0.001382,0.28396770626223383,1589,0.020539,0.22261,2231
531,0.041003,0.06719778406910008,986,0.009392,0.17263202146860682,1557,0.00386,0.54722,2294
526,0.026259,0.07872188529824783,996,0.019844,0.1304018254689262,1585,0.01703,0.26134,2257
533,0.048258,0.06295740354060068,1016,0.067128,0.06779621344538382,1544,0.00172,0.64544,2286
516,0.009099,0.10594756054488935,977,0.004388,0.21681633205714562,1593,0.0246,0.21777,2295
500,0.000991,0.16181715370253355,964,0.001244,0.2899385501920277,1539,0.00118,0.68915,2276
522,0.017592,0.08892693333344363,1001,0.027857,0.11206137253379161,1568,0.007169,0.44727,2300
529,0.034503,0.07164685292425027,1014,0.06028,0.0728056174696529,1586,0.017872,0.25989,2253
533,0.048258,0.06295740354060068,955,0.000481,0.34581323026975197,1539,0.00118,0.68915,2287
510,0.004268,0.1250908756684736,987,0.010134,0.16807804111208538,1577,0.011537,0.34986,2289
513,0.006334,0.11525026582437176,985,0.008669,0.17725848744970762,1507,0.000106,0.90318,2299
535,0.056514,0.0589208016905911,997,0.02129,0.12658592461451013,1551,0.002709,0.5966,2293
523,0.019568,0.08629150947747893,985,0.008669,0.17725848744970762,1577,0.011537,0.34986,2249
519,0.01275,0.09717605160425771,999,0.024403,0.11917618755716608,1587,0.01874,0.25879,2274
512,0.005586,0.1184704339272214,1011,0.051058,0.08081874884681862,1617,0.064436,0.07357,2299
507,0.002863,0.13547385676804075,974,0.003392,0.2327719264074534,1571,0.008412,0.40015,2283
530,0.037632,0.06939593476131409,980,0.005703,0.20146093105263113,1610,0.049684,0.09661,2247
526,0.026259,0.07872188529824783,969,0.002092,0.2606278450050883,1579,0.012812,0.30817,2266
528,0.031587,0.07395111427328879,1004,0.033659,0.10193759807570915,1570,0.008002,0.40158,2287
530,0.037632,0.06939593476131409,982,0.00671,0.19156813642141995,1585,0.01703,0.26134,2287
520,0.014267,0.09436879441500223,992,0.014832,0.14640728029505454,1550,0.002533,0.59829,2207
528,0.031587,0.07395111427328879,962,0.001048,0.30203345299501594,1563,0.005377,0.49641,2260
509,0.00377,0.1284914524482879,967,0.001722,0.2721863629482276,1597,0.029314,0.18339,2244
531,0.041003,0.06719778406910008,995,0.018428,0.13429188775212894,1583,0.015542,0.30283,2280
532,0.044502,0.06505180923841214,999,0.024403,0.11917618755716608,1596,0.028082,0.18432,2288
530,0.037632,0.06939593476131409,1009,0.045482,0.08650170261383684,1581,0.014124,0.30552,2268
524,0.02167,0.08371250648363103,1000,0.026039,0.11558202443498841,1591,0.022435,0.22018,2293
519,0.01275,0.09717605160425771,982,0.00671,0.19156813642141995,1567,0.006766,0.44869,2284
525,0.02388,0.0811894600154765,977,0.004388,0.21681633205714562,1537,0.001032,0.72583,2299
511,0.004881,0.12175058188744681,981,0.006171,0.19647964118820407,1533,0.000768,0.76307,2300
527,0.028861,0.07630927785866647,955,0.000481,0.34581323026975197,1517,0.000227,0.85809,2284
518,0.011439,0.10004136818048001,1001,0.027857,0.11206137253379161,1616,0.062132,0.07412,2298
524,0.02167,0.08371250648363103,970,0.002319,0.2549353721501601,1495,3.9e-05,0.93777,2232
528,0.031587,0.07395111427328879,986,0.009392,0.17263202146860682,1525,0.00043,0.80163,2252
524,0.02167,0.08371250648363103,993,0.015952,0.14229463445134527,1539,0.00118,0.68915,2251
521,0.015881,0.09161922121937276,980,0.005703,0.20146093105263113,1556,0.003609,0.54886,2228
512,0.005586,0.1184704339272214,968,0.00189,0.266378594648863,1571,0.008412,0.40015,2288
512,0.005586,0.1184704339272214,996,0.019844,0.1304018254689262,1564,0.005697,0.45301,2291
531,0.041003,0.06719778406910008,957,0.000615,0.3330936531441198,1544,0.00172,0.64544,2268
530,0.037632,0.06939593476131409,970,0.002319,0.2549353721501601,1534,0.000821,0.72949,2294
511,0.004881,0.12175058188744681,973,0.003098,0.23821956795561378,1542,0.001472,0.68557,2281
524,0.02167,0.08371250648363103,994,0.017146,0.1382561561189221,1573,0.009359,0.39689,2300
525,0.02388,0.0811894600154765,970,0.002319,0.2549353721501601,1561,0.004774,0.49948,2243
507,0.002863,0.13547385676804075,978,0.004839,0.21163004105402708,1586,0.017872,0.25989,2288
507,0.002863,0.13547385676804075,985,0.008669,0.17725848744970762,1562,0.005052,0.49791,2274
529,0.034503,0.07164685292425027,1012,0.053995,0.07808020250936908,1593,0.0246,0.21777,2270
532,0.044502,0.06505180923841214,1003,0.031643,0.1052394915244936,1560,0.004523,0.50116,2257
530,0.037632,0.06939593476131409,1009,0.045482,0.08650170261383684,1573,0.009359,0.39689,2275
530,0.037632,0.06939593476131409,970,0.002319,0.2549353721501601,1542,0.001472,0.68557,2284
522,0.017592,0.08892693333344363,986,0.009392,0.17263202146860682,1537,0.001032,0.72583,2239
531,0.041003,0.06719778406910008,1003,0.031643,0.1052394915244936,1564,0.005697,0.45301,2256
512,0.005586,0.1184704339272214,979,0.005218,0.20651131130799644,1563,0.005377,0.49641,2265
534,0.052241,0.0609139459038858,981,0.006171,0.19647964118820407,1598,0.030566,0.18239,2280
520,0.014267,0.09436879441500223,976,0.004013,0.22206934473661805,1504,8e-05,0.90518,2166
519,0.01275,0.09717605160425771,999,0.024403,0.11917618755716608,1567,0.006766,0.44869,2284
527,0.028861,0.07630927785866647,986,0.009392,0.17263202146860682,1606,0.042451,0.12152,2298
517,0.010187,0.10296509556568055,995,0.018428,0.13429188775212894,1583,0.015542,0.30283,2280
514,0.007146,0.11208988336077409,951,0.000321,0.37168404174874053,1512,0.000161,0.88264,2264
531,0.041003,0.06719778406910008,967,0.001722,0.2721863629482276,1582,0.014835,0.30422,2287
532,0.044502,0.06505180923841214,1004,0.033659,0.10193759807570915,1570,0.008002,0.40158,2277
527,0.028861,0.07630927785866647,1012,0.053995,0.07808020250936908,1589,0.020539,0.22261,2286
530,0.037632,0.06939593476131409,1002,0.029719,0.10861396516586448,1579,0.012812,0.30817,2251
519,0.01275,0.09717605160425771,1005,0.03579,0.09870788939133658,1570,0.008002,0.40158,2292
504,0.001879,0.1464013056895814,967,0.001722,0.2721863629482276,1479,9e-06,0.96947,2141
532,0.044502,0.06505180923841214,1012,0.053995,0.07808020250936908,1593,0.0246,0.21777,2295
534,0.052241,0.0609139459038858,1004,0.033659,0.10193759807570915,1585,0.01703,0.26134,2277
525,0.02388,0.0811894600154765,993,0.015952,0.14229463445134527,1576,0.010979,0.35135,2263
509,0.00377,0.1284914524482879,965,0.001382,0.28396770626223383,1494,3.6e-05,0.93819,2241
532,0.044502,0.06505180923841214,1003,0.031643,0.1052394915244936,1582,0.014835,0.30422,2294
533,0.048258,0.06295740354060068,998,0.02282,0.12284409201506367,1588,0.019605,0.25758,2275
532,0.044502,0.06505180923841214,976,0.004013,0.22206934473661805,1542,0.001472,0.68557,2249
517,0.010187,0.10296509556568055,998,0.02282,0.12284409201506367,1588,0.019605,0.25758,2240
520,0.014267,0.09436879441500223,1009,0.045482,0.08650170261383684,1618,0.066798,0.07304,2295
531,0.041003,0.06719778406910008,970,0.002319,0.2549353721501601,1543,0.001585,0.68419,2230
523,0.019568,0.08629150947747893,1000,0.026039,0.11558202443498841,1533,0.000768,0.76307,2275
521,0.015881,0.09161922121937276,985,0.008669,0.17725848744970762,1564,0.005697,0.45301,2191
518,0.011439,0.10004136818048001,995,0.018428,0.13429188775212894,1533,0.000768,0.76307,2260
520,0.014267,0.09436879441500223,1013,0.05705,0.07540939284217735,1576,0.010979,0.35135,2291
520,0.014267,0.09436879441500223,1012,0.053995,0.07808020250936908,1579,0.012812,0.30817,2246
508,0.003275,0.1319524201119132,939,8.1e-05,0.4516934879135729,1513,0.000174,0.88183,2265
525,0.02388,0.0811894600154765,1004,0.033659,0.10193759807570915,1586,0.017872,0.25989,2278
525,0.02388,0.0811894600154765,973,0.003098,0.23821956795561378,1566,0.006415,0.4501,2248
525,0.02388,0.0811894600154765,959,0.000756,0.3205363547882977,1591,0.022435,0.22018,2293
533,0.048258,0.06295740354060068,976,0.004013,0.22206934473661805,1539,0.00118,0.68915,2236
513,0.006334,0.11525026582437176,977,0.004388,0.21681633205714562,1543,0.001585,0.68419,2269
534,0.052241,0.0609139459038858,981,0.006171,0.19647964118820407,1587,0.01874,0.25879,2294
534,0.052241,0.0609139459038858,1004,0.033659,0.10193759807570915,1603,0.037519,0.14832,2290
493,0.000287,0.19109266493958718,986,0.009392,0.17263202146860682,1590,0.021501,0.22131,2217
505,0.002143,0.14269829788659802,963,0.001144,0.29596095314786397,1571,0.008412,0.40015,2283
499,0.000833,0.16582144211067898,965,0.001382,0.28396770626223383,1568,0.007169,0.44727,2290
530,0.037632,0.06939593476131409,1013,0.05705,0.07540939284217735,1592,0.023531,0.21899,2299
526,0.026259,0.07872188529824783,987,0.010134,0.16807804111208538,1565,0.006049,0.45153,2257
528,0.031587,0.07395111427328879,951,0.000321,0.37168404174874053,1544,0.00172,0.64544,2246
530,0.037632,0.06939593476131409,997,0.02129,0.12658592461451013,1561,0.004774,0.49948,2248
528,0.031587,0.07395111427328879,1016,0.067128,0.06779621344538382,1570,0.008002,0.40158,2262
520,0.014267,0.09436879441500223,1008,0.042959,0.08944736102149425,1549,0.002376,0.59962,2276
529,0.034503,0.07164685292425027,992,0.014832,0.14640728029505454,1562,0.005052,0.49791,2269
505,0.002143,0.14269829788659802,983,0.007318,0.186727058016664,1527,0.000498,0.79927,2279
532,0.044502,0.06505180923841214,988,0.010923,0.16359693617424872,1539,0.00118,0.68915,2276
524,0.02167,0.08371250648363103,962,0.001048,0.30203345299501594,1589,0.020539,0.22261,2291
527,0.028861,0.07630927785866647,946,0.000178,0.4046831880700783,1547,0.002073,0.64148,2244
530,0.037632,0.06939593476131409,973,0.003098,0.23821956795561378,1551,0.002709,0.5966,2243
498,0.000707,0.16988549582495266,944,0.00014,0.41804049157208395,1566,0.006415,0.4501,2278
512,0.005586,0.1184704339272214,974,0.003392,0.2327719264074534,1556,0.003609,0.54886,2288
535,0.056514,0.0589208016905911,1002,0.029719,0.10861396516586448,1613,0.055648,0.09458,2293
525,0.02388,0.0811894600154765,966,0.001548,0.27804984797236265,1560,0.004523,0.50116,2267
516,0.009099,0.10594756054488935,1014,0.06028,0.0728056174696529,1559,0.004308,0.50272,2258
516,0.009099,0.10594756054488935,973,0.003098,0.23821956795561378,1567,0.006766,0.44869,2293
518,0.011439,0.10004136818048001,976,0.004013,0.22206934473661805,1552,0.002885,0.5952,2265
510,0.004268,0.1250908756684736,967,0.001722,0.2721863629482276,1528,0.00054,0.79821,2225
515,0.008088,0.10898906461665049,984,0.007966,0.1819569959217331,1568,0.007169,0.44727,2290
516,0.009099,0.10594756054488935,983,0.007318,0.186727058016664,1587,0.01874,0.25879,2219
534,0.052241,0.0609139459038858,1015,0.063715,0.0702681444955853,1576,0.010979,0.35135,2288
495,0.000401,0.18243367889979958,967,0.001722,0.2721863629482276,1533,0.000768,0.76307,2270
506,0.002501,0.13905581029067357,948,0.000231,0.3914083937021998,1473,7e-06,0.98127,2235
516,0.009099,0.10594756054488935,947,0.000198,0.3980345242726012,1551,0.002709,0.5966,2258
511,0.004881,0.12175058188744681,974,0.003392,0.2327719264074534,1538,0.001101,0.72452,2195
509,0.00377,0.1284914524482879,998,0.02282,0.12284409201506367,1541,0.001371,0.68676,2253
520,0.014267,0.09436879441500223,1003,0.031643,0.1052394915244936,1574,0.009869,0.35407,2271
514,0.007146,0.11208988336077409,985,0.008669,0.17725848744970762,1547,0.002073,0.64148,2259
519,0.01275,0.09717605160425771,986,0.009392,0.17263202146860682,1603,0.037519,0.14832,2240
527,0.028861,0.07630927785866647,1011,0.051058,0.08081874884681862,1606,0.042451,0.12152,2298
535,0.056514,0.0589208016905911,1002,0.029719,0.10861396516586448,1594,0.02572,0.18643,2251
500,0.000991,0.16181715370253355,969,0.002092,0.2606278450050883,1605,0.040808,0.12226,2281
516,0.009099,0.10594756054488935,1012,0.053995,0.07808020250936908,1537,0.001032,0.72583,2244
527,0.028861,0.07630927785866647,1005,0.03579,0.09870788939133658,1563,0.005377,0.49641,2285
521,0.015881,0.09161922121937276,994,0.017146,0.1382561561189221,1565,0.006049,0.45153,2267
522,0.017592,0.08892693333344363,1016,0.067128,0.06779621344538382,1607,0.044143,0.12065,2279
534,0.052241,0.0609139459038858,995,0.018428,0.13429188775212894,1578,0.012181,0.34839,2295
534,0.052241,0.0609139459038858,1015,0.063715,0.0702681444955853,1573,0.009359,0.39689,2280
533,0.048258,0.06295740354060068,968,0.00189,0.266378594648863,1576,0.010979,0.35135,2284
533,0.048258,0.06295740354060068,1003,0.031643,0.1052394915244936,1597,0.029314,0.18339,2294
531,0.041003,0.06719778406910008,1010,0.048204,0.08362570274381714,1543,0.001585,0.68419,2300
523,0.019568,0.08629150947747893,973,0.003098,0.23821956795561378,1573,0.009359,0.39689,2276
528,0.031587,0.07395111427328879,992,0.014832,0.14640728029505454,1600,0.033204,0.15109,2282
532,0.044502,0.06505180923841214,995,0.018428,0.13429188775212894,1594,0.02572,0.18643,2291
502,0.001373,0.15398866884503148,985,0.008669,0.17725848744970762,1568,0.007169,0.44727,2300
506,0.002501,0.13905581029067357,994,0.017146,0.1382561561189221,1591,0.022435,0.22018,2298
491,0.000191,0.19998290530061782,959,0.000756,0.3205363547882977,1532,0.000712,0.76421,2274
517,0.010187,0.10296509556568055,988,0.010923,0.16359693617424872,1582,0.014835,0.30422,2299
531,0.041003,0.06719778406910008,957,0.000615,0.3330936531441198,1559,0.004308,0.50272,2281
531,0.041003,0.06719778406910008,995,0.018428,0.13429188775212894,1558,0.004082,0.54556,2290
531,0.041003,0.06719778406910008,960,0.000843,0.3143227082258305,1527,0.000498,0.79927,2244
518,0.011439,0.10004136818048001,986,0.009392,0.17263202146860682,1549,0.002376,0.59962,2221
519,0.01275,0.09717605160425771,964,0.001244,0.2899385501920277,1590,0.021501,0.22131,2277
526,0.026259,0.07872188529824783,994,0.017146,0.1382561561189221,1573,0.009359,0.39689,2275
523,0.019568,0.08629150947747893,967,0.001722,0.2721863629482276,1559,0.004308,0.50272,2286
524,0.02167,0.08371250648363103,1016,0.067128,0.06779621344538382,1596,0.028082,0.18432,2298
531,0.041003,0.06719778406910008,1003,0.031643,0.1052394915244936,1575,0.010438,0.35256,2297
535,0.056514,0.0589208016905911,980,0.005703,0.20146093105263113,1613,0.055648,0.09458,2277
518,0.011439,0.10004136818048001,1003,0.031643,0.1052394915244936,1523,0.000381,0.82997,2285
512,0.005586,0.1184704339272214,944,0.00014,0.41804049157208395,1582,0.014835,0.30422,2290
522,0.017592,0.08892693333344363,983,0.007318,0.186727058016664,1553,0.003059,0.59378,2220
520,0.014267,0.09436879441500223,999,0.024403,0.11917618755716608,1570,0.008002,0.40158,2252
535,0.056514,0.0589208016905911,1006,0.038133,0.09554993085534054,1603,0.037519,0.14832,2285
533,0.048258,0.06295740354060068,993,0.015952,0.14229463445134527,1565,0.006049,0.45153,2277
532,0.044502,0.06505180923841214,987,0.010134,0.16807804111208538,1597,0.029314,0.18339,2284
519,0.01275,0.09717605160425771,997,0.02129,0.12658592461451013,1542,0.001472,0.68557,2294
509,0.00377,0.1284914524482879,1005,0.03579,0.09870788939133658,1587,0.01874,0.25879,2289
518,0.011439,0.10004136818048001,992,0.014832,0.14640728029505454,1565,0.006049,0.45153,2222
519,0.01275,0.09717605160425771,971,0.002533,0.2493023934405924,1565,0.006049,0.45153,2277
525,0.02388,0.0811894600154765,997,0.02129,0.12658592461451013,1531,0.000666,0.76548,2268
532,0.044502,0.06505180923841214,1012,0.053995,0.07808020250936908,1613,0.055648,0.09458,2295
517,0.010187,0.10296509556568055,1011,0.051058,0.08081874884681862,1578,0.012181,0.34839,2290
533,0.048258,0.06295740354060068,957,0.000615,0.3330936531441198,1568,0.007169,0.44727,2277
518,0.011439,0.10004136818048001,974,0.003392,0.2327719264074534,1597,0.029314,0.18339,2299
515,0.008088,0.10898906461665049,982,0.00671,0.19156813642141995,1578,0.012181,0.34839,2265
532,0.044502,0.06505180923841214,1003,0.031643,0.1052394915244936,1548,0.002223,0.63986,2280
529,0.034503,0.07164685292425027,965,0.001382,0.28396770626223383,1564,0.005697,0.45301,2281
525,0.02388,0.0811894600154765,1007,0.040545,0.09246325633583473,1594,0.02572,0.18643,2291
531,0.041003,0.06719778406910008,1005,0.03579,0.09870788939133658,1582,0.014835,0.30422,2289
508,0.003275,0.1319524201119132,980,0.005703,0.20146093105263113,1580,0.013493,0.30675,2292
505,0.002143,0.14269829788659802,972,0.002811,0.2437300834521658,1528,0.00054,0.79821,2240
530,0.037632,0.06939593476131409,1005,0.03579,0.09870788939133658,1573,0.009359,0.39689,2271
527,0.028861,0.07630927785866647,1012,0.053995,0.07808020250936908,1603,0.037519,0.14832,2298
527,0.028861,0.07630927785866647,972,0.002811,0.2437300834521658,1555,0.00341,0.55038,2277
524,0.02167,0.08371250648363103,1005,0.03579,0.09870788939133658,1577,0.011537,0.34986,2289
516,0.009099,0.10594756054488935,986,0.009392,0.17263202146860682,1573,0.009359,0.39689,2280
507,0.002863,0.13547385676804075,982,0.00671,0.19156813642141995,1575,0.010438,0.35256,2277
528,0.031587,0.07395111427328879,990,0.012741,0.1548546539760021,1587,0.01874,0.25879,2289
505,0.002143,0.14269829788659802,982,0.00671,0.19156813642141995,1613,0.055648,0.09458,2300
506,0.002501,0.13905581029067357,984,0.007966,0.1819569959217331,1552,0.002885,0.5952,2277
524,0.02167,0.08371250648363103,986,0.009392,0.17263202146860682,1602,0.036068,0.14929,2284
529,0.034503,0.07164685292425027,991,0.013703,0.15059400098504225,1593,0.0246,0.21777,2290
528,0.031587,0.07395111427328879,988,0.010923,0.16359693617424872,1547,0.002073,0.64148,2239
501,0.001176,0.157872837837039,961,0.000944,0.30815454978779394,1569,0.007588,0.40304,2281
522,0.017592,0.08892693333344363,1004,0.033659,0.10193759807570915,1567,0.006766,0.44869,2259
510,0.004268,0.1250908756684736,960,0.000843,0.3143227082258305,1568,0.007169,0.44727,2285
527,0.028861,0.07630927785866647,991,0.013703,0.15059400098504225,1560,0.004523,0.50116,2292
525,0.02388,0.0811894600154765,992,0.014832,0.14640728029505454,1581,0.014124,0.30552,2248
517,0.010187,0.10296509556568055,995,0.018428,0.13429188775212894,1557,0.00386,0.54722,2279
499,0.000833,0.16582144211067898,967,0.001722,0.2721863629482276,1524,0.000406,0.80267,2281
532,0.044502,0.06505180923841214,1002,0.029719,0.10861396516586448,1529,0.000576,0.76786,2276
504,0.001879,0.1464013056895814,960,0.000843,0.3143227082258305,1549,0.002376,0.59962,2201
512,0.005586,0.1184704339272214,1002,0.029719,0.10861396516586448,1609,0.04783,0.09745,2271
526,0.026259,0.07872188529824783,973,0.003098,0.23821956795561378,1569,0.007588,0.40304,2286
504,0.001879,0.1464013056895814,963,0.001144,0.29596095314786397,1535,0.000895,0.72837,2232
524,0.02167,0.08371250648363103,985,0.008669,0.17725848744970762,1563,0.005377,0.49641,2250
529,0.034503,0.07164685292425027,995,0.018428,0.13429188775212894,1570,0.008002,0.40158,2287
524,0.02167,0.08371250648363103,984,0.007966,0.1819569959217331,1589,0.020539,0.22261,2286
521,0.015881,0.09161922121937276,964,0.001244,0.2899385501920277,1524,0.000406,0.80267,2236
519,0.01275,0.09717605160425771,981,0.006171,0.19647964118820407,1606,0.042451,0.12152,2268
517,0.010187,0.10296509556568055,1014,0.06028,0.0728056174696529,1607,0.044143,0.12065,2299
528,0.031587,0.07395111427328879,981,0.006171,0.19647964118820407,1566,0.006415,0.4501,2253
519,0.01275,0.09717605160425771,980,0.005703,0.20146093105263113,1504,8e-05,0.90518,2236
535,0.056514,0.0589208016905911,995,0.018428,0.13429188775212894,1539,0.00118,0.68915,2256
531,0.041003,0.06719778406910008,959,0.000756,0.3205363547882977,1494,3.6e-05,0.93819,2171
532,0.044502,0.06505180923841214,986,0.009392,0.17263202146860682,1579,0.012812,0.30817,2296
527,0.028861,0.07630927785866647,1002,0.029719,0.10861396516586448,1550,0.002533,0.59829,2247
525,0.02388,0.0811894600154765,996,0.019844,0.1304018254689262,1598,0.030566,0.18239,2295
522,0.017592,0.08892693333344363,1003,0.031643,0.1052394915244936,1582,0.014835,0.30422,2264
519,0.01275,0.09717605160425771,977,0.004388,0.21681633205714562,1581,0.014124,0.30552,2262
520,0.014267,0.09436879441500223,971,0.002533,0.2493023934405924,1579,0.012812,0.30817,2276
522,0.017592,0.08892693333344363,985,0.008669,0.17725848744970762,1559,0.004308,0.50272,2241
501,0.001176,0.157872837837039,976,0.004013,0.22206934473661805,1554,0.00322,0.55197,2296
528,0.031587,0.07395111427328879,977,0.004388,0.21681633205714562,1589,0.020539,0.22261,2241
516,0.009099,0.10594756054488935,1007,0.040545,0.09246325633583473,1587,0.01874,0.25879,2281
515,0.008088,0.10898906461665049,1012,0.053995,0.07808020250936908,1617,0.064436,0.07357,2299
534,0.052241,0.0609139459038858,997,0.02129,0.12658592461451013,1598,0.030566,0.18239,2240
535,0.056514,0.0589208016905911,1001,0.027857,0.11206137253379161,1601,0.034595,0.15017,2273
503,0.001616,0.15016478838205044,943,0.000125,0.4247452836207227,1568,0.007169,0.44727,2290
522,0.017592,0.08892693333344363,985,0.008669,0.17725848744970762,1555,0.00341,0.55038,2267
513,0.006334,0.11525026582437176,997,0.02129,0.12658592461451013,1540,0.001266,0.68798,2257
494,0.000337,0.18673405706935078,933,3.4e-05,0.492288536606687,1501,5.8e-05,0.92171,2283
516,0.009099,0.10594756054488935,983,0.007318,0.186727058016664,1545,0.001831,0.64414,2274
506,0.002501,0.13905581029067357,941,0.0001,0.43819746600367177,1546,0.001944,0.64278,2243
516,0.009099,0.10594756054488935,957,0.000615,0.3330936531441198,1550,0.002533,0.59829,2212
515,0.008088,0.10898906461665049,993,0.015952,0.14229463445134527,1537,0.001032,0.72583,2279
530,0.037632,0.06939593476131409,978,0.004839,0.21163004105402708,1554,0.00322,0.55197,2276
516,0.009099,0.10594756054488935,978,0.004839,0.21163004105402708,1601,0.034595,0.15017,2298
493,0.000287,0.19109266493958718,919,2e-06,0.5856728699232866,1486,1.7e-05,0.96029,2218
524,0.02167,0.08371250648363103,984,0.007966,0.1819569959217331,1537,0.001032,0.72583,2289
525,0.02388,0.0811894600154765,997,0.02129,0.12658592461451013,1551,0.002709,0.5966,2208
533,0.048258,0.06295740354060068,992,0.014832,0.14640728029505454,1588,0.019605,0.25758,2290
490,0.000152,0.20451362154857902,927,1.3e-05,0.5327191572409671,1511,0.000146,0.88335,2298
522,0.017592,0.08892693333344363,973,0.003098,0.23821956795561378,1568,0.007169,0.44727,2280
515,0.008088,0.10898906461665049,985,0.008669,0.17725848744970762,1574,0.009869,0.35407,2281
532,0.044502,0.06505180923841214,994,0.017146,0.1382561561189221,1599,0.0319,0.15219,2296
503,0.001616,0.15016478838205044,984,0.007966,0.1819569959217331,1544,0.00172,0.64544,2231
518,0.011439,0.10004136818048001,982,0.00671,0.19156813642141995,1598,0.030566,0.18239,2272
524,0.02167,0.08371250648363103,982,0.00671,0.19156813642141995,1559,0.004308,0.50272,2296
523,0.019568,0.08629150947747893,973,0.003098,0.23821956795561378,1575,0.010438,0.35256,2261
527,0.028861,0.07630927785866647,984,0.007966,0.1819569959217331,1550,0.002533,0.59829,2227
520,0.014267,0.09436879441500223,994,0.017146,0.1382561561189221,1565,0.006049,0.45153,2287
503,0.001616,0.15016478838205044,977,0.004388,0.21681633205714562,1550,0.002533,0.59829,2257
524,0.02167,0.08371250648363103,1005,0.03579,0.09870788939133658,1560,0.004523,0.50116,2287
514,0.007146,0.11208988336077409,999,0.024403,0.11917618755716608,1573,0.009359,0.39689,2300
535,0.056514,0.0589208016905911,967,0.001722,0.2721863629482276,1609,0.04783,0.09745,2271
526,0.026259,0.07872188529824783,1011,0.051058,0.08081874884681862,1571,0.008412,0.40015,2248
520,0.014267,0.09436879441500223,995,0.018428,0.13429188775212894,1525,0.00043,0.80163,2192
506,0.002501,0.13905581029067357,987,0.010134,0.16807804111208538,1582,0.014835,0.30422,2285
504,0.001879,0.1464013056895814,946,0.000178,0.4046831880700783,1577,0.011537,0.34986,2299
522,0.017592,0.08892693333344363,1002,0.029719,0.10861396516586448,1589,0.020539,0.22261,2276
530,0.037632,0.06939593476131409,975,0.00369,0.22738818989218357,1531,0.000666,0.76548,2278
532,0.044502,0.06505180923841214,985,0.008669,0.17725848744970762,1548,0.002223,0.63986,2245
500,0.000991,0.16181715370253355,922,4e-06,0.5659923478255869,1505,8.6e-05,0.90449,2226
535,0.056514,0.0589208016905911,1001,0.027857,0.11206137253379161,1563,0.005377,0.49641,2295
534,0.052241,0.0609139459038858,997,0.02129,0.12658592461451013,1594,0.02572,0.18643,2293
524,0.02167,0.08371250648363103,991,0.013703,0.15059400098504225,1583,0.015542,0.30283,2255
534,0.052241,0.0609139459038858,981,0.006171,0.19647964118820407,1593,0.0246,0.21777,2300
527,0.028861,0.07630927785866647,979,0.005218,0.20651131130799644,1562,0.005052,0.49791,2240
509,0.00377,0.1284914524482879,998,0.02282,0.12284409201506367,1581,0.014124,0.30552,2253
489,0.000122,0.20910073511053187,989,0.011784,0.1591890450684071,1587,0.01874,0.25879,2274
520,0.014267,0.09436879441500223,1012,0.053995,0.07808020250936908,1597,0.029314,0.18339,2279
518,0.011439,0.10004136818048001,986,0.009392,0.17263202146860682,1515,0.000198,0.85989,2257
529,0.034503,0.07164685292425027,992,0.014832,0.14640728029505454,1568,0.007169,0.44727,2280
521,0.015881,0.09161922121937276,972,0.002811,0.2437300834521658,1580,0.013493,0.30675,2277
502,0.001373,0.15398866884503148,969,0.002092,0.2606278450050883,1550,0.002533,0.59829,2275
527,0.028861,0.07630927785866647,959,0.000756,0.3205363547882977,1547,0.002073,0.64148,2229
508,0.003275,0.1319524201119132,964,0.001244,0.2899385501920277,1547,0.002073,0.64148,2254
522,0.017592,0.08892693333344363,983,0.007318,0.186727058016664,1551,0.002709,0.5966,2253
532,0.044502,0.06505180923841214,977,0.004388,0.21681633205714562,1509,0.000124,0.88475,2241
525,0.02388,0.0811894600154765,971,0.002533,0.2493023934405924,1533,0.000768,0.76307,2270
533,0.048258,0.06295740354060068,999,0.024403,0.11917618755716608,1571,0.008412,0.40015,2258
518,0.011439,0.10004136818048001,1007,0.040545,0.09246325633583473,1595,0.026909,0.18542,2286
514,0.007146,0.11208988336077409,1006,0.038133,0.09554993085534054,1587,0.01874,0.25879,2279
528,0.031587,0.07395111427328879,991,0.013703,0.15059400098504225,1549,0.002376,0.59962,2241
523,0.019568,0.08629150947747893,973,0.003098,0.23821956795561378,1588,0.019605,0.25758,2261
517,0.010187,0.10296509556568055,984,0.007966,0.1819569959217331,1606,0.042451,0.12152,2288
494,0.000337,0.18673405706935078,981,0.006171,0.19647964118820407,1522,0.000347,0.8308,2279
532,0.044502,0.06505180923841214,996,0.019844,0.1304018254689262,1555,0.00341,0.55038,2272
511,0.004881,0.12175058188744681,967,0.001722,0.2721863629482276,1547,0.002073,0.64148,2294
506,0.002501,0.13905581029067357,967,0.001722,0.2721863629482276,1596,0.028082,0.18432,2283
516,0.009099,0.10594756054488935,976,0.004013,0.22206934473661805,1556,0.003609,0.54886,2273
510,0.004268,0.1250908756684736,985,0.008669,0.17725848744970762,1591,0.022435,0.22018,2288
533,0.048258,0.06295740354060068,1010,0.048204,0.08362570274381714,1568,0.007169,0.44727,2275
532,0.044502,0.06505180923841214,984,0.007966,0.1819569959217331,1552,0.002885,0.5952,2299
498,0.000707,0.16988549582495266,939,8.1e-05,0.4516934879135729,1480,1e-05,0.96913,2172
519,0.01275,0.09717605160425771,1004,0.033659,0.10193759807570915,1559,0.004308,0.50272,2266
533,0.048258,0.06295740354060068,980,0.005703,0.20146093105263113,1600,0.033204,0.15109,2299
533,0.048258,0.06295740354060068,970,0.002319,0.2549353721501601,1575,0.010438,0.35256,2257
511,0.004881,0.12175058188744681,992,0.014832,0.14640728029505454,1545,0.001831,0.64414,2287
523,0.019568,0.08629150947747893,1016,0.067128,0.06779621344538382,1541,0.001371,0.68676,2218
531,0.041003,0.06719778406910008,987,0.010134,0.16807804111208538,1576,0.010979,0.35135,2294
532,0.044502,0.06505180923841214,978,0.004839,0.21163004105402708,1571,0.008412,0.40015,2268
516,0.009099,0.10594756054488935,988,0.010923,0.16359693617424872,1557,0.00386,0.54722,2264
508,0.003275,0.1319524201119132,975,0.00369,0.22738818989218357,1483,1.3e-05,0.96829,2215
507,0.002863,0.13547385676804075,963,0.001144,0.29596095314786397,1598,0.030566,0.18239,2285
525,0.02388,0.0811894600154765,971,0.002533,0.2493023934405924,1568,0.007169,0.44727,2300
527,0.028861,0.07630927785866647,986,0.009392,0.17263202146860682,1580,0.013493,0.30675,2272
521,0.015881,0.09161922121937276,991,0.013703,0.15059400098504225,1540,0.001266,0.68798,2257
535,0.056514,0.0589208016905911,1001,0.027857,0.11206137253379161,1576,0.010979,0.35135,2258
509,0.00377,0.1284914524482879,988,0.010923,0.16359693617424872,1566,0.006415,0.4501,2293
523,0.019568,0.08629150947747893,995,0.018428,0.13429188775212894,1587,0.01874,0.25879,2294
530,0.037632,0.06939593476131409,1010,0.048204,0.08362570274381714,1586,0.017872,0.25989,2283
515,0.008088,0.10898906461665049,982,0.00671,0.19156813642141995,1527,0.000498,0.79927,2264
508,0.003275,0.1319524201119132,995,0.018428,0.13429188775212894,1573,0.009359,0.39689,2270
506,0.002501,0.13905581029067357,956,0.000556,0.33943400101766535,1612,0.053611,0.09518,2299
518,0.011439,0.10004136818048001,951,0.000321,0.37168404174874053,1527,0.000498,0.79927,2259
533,0.048258,0.06295740354060068,985,0.008669,0.17725848744970762,1526,0.00046,0.80044,2233
509,0.00377,0.1284914524482879,997,0.02129,0.12658592461451013,1563,0.005377,0.49641,2280
513,0.006334,0.11525026582437176,1005,0.03579,0.09870788939133658,1617,0.064436,0.07357,2284
511,0.004881,0.12175058188744681,986,0.009392,0.17263202146860682,1606,0.042451,0.12152,2298
513,0.006334,0.11525026582437176,956,0.000556,0.33943400101766535,1563,0.005377,0.49641,2298
530,0.037632,0.06939593476131409,999,0.024403,0.11917618755716608,1585,0.01703,0.26134,2282
498,0.000707,0.16988549582495266,939,8.1e-05,0.4516934879135729,1514,0.000187,0.86075,2216
525,0.02388,0.0811894600154765,990,0.012741,0.1548546539760021,1553,0.003059,0.59378,2275
507,0.002863,0.13547385676804075,995,0.018428,0.13429188775212894,1589,0.020539,0.22261,2286
531,0.041003,0.06719778406910008,1005,0.03579,0.09870788939133658,1574,0.009869,0.35407,2276
525,0.02388,0.0811894600154765,1016,0.067128,0.06779621344538382,1616,0.062132,0.07412,2293
515,0.008088,0.10898906461665049,980,0.005703,0.20146093105263113,1582,0.014835,0.30422,2294
528,0.031587,0.07395111427328879,1000,0.026039,0.11558202443498841,1561,0.004774,0.49948,2293
530,0.037632,0.06939593476131409,969,0.002092,0.2606278450050883,1590,0.021501,0.22131,2277
522,0.017592,0.08892693333344363,978,0.004839,0.21163004105402708,1534,0.000821,0.72949,2241
519,0.01275,0.09717605160425771,1012,0.053995,0.07808020250936908,1568,0.007169,0.44727,2285
523,0.019568,0.08629150947747893,973,0.003098,0.23821956795561378,1577,0.011537,0.34986,2272
520,0.014267,0.09436879441500223,1007,0.040545,0.09246325633583473,1585,0.01703,0.26134,2267
523,0.019568,0.08629150947747893,1003,0.031643,0.1052394915244936,1569,0.007588,0.40304,2286
525,0.02388,0.0811894600154765,1005,0.03579,0.09870788939133658,1571,0.008412,0.40015,2268
521,0.015881,0.09161922121937276,979,0.005218,0.20651131130799644,1568,0.007169,0.44727,2270
535,0.056514,0.0589208016905911,1012,0.053995,0.07808020250936908,1536,0.000971,0.72714,2288
523,0.019568,0.08629150947747893,980,0.005703,0.20146093105263113,1568,0.007169,0.44727,2285
528,0.031587,0.07395111427328879,999,0.024403,0.11917618755716608,1608,0.045945,0.1199,2280
534,0.052241,0.0609139459038858,999,0.024403,0.11917618755716608,1578,0.012181,0.34839,2275
524,0.02167,0.08371250648363103,1006,0.038133,0.09554993085534054,1551,0.002709,0.5966,2266
534,0.052241,0.0609139459038858,1011,0.051058,0.08081874884681862,1591,0.022435,0.22018,2277
529,0.034503,0.07164685292425027,982,0.00671,0.19156813642141995,1543,0.001585,0.68419,2295
527,0.028861,0.07630927785866647,1012,0.053995,0.07808020250936908,1589,0.020539,0.22261,2280
525,0.02388,0.0811894600154765,986,0.009392,0.17263202146860682,1548,0.002223,0.63986,2290
535,0.056514,0.0589208016905911,987,0.010134,0.16807804111208538,1595,0.026909,0.18542,2272
497,0.000587,0.17400907450419242,979,0.005218,0.20651131130799644,1567,0.006766,0.44869,2249
528,0.031587,0.07395111427328879,1008,0.042959,0.08944736102149425,1601,0.034595,0.15017,2273
518,0.011439,0.10004136818048001,976,0.004013,0.22206934473661805,1551,0.002709,0.5966,2243
500,0.000991,0.16181715370253355,1015,0.063715,0.0702681444955853,1583,0.015542,0.30283,2270
531,0.041003,0.06719778406910008,978,0.004839,0.21163004105402708,1589,0.020539,0.22261,2280
524,0.02167,0.08371250648363103,988,0.010923,0.16359693617424872,1542,0.001472,0.68557,2244
534,0.052241,0.0609139459038858,1006,0.038133,0.09554993085534054,1560,0.004523,0.50116,2257
515,0.008088,0.10898906461665049,998,0.02282,0.12284409201506367,1567,0.006766,0.44869,2299
526,0.026259,0.07872188529824783,1000,0.026039,0.11558202443498841,1597,0.029314,0.18339,2249
527,0.028861,0.07630927785866647,987,0.010134,0.16807804111208538,1579,0.012812,0.30817,2286
529,0.034503,0.07164685292425027,983,0.007318,0.186727058016664,1537,0.001032,0.72583,2269
509,0.00377,0.1284914524482879,989,0.011784,0.1591890450684071,1533,0.000768,0.76307,2205
516,0.009099,0.10594756054488935,1005,0.03579,0.09870788939133658,1546,0.001944,0.64278,2278
509,0.00377,0.1284914524482879,997,0.02129,0.12658592461451013,1568,0.007169,0.44727,2225
525,0.02388,0.0811894600154765,1012,0.053995,0.07808020250936908,1579,0.012812,0.30817,2286
516,0.009099,0.10594756054488935,950,0.000294,0.37823128228654707,1534,0.000821,0.72949,2258
524,0.02167,0.08371250648363103,1008,0.042959,0.08944736102149425,1596,0.028082,0.18432,2293
526,0.026259,0.07872188529824783,1008,0.042959,0.08944736102149425,1588,0.019605,0.25758,2240
534,0.052241,0.0609139459038858,991,0.013703,0.15059400098504225,1606,0.042451,0.12152,2283
506,0.002501,0.13905581029067357,958,0.000679,0.32679388198607784,1568,0.007169,0.44727,2273
530,0.037632,0.06939593476131409,1000,0.026039,0.11558202443498841,1564,0.005697,0.45301,2286
527,0.028861,0.07630927785866647,1005,0.03579,0.09870788939133658,1581,0.014124,0.30552,2278
528,0.031587,0.07395111427328879,1008,0.042959,0.08944736102149425,1559,0.004308,0.50272,2284
533,0.048258,0.06295740354060068,1007,0.040545,0.09246325633583473,1592,0.023531,0.21899,2289
528,0.031587,0.07395111427328879,991,0.013703,0.15059400098504225,1580,0.013493,0.30675,2242
530,0.037632,0.06939593476131409,985,0.008669,0.17725848744970762,1558,0.004082,0.54556,2240
518,0.011439,0.10004136818048001,995,0.018428,0.13429188775212894,1601,0.034595,0.15017,2293
507,0.002863,0.13547385676804075,947,0.000198,0.3980345242726012,1497,4.3e-05,0.93696,2199
529,0.034503,0.07164685292425027,992,0.014832,0.14640728029505454,1576,0.010979,0.35135,2298
530,0.037632,0.06939593476131409,970,0.002319,0.2549353721501601,1570,0.008002,0.40158,2247
530,0.037632,0.06939593476131409,1001,0.027857,0.11206137253379161,1531,0.000666,0.76548,2263
513,0.006334,0.11525026582437176,1008,0.042959,0.08944736102149425,1610,0.049684,0.09661,2292
535,0.056514,0.0589208016905911,987,0.010134,0.16807804111208538,1587,0.01874,0.25879,2279
528,0.031587,0.07395111427328879,976,0.004013,0.22206934473661805,1514,0.000187,0.86075,2256
497,0.000587,0.17400907450419242,994,0.017146,0.1382561561189221,1609,0.04783,0.09745,2246
519,0.01275,0.09717605160425771,999,0.024403,0.11917618755716608,1549,0.002376,0.59962,2231
510,0.004268,0.1250908756684736,1007,0.040545,0.09246325633583473,1615,0.059909,0.07469,2282
516,0.009099,0.10594756054488935,989,0.011784,0.1591890450684071,1609,0.04783,0.09745,2286
534,0.052241,0.0609139459038858,998,0.02282,0.12284409201506367,1566,0.006415,0.4501,2278
519,0.01275,0.09717605160425771,985,0.008669,0.17725848744970762,1512,0.000161,0.88264,2269
529,0.034503,0.07164685292425027,1016,0.067128,0.06779621344538382,1573,0.009359,0.39689,2265
522,0.017592,0.08892693333344363,997,0.02129,0.12658592461451013,1518,0.000247,0.85731,2250
517,0.010187,0.10296509556568055,986,0.009392,0.17263202146860682,1551,0.002709,0.5966,2272
521,0.015881,0.09161922121937276,1012,0.053995,0.07808020250936908,1606,0.042451,0.12152,2263
518,0.011439,0.10004136818048001,981,0.006171,0.19647964118820407,1537,0.001032,0.72583,2234
535,0.056514,0.0589208016905911,981,0.006171,0.19647964118820407,1610,0.049684,0.09661,2297
513,0.006334,0.11525026582437176,1006,0.038133,0.09554993085534054,1578,0.012181,0.34839,2300
523,0.019568,0.08629150947747893,975,0.00369,0.22738818989218357,1580,0.013493,0.30675,2287
513,0.006334,0.11525026582437176,988,0.010923,0.16359693617424872,1535,0.000895,0.72837,2300
533,0.048258,0.06295740354060068,1004,0.033659,0.10193759807570915,1551,0.002709,0.5966,2283
522,0.017592,0.08892693333344363,965,0.001382,0.28396770626223383,1526,0.00046,0.80044,2233
529,0.034503,0.07164685292425027,992,0.014832,0.14640728029505454,1602,0.036068,0.14929,2239
523,0.019568,0.08629150947747893,990,0.012741,0.1548546539760021,1587,0.01874,0.25879,2280
529,0.034503,0.07164685292425027,1010,0.048204,0.08362570274381714,1540,0.001266,0.68798,2262
530,0.037632,0.06939593476131409,1007,0.040545,0.09246325633583473,1553,0.003059,0.59378,2290
535,0.056514,0.0589208016905911,1001,0.027857,0.11206137253379161,1528,0.00054,0.79821,2293
516,0.009099,0.10594756054488935,987,0.010134,0.16807804111208538,1529,0.000576,0.76786,2222
531,0.041003,0.06719778406910008,960,0.000843,0.3143227082258305,1564,0.005697,0.45301,2276
531,0.041003,0.06719778406910008,1000,0.026039,0.11558202443498841,1568,0.007169,0.44727,2295
521,0.015881,0.09161922121937276,1010,0.048204,0.08362570274381714,1580,0.013493,0.30675,2297
533,0.048258,0.06295740354060068,993,0.015952,0.14229463445134527,1543,0.001585,0.68419,2300
506,0.002501,0.13905581029067357,962,0.001048,0.30203345299501594,1571,0.008412,0.40015,2288
509,0.00377,0.1284914524482879,982,0.00671,0.19156813642141995,1589,0.020539,0.22261,2261
518,0.011439,0.10004136818048001,992,0.014832,0.14640728029505454,1586,0.017872,0.25989,2263
511,0.004881,0.12175058188744681,969,0.002092,0.2606278450050883,1551,0.002709,0.5966,2298
523,0.019568,0.08629150947747893,988,0.010923,0.16359693617424872,1581,0.014124,0.30552,2298
514,0.007146,0.11208988336077409,968,0.00189,0.266378594648863,1587,0.01874,0.25879,2284
510,0.004268,0.1250908756684736,933,3.4e-05,0.492288536606687,1563,0.005377,0.49641,2265
521,0.015881,0.09161922121937276,972,0.002811,0.2437300834521658,1589,0.020539,0.22261,2271
505,0.002143,0.14269829788659802,993,0.015952,0.14229463445134527,1539,0.00118,0.68915,2255
519,0.01275,0.09717605160425771,1010,0.048204,0.08362570274381714,1565,0.006049,0.45153,2264
527,0.028861,0.07630927785866647,1005,0.03579,0.09870788939133658,1583,0.015542,0.30283,2290
526,0.026259,0.07872188529824783,1004,0.033659,0.10193759807570915,1573,0.009359,0.39689,2290
506,0.002501,0.13905581029067357,940,9.2e-05,0.44494097119019543,1492,2.8e-05,0.94939,2154
528,0.031587,0.07395111427328879,993,0.015952,0.14229463445134527,1575,0.010438,0.35256,2266
526,0.026259,0.07872188529824783,987,0.010134,0.16807804111208538,1578,0.012181,0.34839,2240
531,0.041003,0.06719778406910008,970,0.002319,0.2549353721501601,1561,0.004774,0.49948,2283
526,0.026259,0.07872188529824783,994,0.017146,0.1382561561189221,1551,0.002709,0.5966,2247
513,0.006334,0.11525026582437176,981,0.006171,0.19647964118820407,1544,0.00172,0.64544,2286
532,0.044502,0.06505180923841214,957,0.000615,0.3330936531441198,1608,0.045945,0.1199,2275
534,0.052241,0.0609139459038858,996,0.019844,0.1304018254689262,1585,0.01703,0.26134,2294
522,0.017592,0.08892693333344363,994,0.017146,0.1382561561189221,1555,0.00341,0.55038,2297
533,0.048258,0.06295740354060068,968,0.00189,0.266378594648863,1507,0.000106,0.90318,2244
529,0.034503,0.07164685292425027,957,0.000615,0.3330936531441198,1526,0.00046,0.80044,2218
520,0.014267,0.09436879441500223,971,0.002533,0.2493023934405924,1515,0.000198,0.85989,2287
515,0.008088,0.10898906461665049,988,0.010923,0.16359693617424872,1544,0.00172,0.64544,2226
521,0.015881,0.09161922121937276,1015,0.063715,0.0702681444955853,1584,0.016284,0.26259,2271
513,0.006334,0.11525026582437176,969,0.002092,0.2606278450050883,1598,0.030566,0.18239,2300
534,0.052241,0.0609139459038858,984,0.007966,0.1819569959217331,1597,0.029314,0.18339,2284
519,0.01275,0.09717605160425771,982,0.00671,0.19156813642141995,1589,0.020539,0.22261,2266
505,0.002143,0.14269829788659802,960,0.000843,0.3143227082258305,1540,0.001266,0.68798,2272
532,0.044502,0.06505180923841214,987,0.010134,0.16807804111208538,1589,0.020539,0.22261,2286
533,0.048258,0.06295740354060068,1008,0.042959,0.08944736102149425,1562,0.005052,0.49791,2296
518,0.011439,0.10004136818048001,972,0.002811,0.2437300834521658,1561,0.004774,0.49948,2298
526,0.026259,0.07872188529824783,999,0.024403,0.11917618755716608,1594,0.02572,0.18643,2296
533,0.048258,0.06295740354060068,981,0.006171,0.19647964118820407,1586,0.017872,0.25989,2248
535,0.056514,0.0589208016905911,1014,0.06028,0.0728056174696529,1556,0.003609,0.54886,2258
525,0.02388,0.0811894600154765,936,5.4e-05,0.4719855611914937,1534,0.000821,0.72949,2281
525,0.02388,0.0811894600154765,993,0.015952,0.14229463445134527,1540,0.001266,0.68798,2242
516,0.009099,0.10594756054488935,965,0.001382,0.28396770626223383,1562,0.005052,0.49791,2259
534,0.052241,0.0609139459038858,1015,0.063715,0.0702681444955853,1545,0.001831,0.64414,2281
531,0.041003,0.06719778406910008,985,0.008669,0.17725848744970762,1548,0.002223,0.63986,2235
523,0.019568,0.08629150947747893,974,0.003392,0.2327719264074534,1588,0.019605,0.25758,2260
508,0.003275,0.1319524201119132,947,0.000198,0.3980345242726012,1542,0.001472,0.68557,2274
529,0.034503,0.07164685292425027,989,0.011784,0.1591890450684071,1571,0.008412,0.40015,2288
531,0.041003,0.06719778406910008,985,0.008669,0.17725848744970762,1538,0.001101,0.72452,2230
520,0.014267,0.09436879441500223,980,0.005703,0.20146093105263113,1598,0.030566,0.18239,2290
533,0.048258,0.06295740354060068,998,0.02282,0.12284409201506367,1595,0.026909,0.18542,2282
531,0.041003,0.06719778406910008,1009,0.045482,0.08650170261383684,1592,0.023531,0.21899,2294
520,0.014267,0.09436879441500223,988,0.010923,0.16359693617424872,1562,0.005052,0.49791,2284
508,0.003275,0.1319524201119132,1008,0.042959,0.08944736102149425,1548,0.002223,0.63986,2260
517,0.010187,0.10296509556568055,1004,0.033659,0.10193759807570915,1604,0.039127,0.12314,2276
527,0.028861,0.07630927785866647,995,0.018428,0.13429188775212894,1550,0.002533,0.59829,2282
534,0.052241,0.0609139459038858,963,0.001144,0.29596095314786397,1578,0.012181,0.34839,2300
532,0.044502,0.06505180923841214,1008,0.042959,0.08944736102149425,1585,0.01703,0.26134,2287
514,0.007146,0.11208988336077409,985,0.008669,0.17725848744970762,1571,0.008412,0.40015,2228
526,0.026259,0.07872188529824783,1014,0.06028,0.0728056174696529,1612,0.053611,0.09518,2299
503,0.001616,0.15016478838205044,981,0.006171,0.19647964118820407,1610,0.049684,0.09661,2287
523,0.019568,0.08629150947747893,989,0.011784,0.1591890450684071,1544,0.00172,0.64544,2266
507,0.002863,0.13547385676804075,963,0.001144,0.29596095314786397,1541,0.001371,0.68676,2288
527,0.028861,0.07630927785866647,1001,0.027857,0.11206137253379161,1569,0.007588,0.40304,2231
526,0.026259,0.07872188529824783,982,0.00671,0.19156813642141995,1531,0.000666,0.76548,2253
534,0.052241,0.0609139459038858,1015,0.063715,0.0702681444955853,1544,0.00172,0.64544,2241
533,0.048258,0.06295740354060068,996,0.019844,0.1304018254689262,1572,0.008891,0.39839,2284
529,0.034503,0.07164685292425027,1003,0.031643,0.1052394915244936,1593,0.0246,0.21777,2285
519,0.01275,0.09717605160425771,972,0.002811,0.2437300834521658,1494,3.6e-05,0.93819,2201
526,0.026259,0.07872188529824783,1010,0.048204,0.08362570274381714,1538,0.001101,0.72452,2290
521,0.015881,0.09161922121937276,1011,0.051058,0.08081874884681862,1559,0.004308,0.50272,2286
515,0.008088,0.10898906461665049,958,0.000679,0.32679388198607784,1499,5e-05,0.9229,2202
517,0.010187,0.10296509556568055,979,0.005218,0.20651131130799644,1594,0.02572,0.18643,2281
526,0.026259,0.07872188529824783,986,0.009392,0.17263202146860682,1589,0.020539,0.22261,2291
530,0.037632,0.06939593476131409,1006,0.038133,0.09554993085534054,1588,0.019605,0.25758,2300
512,0.005586,0.1184704339272214,971,0.002533,0.2493023934405924,1545,0.001831,0.64414,2267
533,0.048258,0.06295740354060068,994,0.017146,0.1382561561189221,1616,0.062132,0.07412,2293
524,0.02167,0.08371250648363103,977,0.004388,0.21681633205714562,1586,0.017872,0.25989,2283
531,0.041003,0.06719778406910008,1006,0.038133,0.09554993085534054,1614,0.057732,0.07535,2291
520,0.014267,0.09436879441500223,969,0.002092,0.2606278450050883,1547,0.002073,0.64148,2234
507,0.002863,0.13547385676804075,959,0.000756,0.3205363547882977,1607,0.044143,0.12065,2284
535,0.056514,0.0589208016905911,1002,0.029719,0.10861396516586448,1599,0.0319,0.15219,2291
528,0.031587,0.07395111427328879,992,0.014832,0.14640728029505454,1551,0.002709,0.5966,2263
527,0.028861,0.07630927785866647,988,0.010923,0.16359693617424872,1504,8e-05,0.90518,2256
524,0.02167,0.08371250648363103,972,0.002811,0.2437300834521658,1525,0.00043,0.80163,2207
527,0.028861,0.07630927785866647,1006,0.038133,0.09554993085534054,1518,0.000247,0.85731,2240
508,0.003275,0.1319524201119132,988,0.010923,0.16359693617424872,1534,0.000821,0.72949,2241
528,0.031587,0.07395111427328879,1012,0.053995,0.07808020250936908,1600,0.033204,0.15109,2277
503,0.001616,0.15016478838205044,974,0.003392,0.2327719264074534,1590,0.021501,0.22131,2272
533,0.048258,0.06295740354060068,1015,0.063715,0.0702681444955853,1590,0.021501,0.22131,2267
535,0.056514,0.0589208016905911,999,0.024403,0.11917618755716608,1564,0.005697,0.45301,2271
494,0.000337,0.18673405706935078,942,0.000107,0.4314649222194688,1538,0.001101,0.72452,2240
512,0.005586,0.1184704339272214,969,0.002092,0.2606278450050883,1585,0.01703,0.26134,2287
521,0.015881,0.09161922121937276,1016,0.067128,0.06779621344538382,1542,0.001472,0.68557,2209
533,0.048258,0.06295740354060068,1016,0.067128,0.06779621344538382,1571,0.008412,0.40015,2293
525,0.02388,0.0811894600154765,992,0.014832,0.14640728029505454,1551,0.002709,0.5966,2288
528,0.031587,0.07395111427328879,998,0.02282,0.12284409201506367,1566,0.006415,0.4501,2283
509,0.00377,0.1284914524482879,965,0.001382,0.28396770626223383,1549,0.002376,0.59962,2276
520,0.014267,0.09436879441500223,1016,0.067128,0.06779621344538382,1549,0.002376,0.59962,2294
524,0.02167,0.08371250648363103,983,0.007318,0.186727058016664,1575,0.010438,0.35256,2282
524,0.02167,0.08371250648363103,1003,0.031643,0.1052394915244936,1576,0.010979,0.35135,2243
517,0.010187,0.10296509556568055,970,0.002319,0.2549353721501601,1508,0.000112,0.90257,2280
529,0.034503,0.07164685292425027,999,0.024403,0.11917618755716608,1584,0.016284,0.26259,2291
524,0.02167,0.08371250648363103,995,0.018428,0.13429188775212894,1563,0.005377,0.49641,2250
514,0.007146,0.11208988336077409,965,0.001382,0.28396770626223383,1580,0.013493,0.30675,2287
510,0.004268,0.1250908756684736,1003,0.031643,0.1052394915244936,1607,0.044143,0.12065,2274
529,0.034503,0.07164685292425027,999,0.024403,0.11917618755716608,1540,0.001266,0.68798,2282
521,0.015881,0.09161922121937276,980,0.005703,0.20146093105263113,1558,0.004082,0.54556,2290
508,0.003275,0.1319524201119132,972,0.002811,0.2437300834521658,1519,0.000276,0.83347,2231
512,0.005586,0.1184704339272214,1008,0.042959,0.08944736102149425,1540,0.001266,0.68798,2267
527,0.028861,0.07630927785866647,1006,0.038133,0.09554993085534054,1572,0.008891,0.39839,2299
512,0.005586,0.1184704339272214,955,0.000481,0.34581323026975197,1530,0.000623,0.76669,2267
527,0.028861,0.07630927785866647,982,0.00671,0.19156813642141995,1617,0.064436,0.07357,2269
525,0.02388,0.0811894600154765,956,0.000556,0.33943400101766535,1578,0.012181,0.34839,2260
521,0.015881,0.09161922121937276,965,0.001382,0.28396770626223383,1512,0.000161,0.88264,2274
524,0.02167,0.08371250648363103,993,0.015952,0.14229463445134527,1594,0.02572,0.18643,2291
528,0.031587,0.07395111427328879,992,0.014832,0.14640728029505454,1591,0.022435,0.22018,2298
532,0.044502,0.06505180923841214,1011,0.051058,0.08081874884681862,1553,0.003059,0.59378,2285
520,0.014267,0.09436879441500223,984,0.007966,0.1819569959217331,1539,0.00118,0.68915,2251
509,0.00377,0.1284914524482879,995,0.018428,0.13429188775212894,1598,0.030566,0.18239,2270
534,0.052241,0.0609139459038858,949,0.000264,0.3848066872939196,1486,1.7e-05,0.96029,2218
493,0.000287,0.19109266493958718,972,0.002811,0.2437300834521658,1582,0.014835,0.30422,2279
518,0.011439,0.10004136818048001,978,0.004839,0.21163004105402708,1551,0.002709,0.5966,2223
521,0.015881,0.09161922121937276,965,0.001382,0.28396770626223383,1576,0.010979,0.35135,2273
529,0.034503,0.07164685292425027,993,0.015952,0.14229463445134527,1615,0.059909,0.07469,2287
511,0.004881,0.12175058188744681,1001,0.027857,0.11206137253379161,1580,0.013493,0.30675,2297
512,0.005586,0.1184704339272214,999,0.024403,0.11917618755716608,1588,0.019605,0.25758,2290
510,0.004268,0.1250908756684736,1013,0.05705,0.07540939284217735,1605,0.040808,0.12226,2247
527,0.028861,0.07630927785866647,1007,0.040545,0.09246325633583473,1585,0.01703,0.26134,2282
523,0.019568,0.08629150947747893,967,0.001722,0.2721863629482276,1594,0.02572,0.18643,2288
525,0.02388,0.0811894600154765,971,0.002533,0.2493023934405924,1528,0.00054,0.79821,2290
508,0.003275,0.1319524201119132,978,0.004839,0.21163004105402708,1584,0.016284,0.26259,2266
516,0.009099,0.10594756054488935,968,0.00189,0.266378594648863,1594,0.02572,0.18643,2296
508,0.003275,0.1319524201119132,1002,0.029719,0.10861396516586448,1564,0.005697,0.45301,2271
532,0.044502,0.06505180923841214,1010,0.048204,0.08362570274381714,1549,0.002376,0.59962,2296
531,0.041003,0.06719778406910008,995,0.018428,0.13429188775212894,1592,0.023531,0.21899,2286
532,0.044502,0.06505180923841214,999,0.024403,0.11917618755716608,1602,0.036068,0.14929,2294
501,0.001176,0.157872837837039,949,0.000264,0.3848066872939196,1527,0.000498,0.79927,2279
514,0.007146,0.11208988336077409,1016,0.067128,0.06779621344538382,1554,0.00322,0.55197,2256
518,0.011439,0.10004136818048001,998,0.02282,0.12284409201506367,1536,0.000971,0.72714,2283
505,0.002143,0.14269829788659802,1007,0.040545,0.09246325633583473,1552,0.002885,0.5952,2274
521,0.015881,0.09161922121937276,977,0.004388,0.21681633205714562,1605,0.040808,0.12226,2282
530,0.037632,0.06939593476131409,992,0.014832,0.14640728029505454,1556,0.003609,0.54886,2253
528,0.031587,0.07395111427328879,980,0.005703,0.20146093105263113,1588,0.019605,0.25758,2285
529,0.034503,0.07164685292425027,954,0.000428,0.3522296143951197,1457,1e-06,0.99218,2174
521,0.015881,0.09161922121937276,996,0.019844,0.1304018254689262,1571,0.008412,0.40015,2263
522,0.017592,0.08892693333344363,1011,0.051058,0.08081874884681862,1608,0.045945,0.1199,2280
510,0.004268,0.1250908756684736,1014,0.06028,0.0728056174696529,1618,0.066798,0.07304,2285
533,0.048258,0.06295740354060068,983,0.007318,0.186727058016664,1565,0.006049,0.45153,2282
531,0.041003,0.06719778406910008,1002,0.029719,0.10861396516586448,1545,0.001831,0.64414,2242
519,0.01275,0.09717605160425771,956,0.000556,0.33943400101766535,1581,0.014124,0.30552,2278
534,0.052241,0.0609139459038858,965,0.001382,0.28396770626223383,1535,0.000895,0.72837,2232
526,0.026259,0.07872188529824783,979,0.005218,0.20651131130799644,1563,0.005377,0.49641,2220
512,0.005586,0.1184704339272214,974,0.003392,0.2327719264074534,1517,0.000227,0.85809,2249
532,0.044502,0.06505180923841214,1005,0.03579,0.09870788939133658,1592,0.023531,0.21899,2264
533,0.048258,0.06295740354060068,1008,0.042959,0.08944736102149425,1588,0.019605,0.25758,2295
519,0.01275,0.09717605160425771,986,0.009392,0.17263202146860682,1542,0.001472,0.68557,2284
521,0.015881,0.09161922121937276,946,0.000178,0.4046831880700783,1563,0.005377,0.49641,2220
521,0.015881,0.09161922121937276,1004,0.033659,0.10193759807570915,1564,0.005697,0.45301,2216
511,0.004881,0.12175058188744681,969,0.002092,0.2606278450050883,1546,0.001944,0.64278,2298
534,0.052241,0.0609139459038858,979,0.005218,0.20651131130799644,1607,0.044143,0.12065,2279
525,0.02388,0.0811894600154765,959,0.000756,0.3205363547882977,1533,0.000768,0.76307,2225
531,0.041003,0.06719778406910008,986,0.009392,0.17263202146860682,1573,0.009359,0.39689,2280
530,0.037632,0.06939593476131409,986,0.009392,0.17263202146860682,1590,0.021501,0.22131,2287
533,0.048258,0.06295740354060068,1006,0.038133,0.09554993085534054,1584,0.016284,0.26259,2247
534,0.052241,0.0609139459038858,981,0.006171,0.19647964118820407,1553,0.003059,0.59378,2260
526,0.026259,0.07872188529824783,1012,0.053995,0.07808020250936908,1567,0.006766,0.44869,2224
524,0.02167,0.08371250648363103,979,0.005218,0.20651131130799644,1572,0.008891,0.39839,2204
524,0.02167,0.08371250648363103,1008,0.042959,0.08944736102149425,1603,0.037519,0.14832,2300
528,0.031587,0.07395111427328879,970,0.002319,0.2549353721501601,1586,0.017872,0.25989,2293
530,0.037632,0.06939593476131409,1005,0.03579,0.09870788939133658,1595,0.026909,0.18542,2278
532,0.044502,0.06505180923841214,978,0.004839,0.21163004105402708,1571,0.008412,0.40015,2278
528,0.031587,0.07395111427328879,996,0.019844,0.1304018254689262,1553,0.003059,0.59378,2285
530,0.037632,0.06939593476131409,989,0.011784,0.1591890450684071,1586,0.017872,0.25989,2275
522,0.017592,0.08892693333344363,934,4e-05,0.48552290192907654,1487,1.8e-05,0.95993,2199
528,0.031587,0.07395111427328879,985,0.008669,0.17725848744970762,1551,0.002709,0.5966,2298
513,0.006334,0.11525026582437176,974,0.003392,0.2327719264074534,1555,0.00341,0.55038,2297
518,0.011439,0.10004136818048001,998,0.02282,0.12284409201506367,1557,0.00386,0.54722,2279
507,0.002863,0.13547385676804075,984,0.007966,0.1819569959217331,1613,0.055648,0.09458,2240
526,0.026259,0.07872188529824783,995,0.018428,0.13429188775212894,1582,0.014835,0.30422,2244
515,0.008088,0.10898906461665049,970,0.002319,0.2549353721501601,1534,0.000821,0.72949,2226
534,0.052241,0.0609139459038858,957,0.000615,0.3330936531441198,1580,0.013493,0.30675,2277
508,0.003275,0.1319524201119132,1010,0.048204,0.08362570274381714,1580,0.013493,0.30675,2297
533,0.048258,0.06295740354060068,1004,0.033659,0.10193759807570915,1569,0.007588,0.40304,2296
531,0.041003,0.06719778406910008,982,0.00671,0.19156813642141995,1511,0.000146,0.88335,2278
518,0.011439,0.10004136818048001,950,0.000294,0.37823128228654707,1546,0.001944,0.64278,2258
526,0.026259,0.07872188529824783,1016,0.067128,0.06779621344538382,1610,0.049684,0.09661,2282
509,0.00377,0.1284914524482879,970,0.002319,0.2549353721501601,1561,0.004774,0.49948,2288
534,0.052241,0.0609139459038858,1004,0.033659,0.10193759807570915,1572,0.008891,0.39839,2299
518,0.011439,0.10004136818048001,994,0.017146,0.1382561561189221,1585,0.01703,0.26134,2292
529,0.034503,0.07164685292425027,998,0.02282,0.12284409201506367,1561,0.004774,0.49948,2268
528,0.031587,0.07395111427328879,982,0.00671,0.19156813642141995,1595,0.026909,0.18542,2252
529,0.034503,0.07164685292425027,993,0.015952,0.14229463445134527,1596,0.028082,0.18432,2293
534,0.052241,0.0609139459038858,1010,0.048204,0.08362570274381714,1597,0.029314,0.18339,2259
500,0.000991,0.16181715370253355,960,0.000843,0.3143227082258305,1553,0.003059,0.59378,2285
508,0.003275,0.1319524201119132,975,0.00369,0.22738818989218357,1589,0.020539,0.22261,2236
523,0.019568,0.08629150947747893,1006,0.038133,0.09554993085534054,1600,0.033204,0.15109,2282
530,0.037632,0.06939593476131409,980,0.005703,0.20146093105263113,1588,0.019605,0.25758,2295
529,0.034503,0.07164685292425027,1006,0.038133,0.09554993085534054,1521,0.000318,0.83168,2298
528,0.031587,0.07395111427328879,978,0.004839,0.21163004105402708,1548,0.002223,0.63986,2270
524,0.02167,0.08371250648363103,1001,0.027857,0.11206137253379161,1563,0.005377,0.49641,2252
508,0.003275,0.1319524201119132,994,0.017146,0.1382561561189221,1593,0.0246,0.21777,2300
534,0.052241,0.0609139459038858,980,0.005703,0.20146093105263113,1607,0.044143,0.12065,2299
517,0.010187,0.10296509556568055,1009,0.045482,0.08650170261383684,1614,0.057732,0.07535,2295
518,0.011439,0.10004136818048001,996,0.019844,0.1304018254689262,1553,0.003059,0.59378,2300
524,0.02167,0.08371250648363103,988,0.010923,0.16359693617424872,1562,0.005052,0.49791,2249
507,0.002863,0.13547385676804075,964,0.001244,0.2899385501920277,1522,0.000347,0.8308,2294
526,0.026259,0.07872188529824783,952,0.000352,0.36516680772409843,1583,0.015542,0.30283,2290
516,0.009099,0.10594756054488935,958,0.000679,0.32679388198607784,1511,0.000146,0.88335,2208
523,0.019568,0.08629150947747893,1007,0.040545,0.09246325633583473,1596,0.028082,0.18432,2283
526,0.026259,0.07872188529824783,985,0.008669,0.17725848744970762,1537,0.001032,0.72583,2259
519,0.01275,0.09717605160425771,989,0.011784,0.1591890450684071,1568,0.007169,0.44727,2245
535,0.056514,0.0589208016905911,995,0.018428,0.13429188775212894,1560,0.004523,0.50116,2252
526,0.026259,0.07872188529824783,998,0.02282,0.12284409201506367,1563,0.005377,0.49641,2215
505,0.002143,0.14269829788659802,988,0.010923,0.16359693617424872,1561,0.004774,0.49948,2278
524,0.02167,0.08371250648363103,961,0.000944,0.30815454978779394,1577,0.011537,0.34986,2299
519,0.01275,0.09717605160425771,992,0.014832,0.14640728029505454,1574,0.009869,0.35407,2226
508,0.003275,0.1319524201119132,969,0.002092,0.2606278450050883,1550,0.002533,0.59829,2262
518,0.011439,0.10004136818048001,1007,0.040545,0.09246325633583473,1576,0.010979,0.35135,2248
532,0.044502,0.06505180923841214,1016,0.067128,0.06779621344538382,1572,0.008891,0.39839,2279
533,0.048258,0.06295740354060068,991,0.013703,0.15059400098504225,1583,0.015542,0.30283,2285
524,0.02167,0.08371250648363103,988,0.010923,0.16359693617424872,1561,0.004774,0.49948,2283
530,0.037632,0.06939593476131409,1001,0.027857,0.11206137253379161,1549,0.002376,0.59962,2271
515,0.008088,0.10898906461665049,978,0.004839,0.21163004105402708,1570,0.008002,0.40158,2267
519,0.01275,0.09717605160425771,974,0.003392,0.2327719264074534,1574,0.009869,0.35407,2256
523,0.019568,0.08629150947747893,997,0.02129,0.12658592461451013,1553,0.003059,0.59378,2280
512,0.005586,0.1184704339272214,996,0.019844,0.1304018254689262,1551,0.002709,0.5966,2291
518,0.011439,0.10004136818048001,993,0.015952,0.14229463445134527,1563,0.005377,0.49641,2270
527,0.028861,0.07630927785866647,972,0.002811,0.2437300834521658,1559,0.004308,0.50272,2291
518,0.011439,0.10004136818048001,993,0.015952,0.14229463445134527,1575,0.010438,0.35256,2274
513,0.006334,0.11525026582437176,985,0.008669,0.17725848744970762,1538,0.001101,0.72452,2290
520,0.014267,0.09436879441500223,961,0.000944,0.30815454978779394,1561,0.004774,0.49948,2288
528,0.031587,0.07395111427328879,999,0.024403,0.11917618755716608,1581,0.014124,0.30552,2278
525,0.02388,0.0811894600154765,992,0.014832,0.14640728029505454,1539,0.00118,0.68915,2231
523,0.019568,0.08629150947747893,972,0.002811,0.2437300834521658,1542,0.001472,0.68557,2264
533,0.048258,0.06295740354060068,990,0.012741,0.1548546539760021,1555,0.00341,0.55038,2287
520,0.014267,0.09436879441500223,978,0.004839,0.21163004105402708,1534,0.000821,0.72949,2276
524,0.02167,0.08371250648363103,987,0.010134,0.16807804111208538,1570,0.008002,0.40158,2272
516,0.009099,0.10594756054488935,988,0.010923,0.16359693617424872,1547,0.002073,0.64148,2204
527,0.028861,0.07630927785866647,980,0.005703,0.20146093105263113,1596,0.028082,0.18432,2278
523,0.019568,0.08629150947747893,1016,0.067128,0.06779621344538382,1596,0.028082,0.18432,2268
489,0.000122,0.20910073511053187,935,4.4e-05,0.47875459718242586,1536,0.000971,0.72714,2186
521,0.015881,0.09161922121937276,984,0.007966,0.1819569959217331,1564,0.005697,0.45301,2221
511,0.004881,0.12175058188744681,984,0.007966,0.1819569959217331,1528,0.00054,0.79821,2210
532,0.044502,0.06505180923841214,996,0.019844,0.1304018254689262,1595,0.026909,0.18542,2287
533,0.048258,0.06295740354060068,964,0.001244,0.2899385501920277,1615,0.059909,0.07469,2282
521,0.015881,0.09161922121937276,983,0.007318,0.186727058016664,1584,0.016284,0.26259,2271
510,0.004268,0.1250908756684736,974,0.003392,0.2327719264074534,1548,0.002223,0.63986,2265
529,0.034503,0.07164685292425027,977,0.004388,0.21681633205714562,1563,0.005377,0.49641,2285
514,0.007146,0.11208988336077409,981,0.006171,0.19647964118820407,1570,0.008002,0.40158,2237
516,0.009099,0.10594756054488935,997,0.02129,0.12658592461451013,1541,0.001371,0.68676,2273
522,0.017592,0.08892693333344363,996,0.019844,0.1304018254689262,1602,0.036068,0.14929,2269
504,0.001879,0.1464013056895814,982,0.00671,0.19156813642141995,1579,0.012812,0.30817,2226
518,0.011439,0.10004136818048001,989,0.011784,0.1591890450684071,1593,0.0246,0.21777,2281
531,0.041003,0.06719778406910008,1006,0.038133,0.09554993085534054,1608,0.045945,0.1199,2280
521,0.015881,0.09161922121937276,977,0.004388,0.21681633205714562,1593,0.0246,0.21777,2245
522,0.017592,0.08892693333344363,1005,0.03579,0.09870788939133658,1612,0.053611,0.09518,2299
521,0.015881,0.09161922121937276,993,0.015952,0.14229463445134527,1562,0.005052,0.49791,2264
527,0.028861,0.07630927785866647,989,0.011784,0.1591890450684071,1604,0.039127,0.12314,2296
533,0.048258,0.06295740354060068,948,0.000231,0.3914083937021998,1515,0.000198,0.85989,2262
509,0.00377,0.1284914524482879,997,0.02129,0.12658592461451013,1568,0.007169,0.44727,2280
521,0.015881,0.09161922121937276,991,0.013703,0.15059400098504225,1573,0.009359,0.39689,2255
534,0.052241,0.0609139459038858,1001,0.027857,0.11206137253379161,1598,0.030566,0.18239,2290
522,0.017592,0.08892693333344363,999,0.024403,0.11917618755716608,1558,0.004082,0.54556,2300
526,0.026259,0.07872188529824783,1013,0.05705,0.07540939284217735,1559,0.004308,0.50272,2246
527,0.028861,0.07630927785866647,995,0.018428,0.13429188775212894,1549,0.002376,0.59962,2256
535,0.056514,0.0589208016905911,1011,0.051058,0.08081874884681862,1534,0.000821,0.72949,2251
504,0.001879,0.1464013056895814,1008,0.042959,0.08944736102149425,1598,0.030566,0.18239,2290
528,0.031587,0.07395111427328879,998,0.02282,0.12284409201506367,1562,0.005052,0.49791,2289
506,0.002501,0.13905581029067357,994,0.017146,0.1382561561189221,1578,0.012181,0.34839,2245
514,0.007146,0.11208988336077409,966,0.001548,0.27804984797236265,1531,0.000666,0.76548,2278
534,0.052241,0.0609139459038858,1005,0.03579,0.09870788939133658,1552,0.002885,0.5952,2279
535,0.056514,0.0589208016905911,978,0.004839,0.21163004105402708,1472,6e-06,0.98141,2209
511,0.004881,0.12175058188744681,994,0.017146,0.1382561561189221,1556,0.003609,0.54886,2273
526,0.026259,0.07872188529824783,985,0.008669,0.17725848744970762,1554,0.00322,0.55197,2291
506,0.002501,0.13905581029067357,952,0.000352,0.36516680772409843,1531,0.000666,0.76548,2253
525,0.02388,0.0811894600154765,998,0.02282,0.12284409201506367,1534,0.000821,0.72949,2276
503,0.001616,0.15016478838205044,944,0.00014,0.41804049157208395,1579,0.012812,0.30817,2271
503,0.001616,0.15016478838205044,964,0.001244,0.2899385501920277,1563,0.005377,0.49641,2250
518,0.011439,0.10004136818048001,965,0.001382,0.28396770626223383,1536,0.000971,0.72714,2263
516,0.009099,0.10594756054488935,1010,0.048204,0.08362570274381714,1589,0.020539,0.22261,2276
520,0.014267,0.09436879441500223,976,0.004013,0.22206934473661805,1600,0.033204,0.15109,2272
517,0.010187,0.10296509556568055,987,0.010134,0.16807804111208538,1552,0.002885,0.5952,2254
505,0.002143,0.14269829788659802,977,0.004388,0.21681633205714562,1566,0.006415,0.4501,2238
533,0.048258,0.06295740354060068,986,0.009392,0.17263202146860682,1588,0.019605,0.25758,2290
523,0.019568,0.08629150947747893,1016,0.067128,0.06779621344538382,1570,0.008002,0.40158,2282
508,0.003275,0.1319524201119132,969,0.002092,0.2606278450050883,1592,0.023531,0.21899,2279
526,0.026259,0.07872188529824783,968,0.00189,0.266378594648863,1502,6.5e-05,0.9212,2159
528,0.031587,0.07395111427328879,1008,0.042959,0.08944736102149425,1610,0.049684,0.09661,2292
534,0.052241,0.0609139459038858,1016,0.067128,0.06779621344538382,1581,0.014124,0.30552,2293
511,0.004881,0.12175058188744681,999,0.024403,0.11917618755716608,1580,0.013493,0.30675,2247
534,0.052241,0.0609139459038858,1012,0.053995,0.07808020250936908,1569,0.007588,0.40304,2296
529,0.034503,0.07164685292425027,1010,0.048204,0.08362570274381714,1606,0.042451,0.12152,2278
525,0.02388,0.0811894600154765,999,0.024403,0.11917618755716608,1562,0.005052,0.49791,2239
522,0.017592,0.08892693333344363,1014,0.06028,0.0728056174696529,1566,0.006415,0.4501,2260
530,0.037632,0.06939593476131409,1002,0.029719,0.10861396516586448,1512,0.000161,0.88264,2264
502,0.001373,0.15398866884503148,970,0.002319,0.2549353721501601,1573,0.009359,0.39689,2285
502,0.001373,0.15398866884503148,984,0.007966,0.1819569959217331,1523,0.000381,0.82997,2240
533,0.048258,0.06295740354060068,979,0.005218,0.20651131130799644,1545,0.001831,0.64414,2257
531,0.041003,0.06719778406910008,1016,0.067128,0.06779621344538382,1604,0.039127,0.12314,2273
511,0.004881,0.12175058188744681,1014,0.06028,0.0728056174696529,1582,0.014835,0.30422,2294
518,0.011439,0.10004136818048001,977,0.004388,0.21681633205714562,1523,0.000381,0.82997,2247
